date,hash_rate_ths,tx_count_24h,mempool_count,mempool_size_bytes
2021-07-22,103989257.2192314,230282.0,6495.5,2655448.5
2021-07-23,91755226.95814537,231130.0,2247.0,841772.5
2021-07-24,104668925.56706952,198091.0,8420.5,3829839.5
2021-07-25,103989257.2192314,174535.0,,
2021-07-26,101950252.17571706,261950.0,2436.5,1046893.5
2021-07-27,115543619.13247934,255221.0,1405.5,1181226.0
2021-07-28,106707930.61058386,251223.0,3778.5,2469345.5
2021-07-29,108746935.65409821,262612.0,3499.0,2806263.0
2021-07-30,112824945.7411269,255417.0,3742.0,1879987.5
2021-07-31,112465862.12588961,207348.0,,
2021-08-01,110975800.79118258,185157.0,1413.0,534054.5
2021-08-02,103048957.87752669,239277.0,2641.5,9331561.5
2021-08-03,121785132.03707698,246198.0,2231.5,1877367.5
2021-08-04,98004603.29610927,239596.0,10421.5,7123684.5
2021-08-05,115299533.28954034,246175.0,,
2021-08-06,114578911.20648071,260810.0,610.0,233395.5
2021-08-07,120343887.87095772,212229.0,734.5,432969.0
2021-08-08,113858289.12342106,191623.0,3854.5,1893425.5
2021-08-09,109534556.62506332,252660.0,4451.0,2362507.0
2021-08-10,118902643.70483847,260968.0,1759.5,642647.0
2021-08-11,105931446.20976518,262437.0,,
2021-08-12,108813934.5420037,250961.0,969.0,443550.5
2021-08-13,108175319.62792763,260624.0,1338.5,1116907.0
2021-08-14,126820808.5468918,209074.0,3952.5,1819918.5
2021-08-15,140740165.58252627,186239.0,997.5,706675.5
2021-08-16,124500915.70761941,263529.0,3047.0,12197941.0
2021-08-17,133007189.45161822,257766.0,,
2021-08-18,104395177.76725851,247333.0,1084.5,464801.5
2021-08-19,119087832.41598378,253447.0,949.5,422720.0
2021-08-20,123727618.0945286,271837.0,9674.0,4073837.0
2021-08-21,131460594.22543663,219407.0,2032.5,688178.0
2021-08-22,126820808.5468918,190631.0,,
2021-08-23,152339629.77888831,270736.0,341.5,242499.5
2021-08-24,119087832.41598378,263984.0,616.5,259724.5
2021-08-25,130687447.2547367,263009.0,1289.0,484572.0
2021-08-26,127844614.11993943,258590.0,2560.5,832632.5
2021-08-27,127844614.11993943,256813.0,1156.5,443094.0
2021-08-28,123466373.91035247,218268.0,,
2021-08-29,136601094.53911337,191650.0,470.0,2555491.0
2021-08-30,118212485.65884812,250955.0,3803.5,3294747.5
2021-08-31,126093318.03610466,271163.0,8971.0,4821054.0
2021-09-01,119963781.7426829,280865.0,21487.5,13890801.5
2021-09-02,130471558.24569161,289900.0,,
2021-09-03,129595910.20377423,283991.0,5384.5,4040405.5
2021-09-04,135725446.49719596,227732.0,901.0,286693.5
2021-09-05,143606278.8744525,205066.0,1646.5,546281.0
2021-09-06,150611463.20979166,268877.0,7793.0,6360101.0
2021-09-07,133974150.41336119,276624.0,13098.5,8326285.5
2021-09-08,129910433.67934506,270483.0,,
2021-09-09,125412870.36132078,274384.0,1173.5,408504.5
2021-09-10,124497447.94992428,261371.0,2725.0,1855879.0
2021-09-11,135482516.8866823,218445.0,6641.5,3203550.0
2021-09-12,134567094.4752858,192691.0,5149.5,2015873.0
2021-09-13,145552163.4120438,255970.0,,
2021-09-14,153790965.11461234,268127.0,304.0,147030.5
2021-09-15,129989982.41830327,268957.0,2011.5,965048.5
2021-09-16,124497447.94992428,271223.0,2914.5,7886194.0
2021-09-17,134567094.4752858,271040.0,11546.0,5284086.0
2021-09-18,141890473.7664578,227661.0,1374.5,823607.5
2021-09-19,146467585.8234403,200516.0,,
2021-09-20,150129275.4690263,270233.0,1777.5,825344.5
2021-09-21,113928907.44351819,244568.0,7297.0,3638239.0
2021-09-22,126546633.84005067,275235.0,5728.5,2106878.5
2021-09-23,155822347.6388684,268689.0,5037.5,2157090.5
2021-09-24,139767923.94274256,277565.0,501.5,240183.0
2021-09-25,135990412.4848306,212575.0,,
2021-09-26,131268523.16244063,195560.0,395.0,212482.0
2021-09-27,146378568.99408844,255873.0,3072.5,2076766.5
2021-09-28,143545435.4006545,262292.0,554.0,244910.0
2021-09-29,122769122.38213871,241991.0,7068.0,20193608.0
2021-09-30,161488614.82573634,293074.0,,
2021-10-01,132212901.02691859,277042.0,466.5,223694.5
2021-10-02,177543038.52186212,259961.0,651.0,259057.5
2021-10-03,141656679.6716985,218112.0,1286.5,452161.5
2021-10-04,147411968.39584854,268955.0,948.0,386835.0
2021-10-05,162177735.83152118,312538.0,2214.0,2512245.0
2021-10-06,129544410.9385932,267749.0,,
2021-10-07,139433297.2697835,325875.0,37275.5,22386470.0
2021-10-08,118666635.97428384,280028.0,7212.5,5952546.0
2021-10-09,148333294.9678548,246189.0,1506.0,533464.5
2021-10-10,157233292.66592607,211506.0,854.5,556642.5
2021-10-11,144377740.43537864,280184.0,,
2021-10-12,132511076.83795026,274155.0,2099.0,3307101.0
2021-10-13,167122178.99711636,288916.0,3373.5,1380309.0
2021-10-14,135477742.7373074,282383.0,927.5,1524249.0
2021-10-15,139433297.2697835,297746.0,14414.5,6206954.0
2021-10-16,131522188.20483124,270052.0,884.0,562930.5
2021-10-17,158222181.29904512,215883.0,,
2021-10-18,146534419.32302314,285368.0,2537.0,1075711.0
2021-10-19,154737198.72913387,312018.0,6420.0,3219315.0
2021-10-20,148747371.68155453,291813.0,16857.5,10594014.0
2021-10-21,147749067.17362463,320743.0,7509.0,7441145.5
2021-10-22,157732112.25292358,287550.0,,
2021-10-23,144754153.64983496,223941.0,1196.5,456120.5
2021-10-24,152740589.71327412,211220.0,2796.0,1595099.5
2021-10-25,181691420.4432411,284680.0,656.0,222289.0
2021-10-26,149745676.18948442,294029.0,8159.5,7747380.0
2021-10-27,156733807.7449937,292114.0,1904.5,660152.5
2021-10-28,152740589.71327412,295558.0,,
2021-10-29,170710070.85601225,305733.0,751.5,303353.5
2021-10-30,154737198.72913387,252061.0,578.0,316603.5
2021-10-31,140175299.14944655,217435.0,5216.0,6640644.5
2021-11-01,159350397.00608382,293282.0,6514.0,10148436.0
2021-11-02,170117315.72271112,297402.0,736.0,791007.5
2021-11-03,173347391.33769932,288746.0,,
2021-11-04,153966937.6477702,289141.0,2356.5,893636.0
2021-11-05,166887240.1077229,285946.0,7317.0,6658412.5
2021-11-06,165810548.2360602,236233.0,4024.0,1828896.0
2021-11-07,164733856.36439747,226128.0,935.5,5534756.0
2021-11-08,145353402.67446837,285806.0,,
2021-11-09,163657164.49273473,335411.0,24160.5,26603773.5
2021-11-10,160427088.87774655,301025.0,1275.0,1134242.0
2021-11-11,170117315.72271112,293665.0,1120.5,380297.5
2021-11-12,152890245.77610743,282049.0,15817.5,6282967.5
2021-11-13,164733856.36439747,238634.0,728.0,301451.5
2021-11-14,175094161.92837763,224016.0,,
2021-11-15,170197841.36837798,288435.0,1023.5,483017.0
2021-11-16,169070703.34607086,301103.0,2912.5,1380991.0
2021-11-17,167943565.3237637,290390.0,8866.5,7618811.5
2021-11-18,162307875.21222803,293867.0,8866.0,5258906.0
2021-11-19,154417909.05607805,284719.0,,
2021-11-20,163435013.23453516,249652.0,8031.5,3988348.0
2021-11-21,148782218.94454235,222949.0,850.0,302141.0
2021-11-22,158926461.1453066,279165.0,1530.0,571128.0
2021-11-23,148782218.94454235,283401.0,10295.5,3398024.5
2021-11-24,176960669.50222084,298909.0,15056.0,6154140.0
2021-11-25,146527942.89992806,287496.0,,
2021-11-26,148782218.94454235,292645.0,9050.5,7853255.5
2021-11-27,161180737.1899209,240759.0,833.0,296583.5
2021-11-28,155225116.619112,213768.0,2796.0,5457903.0
2021-11-29,158774565.17985132,301297.0,1199.0,590489.0
2021-11-30,148781760.37832215,293876.0,,
2021-12-01,152112695.31216523,288422.0,14190.5,13608869.0
2021-12-02,172098304.91522342,313261.0,7949.5,11487490.5
2021-12-03,186532356.29520994,290139.0,9147.5,3801794.0
2021-12-04,172098304.91522342,253674.0,5136.0,2093544.5
2021-12-05,184311733.00598127,215213.0,2605.0,868507.0
2021-12-06,190973602.87366727,284467.0,,
2021-12-07,170987993.2706091,288343.0,1596.0,1569632.0
2021-12-08,186532356.29520994,266110.0,821.0,325583.5
2021-12-09,180980798.07213816,282775.0,9625.5,10585647.5
2021-12-10,173208616.55983782,271375.0,8207.0,3382551.0
2021-12-11,176161777.07292455,225733.0,1450.5,558888.5
2021-12-12,168385593.54016247,214808.0,,
2021-12-13,169588347.7797351,278211.0,734.0,325897.5
2021-12-14,178007627.4567432,278275.0,3579.0,1407208.5
2021-12-15,169588347.7797351,281103.0,4711.0,1676614.0
2021-12-16,138316737.55084777,256206.0,19584.0,8165423.5
2021-12-17,179210381.69631582,263495.0,,
2021-12-18,153952542.66529143,239170.0,24133.0,17809009.5
2021-12-19,179210381.69631582,206719.0,1008.5,345248.0
2021-12-20,173196610.49845287,266947.0,7346.0,2908288.0
2021-12-21,193643432.5711869,304713.0,3056.0,1009580.5
2021-12-22,178007627.4567432,288495.0,2455.0,829859.0
2021-12-23,182818644.41503358,291799.0,,
2021-12-24,181615890.175461,260565.0,7621.0,3439989.0
2021-12-25,177149566.7855162,207803.0,6336.5,8710709.0
2021-12-26,161682278.52670813,198574.0,5600.5,2706162.0
2021-12-27,178574456.88024485,249548.0,25306.5,22780111.5
2021-12-28,161682278.52670813,265422.0,,
2021-12-29,174954704.37591556,276083.0,7817.0,15449627.0
2021-12-30,143583516.00506175,245021.0,638.5,3028312.0
2021-12-31,179781041.0483546,269540.0,2481.0,8578817.5
2022-01-01,207532476.9148791,186834.0,3634.0,1571953.0
2022-01-02,190640298.56134245,196865.0,8421.0,3414221.0
2022-01-03,168921783.5353667,234793.0,,
2022-01-04,177367872.71213505,274544.0,5209.0,3011238.0
2022-01-05,180987625.21646434,272155.0,4284.0,1853812.0
2022-01-06,176161288.5440253,264899.0,3753.0,2555675.5
2022-01-07,168921783.5353667,255381.0,3709.0,8952197.5
2022-01-08,174242949.24269608,223920.0,,
2022-01-09,170826076.6426718,210143.0,1092.0,646946.5
2022-01-10,172037609.10113046,266743.0,1092.0,379453.5
2022-01-11,191422128.4364691,277698.0,3792.0,2182128.0
2022-01-12,168403011.72575447,271933.0,5791.0,3418418.5
2022-01-13,216864310.0641011,274515.0,1199.0,448432.5
2022-01-14,192633660.89492777,270882.0,,
2022-01-15,201114388.10413846,234373.0,1258.5,566593.5
2022-01-16,212018180.23026645,216151.0,1287.5,1025377.5
2022-01-17,195056725.81184512,258141.0,2092.5,7753244.5
2022-01-18,164768414.35037845,265057.0,11095.0,7352548.5
2022-01-19,209595115.3133491,270334.0,2166.5,1621245.5
2022-01-20,204748985.47951442,271265.0,,
2022-01-21,175442615.30802113,272348.0,2897.5,2818802.5
2022-01-22,177474949.66786668,250294.0,3159.5,1289002.0
2022-01-23,186746029.1281284,203986.0,553.5,211256.0
2022-01-24,198665988.43417916,270712.0,20057.0,9607145.5
2022-01-25,201314868.2799682,265128.0,,
2022-01-26,172177189.9762886,261070.0,1475.5,762424.0
2022-01-27,173501629.89918315,255925.0,1201.0,588119.5
2022-01-28,203963748.12575728,264609.0,953.5,318731.0
2022-01-29,197341548.51128462,231038.0,9555.5,5285549.0
2022-01-30,193368228.74260104,207173.0,6658.5,13031416.5
2022-01-31,189394908.97391748,263410.0,,
2022-02-01,203963748.12575728,272984.0,2949.0,3107188.0
2022-02-02,202639308.20286274,278985.0,1453.5,456630.0
2022-02-03,194692668.66549554,265344.0,2028.0,1243643.0
2022-02-04,172445464.54596007,247946.0,39296.5,35080530.0
2022-02-05,157888391.82261464,258646.0,,
2022-02-06,206979740.54057044,219196.0,3291.0,10917865.0
2022-02-07,180443876.3687024,262034.0,1169.0,514065.5
2022-02-08,204326154.12338364,276850.0,2338.5,739601.5
2022-02-09,185751049.20307598,265804.0,6184.0,13439168.5
2022-02-10,195038601.66322982,260813.0,5269.5,19629598.0
2022-02-11,188404635.6202628,258595.0,,
2022-02-12,248110330.00696588,228189.0,6341.5,64558644.5
2022-02-13,209633326.9577572,208977.0,1129.0,410407.5
2022-02-14,202999360.9147902,247592.0,1981.5,1760734.5
2022-02-15,232188811.50384504,273623.0,1541.0,850706.0
2022-02-16,206979740.54057044,266788.0,,
2022-02-17,213256529.5453799,255573.0,3447.5,2576390.0
2022-02-18,186294128.8834766,261055.0,3050.5,1094945.0
2022-02-19,207147949.28088072,220673.0,4707.5,1498139.0
2022-02-20,200196675.81507933,200535.0,1026.0,676778.0
2022-02-21,171001327.25871363,237402.0,7379.0,7230479.5
2022-02-22,211318713.36036152,260265.0,,
2022-02-23,208538203.974041,251275.0,857.5,363535.0
2022-02-24,183513619.49715608,254139.0,5457.0,3233950.0
2022-02-25,186294128.8834766,260340.0,1039.5,492396.0
2022-02-26,173781836.64503416,220423.0,4505.5,2276818.0
2022-02-27,189074638.26979718,211164.0,870.5,303259.0
2022-02-28,214099222.7466821,270918.0,,
2022-03-01,225221260.29196426,280634.0,737.5,302657.5
2022-03-02,189074638.26979718,288657.0,6771.5,7923587.0
2022-03-03,204908164.05639085,268244.0,4352.5,1656233.0
2022-03-04,190365286.64550212,262101.0,13120.5,8653394.0
2022-03-05,168452735.66472492,225321.0,,
2022-03-06,179409011.15511352,207116.0,1827.0,1059494.0
2022-03-07,202691096.5721893,255441.0,2787.0,1737435.5
2022-03-08,202691096.5721893,255771.0,2802.5,943940.5
2022-03-09,188995752.20920354,272805.0,16999.0,13966143.5
2022-03-10,198582493.2632936,261553.0,5572.5,2734148.5
2022-03-11,188995752.20920354,252383.0,,
2022-03-12,213647372.0625779,225148.0,845.5,375264.0
2022-03-13,206799699.88108504,208092.0,546.0,201027.5
2022-03-14,209538768.75368217,259592.0,2419.0,2313392.5
2022-03-15,190365286.64550212,263178.0,5831.5,4373943.5
2022-03-16,212277837.6262793,276390.0,,
2022-03-17,217523034.50856918,278800.0,3982.5,2098737.5
2022-03-18,195149454.73662692,261318.0,1362.5,956078.0
2022-03-19,211525632.75648364,242424.0,3823.0,1103528.5
2022-03-20,210160951.25482893,210547.0,968.0,363042.0
2022-03-21,208796269.7531742,259912.0,2623.5,2259715.0
2022-03-22,203337543.74655527,264569.0,,
2022-03-23,197878817.73993632,264182.0,4819.0,2353493.0
2022-03-24,195149454.73662692,262987.0,1121.5,503113.5
2022-03-25,212890314.25813842,290719.0,7825.0,4479454.0
2022-03-26,219713721.76641208,231031.0,1755.5,602756.5
2022-03-27,178773276.7167701,218202.0,,
2022-03-28,216984358.7631026,293304.0,1560.5,1010026.5
2022-03-29,206066906.74986473,286940.0,487.0,173660.5
2022-03-30,184232002.723389,272864.0,2795.0,2515323.5
2022-03-31,194247387.85170582,279210.0,21648.0,11761976.5
2022-04-01,200371606.28467658,284105.0,11995.0,9230880.5
2022-04-02,191845154.95341378,254442.0,,
2022-04-03,197529455.84092233,225564.0,1038.5,420105.5
2022-04-04,224529885.05658796,275106.0,438.5,288381.0
2022-04-05,206055907.17218518,273430.0,8623.5,5521462.5
2022-04-06,213161283.28157085,273640.0,4939.0,2581849.5
2022-04-07,196108380.6190452,269404.0,2812.0,2478984.0
2022-04-08,190424079.73153663,266805.0,,
2022-04-09,217424508.94720227,232792.0,2650.5,1744954.5
2022-04-10,198950531.06279945,216446.0,7188.0,2797223.0
2022-04-11,194687305.39716807,276623.0,6981.0,3616371.0
2022-04-12,217424508.94720227,278839.0,3435.5,2195025.0
2022-04-13,198950531.06279945,276968.0,,
2022-04-14,194492275.55499536,265537.0,2581.5,1268876.5
2022-04-15,221692722.83303383,254831.0,869.0,301831.5
2022-04-16,188017878.85839576,225486.0,4688.5,1915916.0
2022-04-17,231514552.3256366,207324.0,1595.0,503312.0
2022-04-18,188017878.85839576,246421.0,1541.0,622880.5
2022-04-19,173986693.86896327,273168.0,,
2022-04-20,224498959.83092037,285655.0,615.5,210728.0
2022-04-21,237127026.3214096,282438.0,1455.0,457061.0
2022-04-22,189420997.35733905,260930.0,9239.5,5437754.0
2022-04-23,228708315.3277501,234978.0,2412.0,1387761.0
2022-04-24,239933263.31929615,221992.0,,
2022-04-25,227305196.82880685,277417.0,2165.5,1027991.0
2022-04-26,196436589.85205528,273297.0,395.5,132919.5
2022-04-27,243130347.43116814,287105.0,634.5,202002.0
2022-04-28,195503620.58301136,275765.0,12341.0,9453987.5
2022-04-29,222163205.20796743,286563.0,9906.5,8101769.0
2022-04-30,222163205.20796743,261630.0,,
2022-05-01,247341701.7982037,232322.0,2958.0,2114043.5
2022-05-02,236974085.55516526,272206.0,1523.0,835777.5
2022-05-03,222163205.20796743,277895.0,1000.5,425693.0
2022-05-04,216238853.06908828,233045.0,41076.5,40488715.0
2022-05-05,232530821.4510059,315759.0,,
2022-05-06,210314500.93020916,286887.0,3340.0,6641738.5
2022-05-07,211795588.96492898,231623.0,460.0,174686.0
2022-05-08,229568645.3815663,233892.0,993.0,372395.0
2022-05-09,229568645.3815663,279511.0,18359.0,10970795.5
2022-05-10,226823707.2333046,279658.0,,
2022-05-11,225257597.8912952,262683.0,1585.0,1195859.5
2022-05-12,209722591.14017138,274204.0,41523.5,103236104.0
2022-05-13,236132102.61708185,269880.0,59467.0,102238518.5
2022-05-14,219043595.19084564,290225.0,28793.0,80555477.0
2022-05-15,189527082.3637104,235433.0,11684.5,61638460.5
2022-05-16,254774110.71843037,272134.0,,
2022-05-17,228364599.24151993,278496.0,2891.5,16102504.0
2022-05-18,208169090.46505895,262907.0,1441.0,897987.0
2022-05-19,189527082.3637104,262479.0,4668.5,10208048.5
2022-05-20,198848086.4143847,267034.0,13860.0,7898152.0
2022-05-21,209722591.14017138,225225.0,1202.5,780056.0
2022-05-22,189527082.3637104,209047.0,,
2022-05-23,248560108.0179809,265106.0,1293.5,3930633.5
2022-05-24,186420081.01348567,235866.0,1111.0,378311.0
2022-05-25,219801139.27751222,288842.0,1180.0,584391.0
2022-05-26,209555369.85718095,262367.0,8015.5,4358416.5
2022-05-27,205096744.96660265,270453.0,,
2022-05-28,219958827.93519703,226794.0,685.5,259313.0
2022-05-29,221445036.23205647,207859.0,683.5,285648.5
2022-05-30,228876077.71635368,271819.0,5145.5,3023234.5
2022-05-31,216986411.34147817,276273.0,19745.0,8606140.0
2022-06-01,202124328.37288374,272165.0,10596.5,8679232.0
2022-06-02,185776037.10742992,264901.0,,
2022-06-03,212527786.45089987,267517.0,848.0,315855.0
2022-06-04,206582953.2634621,218629.0,1072.0,430224.0
2022-06-05,216986411.34147817,201341.0,988.5,347049.5
2022-06-06,222931244.5289159,268921.0,8916.5,5244141.0
2022-06-07,240765744.0912292,263641.0,,
2022-06-08,266405768.7361438,261597.0,300.0,90643.0
2022-06-09,219787040.37955952,262105.0,2681.0,2396795.0
2022-06-10,221292431.06709072,261856.0,1828.5,639446.5
2022-06-11,231830165.87980935,230002.0,6310.0,2348332.0
2022-06-12,191184617.31646615,215473.0,965.0,302668.5
2022-06-13,200216961.44165352,272503.0,,
2022-06-14,219787040.37955952,283231.0,13788.0,21263696.5
2022-06-15,248389463.44265285,296312.0,3178.5,1903036.0
2022-06-16,179141491.81621632,251253.0,18449.5,9984004.0
2022-06-17,162582194.2533728,251574.0,12734.5,8010757.0
2022-06-18,234840947.25487182,247890.0,,
2022-06-19,200216961.44165352,199777.0,438.0,394138.0
2022-06-20,198711570.75412232,236636.0,1037.0,426593.0
2022-06-21,225808603.12968442,254438.0,1057.5,368650.0
2022-06-22,193273708.26929793,255472.0,3874.5,3024027.0
2022-06-23,223431040.49785998,255213.0,4730.5,1786328.5
2022-06-24,189622396.21199957,254348.0,,
2022-06-25,221961099.44195303,218017.0,599.0,233010.0
2022-06-26,202851865.7151624,206755.0,6736.0,22035008.0
2022-06-27,199911983.60334843,258883.0,10068.0,17433732.5
2022-06-28,214611394.16241816,248080.0,5639.5,8084574.5
2022-06-29,221961099.44195303,265079.0,2022.5,1460982.0
2022-06-30,251359920.5600925,271213.0,,
2022-07-01,196972101.49153444,271874.0,888.5,333974.0
2022-07-02,202851865.7151624,235096.0,2924.0,1195609.5
2022-07-03,227840863.6655809,206333.0,831.0,332921.0
2022-07-04,210201570.99469727,240385.0,4801.5,2605357.5
2022-07-05,173453044.59702292,245829.0,,
2022-07-06,186682514.1001857,267118.0,1764.5,1869386.5
2022-07-07,227544125.37384427,281435.0,487.0,256173.0
2022-07-08,214480636.40419686,268331.0,2388.0,1975955.5
2022-07-09,194191927.5551512,220708.0,14702.0,7215543.5
2022-07-10,221726603.8502846,199369.0,5336.0,3046814.0
2022-07-11,178250799.1737582,229482.0,,
2022-07-12,218828216.87184954,275378.0,1491.5,540134.5
2022-07-13,159411283.8139301,222657.0,2069.5,623419.0
2022-07-14,179699992.6629758,286894.0,9360.0,6725136.0
2022-07-15,205785475.4688916,269269.0,4138.5,3510998.0
2022-07-16,214480636.40419686,226638.0,,
2022-07-17,179699992.6629758,202157.0,500.0,180806.5
2022-07-18,189844347.0874986,247895.0,1340.5,989051.0
2022-07-19,199988701.51202142,279950.0,5246.5,2244781.5
2022-07-20,182598379.64141086,260195.0,31564.0,16392627.0
2022-07-21,199187652.45519632,273976.0,9242.0,4926066.0
2022-07-22,181711862.6387281,263276.0,,
2022-07-23,211997173.07851613,223744.0,1073.0,1006241.5
2022-07-24,216126988.13848722,199919.0,2498.0,1055301.5
2022-07-25,195477912.83863172,253417.0,1307.5,599562.5
2022-07-26,220256803.19845834,264861.0,2075.5,1393656.0
2022-07-27,227139828.29841012,255930.0,,
2022-07-28,194101307.8186414,287254.0,13406.5,7625504.5
2022-07-29,200984332.91859323,281608.0,995.0,531327.5
2022-07-30,177582047.57875702,232696.0,4070.5,1685361.5
2022-07-31,209243963.0385354,209042.0,1414.5,598024.0
2022-08-01,187218282.71868956,249610.0,934.5,349587.0
2022-08-02,213373778.09850645,266968.0,,
2022-08-03,199607727.89860287,282037.0,491.5,159069.0
2022-08-04,183173748.80206442,279707.0,3516.5,1380912.5
2022-08-05,210085555.03954557,268463.0,4913.0,1773169.0
2022-08-06,225491829.07577893,237677.0,5685.0,2886623.0
2022-08-07,222690688.3419183,196161.0,270.5,88729.5
2022-08-08,201682132.83796376,256582.0,,
2022-08-09,200281562.47103348,256233.0,2632.5,1921738.0
2022-08-10,207284414.30568495,264566.0,1098.0,353567.5
2022-08-11,196079851.3702425,287356.0,4821.0,1740973.0
2022-08-12,215687836.5072668,273661.0,7349.5,4025471.0
2022-08-13,194679281.00331223,233308.0,,
2022-08-14,186275858.8017304,205350.0,1704.0,1878614.0
2022-08-15,203082703.20489404,241934.0,1956.0,887011.5
2022-08-16,207284414.30568495,273896.0,1770.0,570702.0
2022-08-17,180673577.33400917,256127.0,21670.0,11559703.5
2022-08-18,202403376.03316846,291921.0,2323.5,942483.0
2022-08-19,250867150.78611156,279910.0,,
2022-08-20,209995536.33219454,222722.0,741.5,354268.0
2022-08-21,205767438.2852376,205435.0,2613.0,1009189.0
2022-08-22,204358072.2695853,250534.0,12240.5,6204462.0
2022-08-23,242410954.69219768,256928.0,1513.5,576109.5
2022-08-24,205767438.2852376,256606.0,,
2022-08-25,224089196.48871768,260460.0,1405.0,1267793.5
2022-08-26,248048418.754807,262722.0,609.0,226501.0
2022-08-27,204358072.2695853,225420.0,798.5,582588.0
2022-08-28,226907928.52002233,202109.0,3182.0,2297041.5
2022-08-29,221270464.45741308,252235.0,872.0,372032.5
2022-08-30,228317294.5356746,262445.0,,
2022-08-31,219862688.89188153,260425.0,495.0,165561.0
2022-09-01,212503108.15739748,268022.0,3185.0,1363283.0
2022-09-02,198644209.79930627,270588.0,6119.5,5182902.5
2022-09-03,226362006.5154886,242597.0,1539.5,479077.0
2022-09-04,258699436.01770127,204538.0,,
2022-09-05,235601272.08754936,250179.0,1644.0,525289.5
2022-09-06,218662618.53877124,268125.0,613.5,511647.0
2022-09-07,224822128.92014512,265239.0,6753.5,2457517.0
2022-09-08,195564454.60861945,262863.0,11585.0,5830353.0
2022-09-09,226362006.5154886,290849.0,4703.0,4835182.0
2022-09-10,241760782.46892318,241936.0,,
2022-09-11,281797599.94785315,220361.0,855.5,749355.0
2022-09-12,235601272.08754936,268971.0,2570.5,1322961.5
2022-09-13,211972242.0735515,260108.0,8032.5,5296535.0
2022-09-14,202308899.97494468,270309.0,4360.0,2720614.0
2022-09-15,234168569.26233754,277041.0,,
2022-09-16,203901883.4393143,261361.0,4153.5,2946209.5
2022-09-17,270807188.94283926,247863.0,630.0,517424.5
2022-09-18,245319453.51292506,212396.0,731.0,277857.5
2022-09-19,207087850.36805362,253795.0,7313.5,2615041.5
2022-09-20,242133486.58418575,269773.0,3723.0,1669162.0
2022-09-21,224610668.47611964,260924.0,,
2022-09-22,203901883.4393143,245794.0,3494.0,2200826.0
2022-09-23,215052767.68990183,281419.0,6536.0,3576355.5
2022-09-24,232575585.79796788,228040.0,1445.0,516206.0
2022-09-25,234168569.26233754,212009.0,9696.0,5491710.5
2022-09-26,238947519.65544644,259311.0,1213.5,375893.0
2022-09-27,205494866.90368393,271117.0,,
2022-09-28,234283743.87934902,264048.0,738.5,301530.5
2022-09-29,222928606.67506388,267342.0,1158.0,370301.5
2022-09-30,263461080.61598453,286672.0,9501.5,4916446.0
2022-10-01,282168376.2810249,241993.0,494.0,280029.0
2022-10-02,244753784.95094424,213646.0,,
2022-10-03,240076961.03468415,273820.0,1953.0,740110.5
2022-10-04,254107432.78346437,278744.0,1075.0,411397.0
2022-10-05,272814728.44850475,267021.0,1015.5,794272.5
2022-10-06,247871667.56178424,278204.0,6305.5,4625552.5
2022-10-07,266578963.2268246,270191.0,1484.0,453150.5
2022-10-08,272814728.44850475,235498.0,,
2022-10-09,246312726.25636423,211238.0,580.5,232532.5
2022-10-10,281762541.4868823,258286.0,888.0,342958.5
2022-10-11,277924882.20287925,266451.0,6202.0,3418719.5
2022-10-12,242520438.6101558,261196.0,2403.5,1181804.5
2022-10-13,253141771.68797284,281093.0,,
2022-10-14,276154660.02324307,284648.0,1259.5,1484917.5
2022-10-15,269073771.3046984,241758.0,2131.0,1309273.5
2022-10-16,254911993.867609,212919.0,1571.5,886262.5
2022-10-17,265533326.94542602,260471.0,1393.5,487097.5
2022-10-18,251371549.5083366,257694.0,10630.0,15359109.5
2022-10-19,267303549.1250622,263517.0,,
2022-10-20,256682216.04724517,263986.0,699.0,454821.0
2022-10-21,276154660.02324307,270741.0,2898.0,2216671.0
2022-10-22,240750216.43051958,233097.0,2753.5,1864343.0
2022-10-23,274506216.9071191,217872.0,2793.5,1784116.0
2022-10-24,249031192.74934924,264486.0,,
2022-10-25,223395628.7898574,248540.0,2658.5,1591413.5
2022-10-26,283822315.2658024,306069.0,1547.0,1614129.0
2022-10-27,247200081.03795698,267995.0,2670.5,1192861.5
2022-10-28,291146762.1113715,283035.0,11621.5,7510802.5
2022-10-29,261848974.7290952,252661.0,5624.5,3193663.0
2022-10-30,247200081.03795698,222138.0,,
2022-10-31,316782326.0708633,284125.0,648.0,234966.5
2022-11-01,263680086.4404874,276192.0,2663.5,1062738.5
2022-11-02,223395628.7898574,257467.0,9221.5,4359892.0
2022-11-03,300302320.6683329,297039.0,3824.5,2398827.5
2022-11-04,236213410.7696033,281515.0,12462.5,9335708.0
2022-11-05,276497868.4202333,257198.0,,
2022-11-06,250862304.46074155,223404.0,376.5,174533.5
2022-11-07,263186945.48747677,264869.0,2405.0,1981245.0
2022-11-08,297875786.9173795,295778.0,1483.0,660557.0
2022-11-09,272291363.5011629,292265.0,16192.5,8823756.5
2022-11-10,268636445.8702748,292831.0,,
2022-11-11,244879481.2695022,284467.0,2046.5,1850305.5
2022-11-12,305185622.17915577,239254.0,2009.5,966151.5
2022-11-13,235742187.19228196,227644.0,1050.5,667726.0
2022-11-14,224777434.2996177,242416.0,18521.5,49063499.5
2022-11-15,283256116.39382714,283090.0,14911.5,141015809.0
2022-11-16,274118822.31660694,268373.0,,
2022-11-17,252189316.5312784,248465.0,27691.5,99826752.0
2022-11-18,254016775.34672245,282091.0,40100.5,90766778.0
2022-11-19,268636445.8702748,260694.0,21416.5,47549466.5
2022-11-20,272375605.3694332,229923.0,1446.5,1678841.0
2022-11-21,236949653.97082296,270779.0,,
2022-11-22,231439196.90173405,253235.0,1000.0,2327291.5
2022-11-23,258991482.2471786,273997.0,2039.0,1786396.5
2022-11-24,236949653.97082296,254639.0,8250.0,18463477.5
2022-11-25,225928739.83264518,258341.0,11307.0,14016291.5
2022-11-26,200213273.51023027,229735.0,11801.0,7821001.0
2022-11-27,249807387.13203046,222672.0,,
2022-11-28,255317844.20111936,262636.0,815.0,398854.0
2022-11-29,240623292.0168823,271512.0,2106.5,3182849.5
2022-11-30,253481025.1780897,271416.0,10362.5,5696746.5
2022-12-01,281033310.52353424,285467.0,15759.5,9580059.0
2022-12-02,229602377.87870446,271725.0,,
2022-12-03,240623292.0168823,250951.0,15497.5,12977211.5
2022-12-04,257154663.22414896,219810.0,1362.5,921834.0
2022-12-05,268175577.36232677,274064.0,10256.0,6232276.5
2022-12-06,231289584.01772717,262438.0,5275.0,2817874.0
2022-12-07,292794732.7377177,272328.0,1990.5,766505.5
2022-12-08,284283257.94883054,263838.0,,
2022-12-09,258748833.58216918,265668.0,513.5,186958.5
2022-12-10,262153423.49772403,241668.0,8083.0,35928110.5
2022-12-11,250237358.793282,217788.0,3699.0,1958460.0
2022-12-12,243428178.96217236,262646.0,7358.5,3622696.0
2022-12-13,280878668.0332757,287224.0,434.5,181895.0
2022-12-14,251939653.75105944,276441.0,,
2022-12-15,236618999.1310626,276713.0,795.5,1047503.5
2022-12-16,221298344.51106575,254176.0,824.5,253111.0
2022-12-17,234916704.1732852,263200.0,6077.0,3176084.5
2022-12-18,246832768.87772718,212673.0,2157.0,783487.5
2022-12-19,233961255.1644386,259096.0,,
2022-12-20,246114015.1556391,268893.0,768.0,352406.5
2022-12-21,251387886.90897432,272491.0,1954.5,875401.0
2022-12-22,237324228.90008065,271181.0,5869.0,4796836.0
2022-12-23,232050357.14674553,273926.0,9285.5,5426906.0
2022-12-24,156458195.34894204,213339.0,17345.0,10056738.5
2022-12-25,247871972.40675086,205314.0,,
2022-12-26,226776485.39341035,223504.0,315.5,157195.5
2022-12-27,202165083.87784645,239359.0,4452.5,3265195.5
2022-12-28,295336818.18676704,272949.0,7271.5,3661506.5
2022-12-29,247871972.40675086,265955.0,4789.0,3170503.5
2022-12-30,277757245.6756499,291015.0,,
2022-12-31,274241331.1734265,242325.0,1843.0,685591.5
2023-01-01,272483373.92231476,187516.0,2204.0,2464248.0
2023-01-02,274241331.1734265,229347.0,1170.0,354279.0
2023-01-03,261883481.8059322,272055.0,1076.0,1889101.5
2023-01-04,242356482.01087618,277936.0,2298.5,2704769.0
2023-01-05,266083690.039913,279391.0,,
2023-01-06,305064103.23047346,276071.0,3565.0,4334600.0
2023-01-07,260999288.3194051,246679.0,1971.5,1131466.5
2023-01-08,259304487.74590245,228488.0,1120.5,399672.5
2023-01-09,257609687.17239982,287347.0,11147.5,48024958.5
2023-01-10,286421296.9219445,302809.0,,
2023-01-11,249135684.30488667,287494.0,2453.5,1694014.5
2023-01-12,255914886.59889722,315980.0,2348.0,2566186.0
2023-01-13,269473291.1869182,316549.0,5233.5,2379785.0
2023-01-14,289810898.0689498,309880.0,2140.0,924481.5
2023-01-15,280250606.7848099,252086.0,420.5,136944.0
2023-01-16,274688843.2470833,302804.0,,
2023-01-17,291506527.527517,308715.0,2506.5,1138457.5
2023-01-18,261608422.14007932,300045.0,1196.0,441283.0
2023-01-19,270951580.07365364,298919.0,5900.5,2019810.0
2023-01-20,246659369.44636056,295822.0,2751.0,2041197.5
2023-01-21,257871158.96664968,287860.0,5470.0,1991543.5
2023-01-22,282163369.59394276,250760.0,,
2023-01-23,295243790.7009466,293709.0,548.5,421778.5
2023-01-24,241053474.68621597,292970.0,2870.0,1622026.0
2023-01-25,327010527.67509925,306681.0,943.0,307063.0
2023-01-26,289637895.9408021,296263.0,2121.5,756276.5
2023-01-27,287769264.3540873,303179.0,,
2023-01-28,313930106.5680952,268849.0,2389.5,788913.0
2023-01-29,311001352.7915209,258583.0,3294.5,1176286.5
2023-01-30,269948142.5149194,309909.0,6337.0,4402184.0
2023-01-31,224956785.42909947,313500.0,20613.0,9347294.5
2023-02-01,267991996.55466637,345561.0,4584.5,4112262.0
2023-02-02,283641164.23669064,340169.0,,
2023-02-03,260167412.7136542,315951.0,571.5,229610.0
2023-02-04,266035850.5944133,304495.0,1219.0,590965.0
2023-02-05,297334185.95846194,254113.0,2765.5,2959581.5
2023-02-06,289509602.11744976,301977.0,8830.0,20779428.0
2023-02-07,277772726.3559315,300429.0,,
2023-02-08,269948142.5149194,316963.0,24845.0,46517324.0
2023-02-09,316895645.5609923,369499.0,13130.0,47947439.0
2023-02-10,287553456.1571967,300092.0,27337.0,63643222.0
2023-02-11,291465748.0777028,280319.0,21025.0,63621783.0
2023-02-12,313943411.7760057,259642.0,5826.0,58157376.5
2023-02-13,303650131.9290037,299329.0,,
2023-02-14,299757181.5196575,302653.0,10815.5,62235069.5
2023-02-15,317275458.3617154,325460.0,16739.5,53756484.5
2023-02-16,348419061.63648504,344711.0,6017.0,57464386.0
2023-02-17,321168408.7710616,321260.0,12397.0,56863970.5
2023-02-18,327007834.38508093,276798.0,,
2023-02-19,315328983.1570423,240406.0,3536.0,34536112.5
2023-02-20,286131855.0869458,270081.0,6638.5,28218061.0
2023-02-21,325061359.18040776,290457.0,3075.5,7283392.0
2023-02-22,272506528.65423405,282319.0,8982.0,23360806.0
2023-02-23,332847259.9991002,290728.0,2490.0,6547995.5
2023-02-24,262774152.6308686,294562.0,,
2023-02-25,227840889.77873334,258413.0,6511.5,11252544.5
2023-02-26,359556658.1833338,277103.0,5558.5,10172384.5
2023-02-27,299630548.4861114,292748.0,17807.0,20912300.5
2023-02-28,293209893.8756949,332358.0,15188.5,16794533.5
2023-03-01,363837094.5902782,381932.0,14708.5,28052259.5
2023-03-02,308191421.3000004,330047.0,,
2023-03-03,359556658.1833338,355273.0,17851.5,49053837.0
2023-03-04,325313166.92777824,306300.0,18737.5,51144460.0
2023-03-05,331733821.53819484,286638.0,11372.5,34727962.0
2023-03-06,282508802.8583337,316016.0,33069.0,46864954.0
2023-03-07,353136003.57291716,362082.0,,
2023-03-08,284649021.0618059,292493.0,11407.0,40598362.5
2023-03-09,288929457.4687504,336854.0,36794.5,69194585.5
2023-03-10,291564668.6842239,329334.0,39925.5,60374270.5
2023-03-11,357219695.9219277,319707.0,9161.0,63175093.5
2023-03-12,348559824.50563854,265555.0,11043.0,71160781.5
2023-03-13,339899953.08934945,333107.0,,
2023-03-14,316085306.6945542,327892.0,9577.0,57241191.0
2023-03-15,318250274.5486265,345059.0,12241.0,61349766.0
2023-03-16,290105692.4456867,295049.0,21476.5,65720074.5
2023-03-17,318250274.5486265,338823.0,29118.0,66821819.0
2023-03-18,350724792.3597108,296890.0,,
2023-03-19,320415242.4026988,269131.0,14983.5,67382293.0
2023-03-20,333405049.5271326,341288.0,19431.5,68021475.0
2023-03-21,313920338.84048194,327932.0,18286.5,64758193.0
2023-03-22,344229888.79749393,297575.0,31915.0,70205830.5
2023-03-23,398152679.74955547,295245.0,31494.5,67809792.5
2023-03-24,377232885.49311894,292095.0,,
2023-03-25,337646718.49692744,290197.0,35670.0,68291351.5
2023-03-26,335318120.4383279,261243.0,19787.5,60594809.5
2023-03-27,344632512.6727259,296557.0,15609.5,60984877.5
2023-03-28,312032139.85233283,316281.0,16843.5,66039237.5
2023-03-29,342303914.6141264,334637.0,,
2023-03-30,360932699.0829224,326347.0,10725.5,61355521.0
2023-03-31,328332326.2625294,308386.0,8592.5,69430550.0
2023-04-01,326003728.2039299,319646.0,14008.0,67209091.0
2023-04-02,346961110.73132545,341622.0,8631.5,68983347.0
2023-04-03,305046345.6765345,332870.0,36308.5,69742957.5
2023-04-04,377232885.49311894,421130.0,,
2023-04-05,323675130.1453304,346885.0,20476.0,63379327.5
2023-04-06,375327217.1632722,354019.0,21917.5,73004611.0
2023-04-07,338032942.16648775,355031.0,34523.0,64408259.5
2023-04-08,349935510.5526316,318505.0,37076.5,68631950.5
2023-04-09,347554996.87540287,278404.0,21251.5,70199485.0
2023-04-10,292803182.2991408,289625.0,,
2023-04-11,366599106.2932332,385002.0,10300.5,55733028.5
2023-04-12,380882188.3566059,338102.0,11975.0,68193613.0
2023-04-13,338032942.16648775,332042.0,15743.0,72642846.5
2023-04-14,333271914.81203014,315959.0,14669.5,68269990.5
2023-04-15,376121161.0021483,276185.0,,
2023-04-16,295183695.97636956,232268.0,3489.5,67188966.0
2023-04-17,368979619.9704619,316193.0,5450.0,62212234.0
2023-04-18,395165270.4199787,312522.0,8254.5,26961795.0
2023-04-19,330891401.13480145,301722.0,7838.5,13090443.5
2023-04-20,319313867.4340018,296683.0,19364.0,11880764.0
2023-04-21,351118490.9644334,352218.0,,
2023-04-22,360804518.3013832,354752.0,11436.5,6096110.5
2023-04-23,355961504.6329083,432760.0,2630.5,808641.5
2023-04-24,341432463.6274834,360173.0,23344.0,9356918.5
2023-04-25,302688354.2796839,369843.0,63147.5,25162499.5
2023-04-26,314795888.4508713,436461.0,,
2023-04-27,314795888.4508713,418912.0,55409.5,25858178.5
2023-04-28,355961504.6329083,483522.0,16536.0,8488469.5
2023-04-29,331746436.2905336,486031.0,72400.0,45039399.5
2023-04-30,358383011.4671458,568516.0,21565.5,8171773.5
2023-05-01,440714243.83121973,682281.0,12289.0,4823123.5
2023-05-02,312374381.6166337,457708.0,,
2023-05-03,341432463.6274834,489559.0,38182.0,15274323.5
2023-05-04,351888475.1483047,491123.0,35447.5,39867025.5
2023-05-05,283977798.47865146,411429.0,50054.0,33855917.0
2023-05-06,355568840.1119249,601134.0,61261.0,16718351.0
2023-05-07,331705159.5675005,607883.0,,
2023-05-08,326932423.4586156,575051.0,58320.0,15082548.0
2023-05-09,360341576.2208098,598256.0,40733.5,20718886.0
2023-05-10,405682569.25521636,671668.0,75069.0,81387769.0
2023-05-11,360341576.2208098,546549.0,75597.5,101125483.0
2023-05-12,336477895.6763853,509159.0,101591.0,125241854.0
2023-05-13,346023367.89415514,575640.0,,
2023-05-14,415228041.47298616,631677.0,104229.5,129782659.5
2023-05-15,350796104.00303996,526379.0,54747.0,117731670.5
2023-05-16,365114312.32969475,566462.0,94656.5,138017689.5
2023-05-17,381818888.7107919,583454.0,94095.0,149869384.5
2023-05-18,344768089.144806,476704.0,95782.0,154885897.5
2023-05-19,369469365.7613961,515474.0,,
2023-05-20,322669912.76495266,423736.0,90739.0,154061240.0
2023-05-21,371932494.8664721,486625.0,101261.0,152444032.5
2023-05-22,354690591.1309403,499281.0,119346.0,158756324.0
2023-05-23,379321882.1817001,519870.0,136276.5,173161558.0
2023-05-24,347301203.81571233,405521.0,,
2023-05-25,371932494.8664721,460167.0,122165.0,172207990.5
2023-05-26,376858753.07662404,532373.0,145073.0,170094228.0
2023-05-27,357153720.2360163,471633.0,109394.0,162374912.0
2023-05-28,394100656.8121559,496158.0,130770.0,167453639.0
2023-05-29,399026915.0223079,550324.0,140333.0,171509973.0
2023-05-30,379321882.1817001,515246.0,,
2023-05-31,349729770.9452385,421579.0,76903.5,116871102.5
2023-06-01,336187209.4940784,355986.0,105509.0,134517205.0
2023-06-02,417687139.0684004,479437.0,114680.0,131042444.0
2023-06-03,331093463.8956832,381453.0,123527.0,138014449.0
2023-06-04,376937174.2812394,364020.0,,
2023-06-05,351468446.2892638,359254.0,99315.5,122166797.5
2023-06-06,384577792.6788321,462072.0,108879.0,118884021.0
2023-06-07,343827827.89167106,433781.0,135317.5,140681963.5
2023-06-08,392218411.07642484,407006.0,125761.5,133752092.0
2023-06-09,430421503.0643882,387084.0,137953.0,126535222.5
2023-06-10,392218411.07642484,365369.0,,
2023-06-11,415140266.2692028,399201.0,82241.5,98148122.5
2023-06-12,399859029.4740175,370634.0,117567.5,130264859.0
2023-06-13,374390301.4820418,410483.0,155061.0,151356168.0
2023-06-14,312388214.96659184,330658.0,148604.0,150744415.0
2023-06-15,385148460.1631553,423069.0,,
2023-06-16,398160232.4659646,512202.0,202524.0,161166745.0
2023-06-17,364329624.47866035,475252.0,224785.0,166559773.0
2023-06-18,392955523.5448409,439868.0,231856.5,174317367.5
2023-06-19,369534333.3997841,415604.0,151573.0,102666627.0
2023-06-20,353920206.636413,447715.0,210366.0,129619459.0
2023-06-21,314884889.72798514,363280.0,,
2023-06-22,356522561.09697485,392041.0,192628.0,126638506.0
2023-06-23,325294307.5702325,374001.0,198172.5,136808667.0
2023-06-24,379943751.2420316,361437.0,206629.0,137661448.0
2023-06-25,398160232.4659646,382769.0,197336.0,133606369.0
2023-06-26,379943751.2420316,403979.0,214202.0,133581363.0
2023-06-27,364329624.47866035,434858.0,,
2023-06-28,280545974.4417444,331278.0,202489.0,137887009.0
2023-06-29,367574940.3012432,438193.0,196036.0,139616949.0
2023-06-30,397786579.2301125,445197.0,164654.0,137804159.5
2023-07-01,334845664.7949681,324274.0,159616.0,136058040.0
2023-07-02,430515854.7363876,309920.0,,
2023-07-03,344916211.10459125,328114.0,88934.5,85214969.0
2023-07-04,357504393.99162006,378556.0,77228.5,73863676.5
2023-07-05,390233669.4978951,493478.0,64968.0,70882389.0
2023-07-06,349951484.25940275,392688.0,70811.5,78041443.5
2023-07-07,440586401.04601073,556014.0,57889.0,69248675.5
2023-07-08,448139310.7782279,573697.0,,
2023-07-09,425480581.581576,594265.0,72294.5,65439614.0
2023-07-10,387716032.92048943,507115.0,111718.5,73462924.5
2023-07-11,339880937.9497796,432293.0,145967.0,83063348.0
2023-07-12,382989765.58074266,478320.0,167666.5,92161945.0
2023-07-13,321592673.51184636,375859.0,,
2023-07-14,369831574.5386234,421666.0,161558.5,96484578.5
2023-07-15,369831574.5386234,484980.0,173538.5,103931401.0
2023-07-16,415390536.6194682,595145.0,161121.5,103851043.0
2023-07-17,364471696.6467593,428612.0,178730.0,111180850.0
2023-07-18,434150109.2409926,582684.0,149155.0,112871933.0
2023-07-19,396630963.9979439,480249.0,,
2023-07-20,343032185.0793028,400400.0,183574.0,112967115.0
2023-07-21,300153161.94439,323847.0,202670.0,126969304.5
2023-07-22,359111818.75489503,288750.0,198780.0,103053341.0
2023-07-23,393951025.0520118,559624.0,137994.0,64627375.0
2023-07-24,401990841.889808,529923.0,,
2023-07-25,369831574.5386234,462586.0,139793.0,67431311.5
2023-07-26,381190141.57452464,452746.0,160400.0,72780630.0
2023-07-27,358973121.2673339,413038.0,162152.5,75254783.0
2023-07-28,364175630.2712082,449225.0,166588.5,77060651.0
2023-07-29,343365594.25571066,423119.0,197338.0,86735613.0
2023-07-30,437010756.32545,645854.0,,
2023-07-31,366776884.7731455,445666.0,178018.0,77096673.0
2023-08-01,361574375.76927114,412219.0,214369.0,85634393.0
2023-08-02,400593193.2983291,390768.0,206810.0,83684472.5
2023-08-03,392789429.79251754,476007.0,170027.5,87761883.5
2023-08-04,314751794.7344015,318486.0,,
2023-08-05,400593193.2983291,500723.0,194403.0,89014384.5
2023-08-06,426605738.3177011,607275.0,188506.0,80893367.0
2023-08-07,379783157.2828315,427534.0,240316.0,76284271.0
2023-08-08,325156812.74215025,331194.0,263853.0,89841655.0
2023-08-09,421650114.697692,506746.0,266864.5,93708078.5
2023-08-10,330756213.4390739,358039.0,,
2023-08-11,393261324.6401588,506538.0,248083.0,75703649.5
2023-08-12,434931398.7742153,503934.0,292822.0,88124033.0
2023-08-13,351591250.5061022,497112.0,283226.0,90924947.0
2023-08-14,445348917.3077294,568517.0,273057.0,97381520.5
2023-08-15,445348917.3077294,583063.0,223247.0,75332529.0
2023-08-16,424513880.24070114,566878.0,,
2023-08-17,406283222.8070514,502274.0,224278.5,95006642.0
2023-08-18,362008769.0396163,423207.0,280316.0,104803640.0
2023-08-19,364613148.6729948,519780.0,39899.0,23890690.5
2023-08-20,421909500.6073226,612461.0,191533.0,64652035.0
2023-08-21,429722639.5074582,550074.0,,
2023-08-22,380936887.22817194,420857.0,208331.5,62240411.0
2023-08-23,392623891.9211836,417822.0,112775.5,51297753.5
2023-08-24,384329020.9651023,399151.0,270887.0,97836792.0
2023-08-25,373269193.0236605,425192.0,281836.0,103453757.5
2023-08-26,378799106.9943814,497513.0,163379.5,76069242.0
2023-08-27,320735010.301812,413594.0,,
2023-08-28,326264924.27253294,331345.0,207293.0,90101286.0
2023-08-29,436863203.68695074,500301.0,297343.0,108678755.0
2023-08-30,348384580.1554164,408001.0,89856.0,31874854.0
2023-08-31,398153805.89190453,437435.0,158495.5,64172233.5
2023-09-01,417508504.7894277,419548.0,,
2023-09-02,420273461.77478814,539748.0,225259.0,81489001.5
2023-09-03,436863203.68695074,625257.0,264994.0,99920666.0
2023-09-04,411978590.8187068,573196.0,242201.0,98479388.0
2023-09-05,342854666.18469554,462093.0,263774.0,91050692.0
2023-09-06,364419397.2930779,485357.0,280123.5,134983988.0
2023-09-07,393005453.9397736,537939.0,,
2023-09-08,358011817.6300677,414799.0,229117.0,117482852.0
2023-09-09,406464544.828122,597409.0,263660.5,134917106.5
2023-09-10,395697272.1174433,558395.0,259804.5,134093814.0
2023-09-11,427999090.2494795,459132.0,264044.5,142504479.5
2023-09-12,379546363.0514252,462328.0,,
2023-09-13,395697272.1174433,512446.0,278315.0,145460293.5
2023-09-14,436074544.7824885,576215.0,247523.0,142197236.0
2023-09-15,506061817.40190023,703692.0,261142.5,143708127.0
2023-09-16,417231817.5388007,593144.0,273113.5,139325114.5
2023-09-17,401080908.4727827,611220.0,286851.5,144125623.0
2023-09-18,419923635.7164705,635845.0,,
2023-09-19,385677556.7313763,493887.0,145167.0,95071693.0
2023-09-20,414558853.7494199,551783.0,167731.0,112977040.0
2023-09-21,391843300.11931473,431540.0,176297.5,125814102.5
2023-09-22,366288302.28544635,441679.0,188816.5,140756981.5
2023-09-23,442953295.78705144,629617.0,,
2023-09-24,414558853.7494199,441181.0,176855.5,134639884.5
2023-09-25,411719409.5456568,285750.0,161014.5,115833578.0
2023-09-26,386164411.7117884,309789.0,174313.0,119421406.0
2023-09-27,445792739.99081457,337265.0,215984.0,105356892.0
2023-09-28,414558853.7494199,378975.0,167784.0,95950852.0
2023-09-29,417398297.95318305,330269.0,,
2023-09-30,391843300.11931473,275474.0,128507.5,65667952.5
2023-10-01,400361632.7306042,320516.0,96496.0,39384141.5
2023-10-02,445792739.99081457,344263.0,34681.5,23826925.5
2023-10-03,466751379.41330886,310664.0,35716.5,56860617.0
2023-10-04,373280259.4846018,287430.0,,
2023-10-05,401774935.7811363,319310.0,28551.0,61642110.0
2023-10-06,455914820.74455184,298650.0,28580.5,65793526.0
2023-10-07,487258964.67073977,244567.0,26672.0,62606661.0
2023-10-08,421721209.1887104,242440.0,29172.0,62116764.0
2023-10-09,444516950.225938,283648.0,27842.5,72856526.5
2023-10-10,461613756.0038587,285060.0,,
2023-10-11,455914820.74455184,264600.0,20868.0,69969084.5
2023-10-12,470162158.89281905,267090.0,19156.0,76423986.5
2023-10-13,393226532.892176,279518.0,37170.0,88724473.0
2023-10-14,416022273.9294035,265220.0,16057.5,75724719.0
2023-10-15,475861094.15212595,251923.0,16774.0,67765785.0
2023-10-16,416156889.9191482,299782.0,,
2023-10-17,491483968.444345,294257.0,15320.5,71856042.0
2023-10-18,439908490.27425945,271345.0,15312.5,79373411.5
2023-10-19,424739231.98894006,282007.0,15826.0,87409889.0
2023-10-20,406536122.04655695,295888.0,23473.5,92752433.5
2023-10-21,455077748.5595787,270621.0,,
2023-10-22,464179303.53077024,252457.0,13397.0,96093366.5
2023-10-23,476314710.1590258,301780.0,13416.5,91664359.0
2023-10-24,382265308.79004604,373854.0,55928.5,108743873.0
2023-10-25,436874638.6171956,476549.0,36876.5,116945025.0
2023-10-26,455077748.5595787,431256.0,32800.0,106976416.5
2023-10-27,467213155.18783414,452816.0,,
2023-10-28,485416265.1302173,564383.0,32117.5,117473881.5
2023-10-29,415637677.0177486,410290.0,26658.5,115303478.0
2023-10-30,482540025.495944,463202.0,25297.0,116380450.5
2023-10-31,481286782.8761844,433751.0,33208.0,117522998.5
2023-11-01,462656326.7648482,463644.0,,
2023-11-02,447130946.6720681,403541.0,38273.5,120738057.5
2023-11-03,422290338.52361983,452354.0,90403.5,130020528.0
2023-11-04,521652771.1174128,698917.0,215936.0,155833663.0
2023-11-05,506127391.02463263,673375.0,154912.0,171297097.0
2023-11-06,394344654.35661566,439319.0,143964.0,170397934.0
2023-11-07,412975110.4679518,450371.0,,
2023-11-08,462656326.7648482,583201.0,140942.5,173448335.0
2023-11-09,444025870.65351206,573466.0,217738.0,200395356.0
2023-11-10,478181706.85762835,523831.0,149934.0,182539757.5
2023-11-11,496812162.9689646,627529.0,140470.0,189656836.0
2023-11-12,506083624.1310116,703327.0,,
2023-11-13,389037994.7160368,428507.0,224238.0,218602750.5
2023-11-14,443696225.37862045,523422.0,195193.5,232245888.0
2023-11-15,475848125.7683755,561942.0,199018.0,225737294.0
2023-11-16,475848125.7683755,628426.0,84032.5,34826212.5
2023-11-17,482278505.8463265,536644.0,157912.5,132849014.5
2023-11-18,479063315.80735093,629266.0,,
2023-11-19,546582306.6258367,710579.0,166388.0,161447466.0
2023-11-20,533721546.46993476,640670.0,169692.0,194807729.0
2023-11-21,488708885.9242776,522593.0,186830.0,214070983.0
2023-11-22,456556985.5345224,535829.0,191739.0,210381012.0
2023-11-23,472632935.72940004,587706.0,,
2023-11-24,540151926.5478858,623898.0,185635.0,212091564.0
2023-11-25,511215216.1971062,617234.0,176246.0,228374754.5
2023-11-26,492891191.48160595,578484.0,181092.5,234835841.0
2023-11-27,439166010.2949663,479487.0,203591.0,261394835.0
2023-11-28,496595411.64123106,447662.0,164337.5,263287203.5
2023-11-29,459435210.7701186,360588.0,,
2023-11-30,452678810.6117344,411882.0,171345.0,285244493.0
2023-12-01,570915813.3834561,496468.0,137267.0,276999859.5
2023-12-02,429031410.0573902,429362.0,130902.5,226831781.5
2023-12-03,557403013.066688,707876.0,196654.0,244563211.0
2023-12-04,523621012.2747674,570395.0,,
2023-12-05,466191610.9285027,514962.0,169950.0,245333296.5
2023-12-06,459435210.7701186,467795.0,200284.0,226562676.0
2023-12-07,388493009.1070856,372050.0,185179.0,228315918.0
2023-12-08,456057010.69092655,411456.0,155386.0,235592992.0
2023-12-09,530377412.4331516,587398.0,139947.0,231569085.0
2023-12-10,469318617.5512489,536175.0,,
2023-12-11,528635575.20314026,525486.0,150359.0,241286525.5
2023-12-12,481794448.2864064,543162.0,157607.0,249364060.5
2023-12-13,498523422.18524003,587920.0,197275.5,273170624.0
2023-12-14,488486037.84593976,570985.0,225471.0,214507518.5
2023-12-15,545364549.1019738,632636.0,156091.0,144689787.0
2023-12-16,508560806.52454,638144.0,,
2023-12-17,501869216.9650066,616808.0,154069.0,95620223.0
2023-12-18,562093523.0008074,640936.0,146362.5,124523228.0
2023-12-19,542018754.3222071,662880.0,151388.0,181221114.0
2023-12-20,485140243.06617314,582506.0,166427.5,192195291.5
2023-12-21,488486037.84593976,588137.0,,
2023-12-22,562093523.0008074,625531.0,193150.0,191531687.0
2023-12-23,560327733.6667341,608479.0,134045.5,185430389.0
2023-12-24,612085087.5512694,723459.0,135256.0,186102958.5
2023-12-25,497542848.9451839,535741.0,176440.5,210506297.0
2023-12-26,497542848.9451839,553693.0,162617.0,206016166.0
2023-12-27,461748399.3807821,545556.0,,
2023-12-28,433112839.72926086,417180.0,54774.5,33760859.0
2023-12-29,540496188.4224659,581449.0,65020.5,79349254.5
2023-12-30,519019518.6838249,533823.0,38019.0,27481795.0
2023-12-31,558393413.2046669,731351.0,171761.0,77398852.0
2024-01-01,554813968.2482265,657752.0,,
2024-01-02,468907289.29366255,367319.0,62824.5,137140622.0
2024-01-03,565552303.117547,502749.0,74237.0,178028691.5
2024-01-04,608505642.5948291,482557.0,61116.0,209877645.0
2024-01-05,493963403.98874366,420884.0,66952.5,269953753.0
2024-01-06,509059003.5142141,382140.0,73478.0,292972428.0
2024-01-07,429363547.6531167,348688.0,,
2024-01-08,447556918.3163843,414359.0,81059.0,313488170.5
2024-01-09,553078468.1633366,468088.0,90271.0,325417299.5
2024-01-10,483943659.64291966,383774.0,83648.0,331538254.0
2024-01-11,629490624.9490609,449075.0,93948.0,319701060.5
2024-01-12,611297254.2857933,375872.0,,
2024-01-13,578549187.0919114,652483.0,82644.0,312039968.0
2024-01-14,465750288.9796519,591806.0,203232.0,348223029.0
2024-01-15,414808851.1225025,408499.0,133394.5,334527974.5
2024-01-16,454834266.5816914,470122.0,141578.5,311783514.0
2024-01-17,440279570.0510773,449415.0,157755.5,320745146.5
2024-01-18,516691726.83680135,484017.0,,
2024-01-19,480304985.51026607,460763.0,150807.0,324191386.0
2024-01-20,513378340.1866717,563331.0,144389.0,359056199.0
2024-01-21,489551347.763542,600202.0,155438.5,368921848.5
2024-01-22,559487254.5869052,457620.0,145775.5,379403628.5
2024-01-23,538506482.5398962,368462.0,,
2024-01-24,524519301.1752236,372499.0,144911.5,376462557.5
2024-01-25,632919956.7514365,340188.0,48969.5,256157422.0
2024-01-26,531512891.8575599,493218.0,55775.0,272143319.0
2024-01-27,597952003.3397549,597446.0,81150.0,286800003.0
2024-01-28,559487254.5869052,636523.0,101148.0,301280233.5
2024-01-29,545500073.2222326,575203.0,,
2024-01-30,503538529.1282147,523509.0,109985.0,312696045.5
2024-01-31,458080189.69302857,444450.0,107462.0,317245377.5
2024-02-01,535009687.19872814,413272.0,87790.0,316229233.0
2024-02-02,676117474.0216229,429732.0,84426.5,302761550.0
2024-02-03,566738184.6284933,515539.0,,
2024-02-04,581751116.6716322,336211.0,95426.0,315373329.5
2024-02-05,585504349.682417,281482.0,92472.0,272074231.5
2024-02-06,638049611.833403,278093.0,97720.0,224967865.0
2024-02-07,600517281.7255559,427538.0,165514.0,252886777.0
2024-02-08,517946155.488292,285101.0,138099.5,220383934.5
2024-02-09,623036679.7902641,334084.0,,
2024-02-10,570491417.639278,399252.0,140731.0,194095223.5
2024-02-11,514192922.47750723,329938.0,104717.0,180186868.5
2024-02-12,671828708.9304657,409911.0,109568.0,173931024.5
2024-02-13,506686456.4559378,313178.0,129714.5,181915026.0
2024-02-14,521699388.49907666,296717.0,136128.0,207023390.0
2024-02-15,605343973.9976323,303306.0,,
2024-02-16,544386616.4219546,312782.0,131103.5,185608606.5
2024-02-17,609388003.457412,327713.0,131891.0,188323400.5
2024-02-18,491572989.4556458,343417.0,144224.5,188689429.5
2024-02-19,552511789.8013868,366108.0,139511.0,183041134.0
2024-02-20,572824723.2499672,397096.0,,
2024-02-21,560636963.180819,369949.0,132234.0,165226202.5
2024-02-22,548449203.1116709,365090.0,140608.5,172879065.5
2024-02-23,645951283.6648567,409204.0,142128.0,169361153.0
2024-02-24,556574376.491103,340419.0,136265.0,155663147.0
2024-02-25,666264217.113437,418801.0,92399.5,125468329.0
2024-02-26,540324029.7322387,356184.0,,
2024-02-27,524073682.9733743,387598.0,88487.0,136223265.0
2024-02-28,605325416.7676959,413800.0,109734.5,153261862.0
2024-02-29,540324029.7322387,407090.0,128782.0,170650755.5
2024-03-01,608054004.3789,419284.0,120388.5,172398365.0
2024-03-02,500960510.12181586,339311.0,,
2024-03-03,611408496.6053661,385447.0,123321.0,185004678.5
2024-03-04,508849652.01349825,361258.0,132072.5,190630926.0
2024-03-05,658743347.9554589,424347.0,136361.0,200505286.5
2024-03-06,552239932.41775,381934.0,122957.0,173361060.0
2024-03-07,710022770.2513928,436344.0,127321.0,195696039.0
2024-03-08,607463925.659525,426928.0,,
2024-03-09,642965064.1720946,359029.0,127476.5,187390122.0
2024-03-10,564073645.2552733,368196.0,121169.0,164062052.5
2024-03-11,670577060.7929822,394098.0,106578.0,124648094.5
2024-03-12,556184503.3635911,341867.0,90471.5,125767834.5
2024-03-13,631131351.3345715,390118.0,,
2024-03-14,579720256.0482558,329706.0,78444.5,114433876.5
2024-03-15,529980321.6844611,307904.0,80415.0,120967483.5
2024-03-16,600922569.4689952,355760.0,79790.0,118574748.5
2024-03-17,609268716.2671757,366109.0,76198.5,119972364.5
2024-03-18,600922569.4689952,416270.0,108909.0,132003112.5
2024-03-19,655172523.6571684,463952.0,,
2024-03-20,621787936.4644464,361515.0,66725.0,119772066.0
2024-03-21,500768807.8908293,327642.0,73994.0,120503207.5
2024-03-22,563364908.877183,339533.0,68841.5,128175076.0
2024-03-23,650999450.2580782,326610.0,58170.5,114562985.0
2024-03-24,709422477.8453414,331527.0,60047.5,98592072.0
2024-03-25,550845688.6799122,317064.0,,
2024-03-26,559191835.4780927,317742.0,55727.0,98021565.0
2024-03-27,567537982.2762733,355902.0,54439.0,100947061.5
2024-03-28,630675249.3060845,428670.0,57088.5,103377429.0
2024-03-29,595046224.9834774,449421.0,56641.0,107928045.0
2024-03-30,640501144.9474928,490072.0,,
2024-03-31,566120366.8245583,319675.0,58923.0,100677875.5
2024-04-01,619839817.691122,326410.0,63126.5,112402633.0
2024-04-02,611575286.7885739,357709.0,59553.5,100771887.5
2024-04-03,586781694.0809289,372978.0,91606.5,109044553.5
2024-04-04,570252632.2758324,320607.0,70028.5,99838400.0
2024-04-05,611575286.7885739,348637.0,,
2024-04-06,640501144.9474928,433591.0,65688.0,98001840.5
2024-04-07,702485126.7166051,526130.0,73363.0,104421904.0
2024-04-08,652897941.3013152,455617.0,74435.5,93492341.0
2024-04-09,603310755.8860255,453811.0,99237.0,111813449.5
2024-04-10,626404079.729565,531054.0,,
2024-04-11,566860609.5352726,476241.0,118902.0,123693667.0
2024-04-12,584038203.763614,448489.0,156022.0,141760342.0
2024-04-13,704281363.3620051,507173.0,122374.5,131523692.5
2024-04-14,674220573.4624075,473328.0,118175.5,137771504.5
2024-04-15,605510196.549041,503358.0,127556.5,149064901.5
2024-04-16,708575761.9190906,454669.0,,
2024-04-17,588332602.3206996,385606.0,119983.0,145226248.5
2024-04-18,622687790.7773827,418095.0,130573.0,139769151.0
2024-04-19,648454182.1198951,393190.0,117223.5,141134676.5
2024-04-20,558271812.4211017,631001.0,151324.0,149430344.0
2024-04-21,601215797.9919556,641668.0,,
2024-04-22,652748580.6769805,671771.0,131621.5,138904863.5
2024-04-23,721458957.5903468,927010.0,11523.0,2324786.0
2024-04-24,671772263.1512126,606713.0,59934.0,68840554.5
2024-04-25,630674365.8262494,526242.0,60326.5,112829284.0
2024-04-26,578118168.6740619,442347.0,,
2024-04-27,613155633.4421867,452967.0,83405.0,129604151.0
2024-04-28,613155633.4421867,487521.0,82321.0,125584197.0
2024-04-29,573738485.5780463,403064.0,76840.0,124166069.0
2024-04-30,617535316.5382024,498085.0,97931.5,130638585.5
2024-05-01,578118168.6740619,478881.0,,
2024-05-02,635054048.9222649,559839.0,87808.5,128050799.0
2024-05-03,564979119.3860149,442742.0,91013.0,139163139.5
2024-05-04,617535316.5382024,660263.0,120769.0,157901474.0
2024-05-05,608775950.3461711,625998.0,120206.5,172248139.5
2024-05-06,534321337.7139056,519817.0,120211.5,165318346.5
2024-05-07,534321337.7139056,372643.0,,
2024-05-08,556219753.1939834,450856.0,121919.5,165552107.0
2024-05-09,613867438.0566123,517193.0,117187.5,161322252.5
2024-05-10,599332437.5790136,713791.0,148211.0,172666876.5
2024-05-11,657199017.7590562,719306.0,108299.0,160580551.5
2024-05-12,545599184.5546882,557164.0,112125.0,159777631.5
2024-05-13,607599091.8904481,554780.0,,
2024-05-14,562132493.1775575,422043.0,118183.0,155688305.0
2024-05-15,582799128.9561441,493012.0,154527.5,169963257.5
2024-05-16,586932456.1118613,476659.0,168650.0,166211318.5
2024-05-17,640665709.1361867,573492.0,151032.5,201784612.0
2024-05-18,529065875.9318188,401264.0,,
2024-05-19,636532381.9804695,644119.0,139928.5,166687838.5
2024-05-20,644799036.2919042,626995.0,167480.5,170225648.0
2024-05-21,570399147.4889922,545041.0,186481.0,175402833.0
2024-05-22,632399054.8247522,583279.0,192728.0,175645148.0
2024-05-23,706194547.0096976,744761.0,143182.0,139267103.0
2024-05-24,671140034.7624127,736439.0,,
2024-05-25,671140034.7624127,835040.0,166051.0,143822067.0
2024-05-26,704697036.5005332,852655.0,164678.0,148160789.5
2024-05-27,515938901.7236049,551610.0,168402.0,154236376.0
2024-05-28,562079779.1135205,596790.0,182030.0,162096104.0
2024-05-29,574663654.7653158,725428.0,,
2024-05-30,515938901.7236049,510417.0,184604.0,175492697.5
2024-05-31,620804532.1552316,701471.0,230783.0,162738164.0
2024-06-01,591442155.634376,740030.0,49373.0,38549534.0
2024-06-02,587247530.4171109,729202.0,,
2024-06-03,658556159.1106174,769224.0,53031.0,49320756.0
2024-06-04,562079779.1135205,627980.0,115369.0,72205121.0
2024-06-05,515938901.7236049,562049.0,193613.5,112780574.0
2024-06-06,554910858.050012,613472.0,178668.0,108303479.0
2024-06-07,590944002.9609013,263982.0,224085.0,176854600.0
2024-06-08,715791327.5301057,509927.0,,
2024-06-09,636721355.302943,767920.0,224897.0,132815312.0
2024-06-10,578459270.5039809,658037.0,211935.0,133121313.0
2024-06-11,511874030.7337383,463737.0,197908.5,143369025.5
2024-06-12,607590312.9034619,690560.0,204776.0,150944082.5
2024-06-13,603428735.4178218,731254.0,,
2024-06-14,532681918.1619392,604349.0,44729.5,26511537.5
2024-06-15,557651383.07578,452945.0,105716.0,89956483.5
2024-06-16,678337130.1593444,461748.0,79722.5,93704889.0
2024-06-17,582620847.9896209,441215.0,130666.5,122203928.5
2024-06-18,632559777.8173028,617202.0,142784.0,135156125.5
2024-06-19,570136115.5327007,634554.0,,
2024-06-20,553323137.1046984,532756.0,168599.0,144880741.0
2024-06-21,582332779.002438,592843.0,160880.0,145294367.0
2024-06-22,632247017.2026471,681420.0,183067.0,147202550.5
2024-06-23,465866223.2019504,492352.0,163308.5,143174381.5
2024-06-24,632247017.2026471,528326.0,,
2024-06-25,515780461.4021594,536347.0,149762.0,143133841.0
2024-06-26,503301901.8521072,490817.0,191407.0,148884592.0
2024-06-27,540737580.5022639,414624.0,193142.5,163147360.5
2024-06-28,561535179.7523509,593984.0,200852.0,157469051.0
2024-06-29,653044616.4527341,712249.0,159799.5,150040307.5
2024-06-30,503301901.8521072,505127.0,,
2024-07-01,586492298.8524554,611062.0,121779.0,106477026.5
2024-07-02,615608937.8025774,592285.0,130585.0,107722281.0
2024-07-03,603130378.2525251,545044.0,127935.0,106859256.5
2024-07-04,582332779.002438,538097.0,146397.5,112459621.0
2024-07-05,481691507.2021622,490537.0,,
2024-07-06,652035052.9717106,658042.0,134017.0,110069023.5
2024-07-07,557193590.72128,673752.0,140681.5,117928326.5
2024-07-08,628324687.409103,593010.0,139172.5,126738304.5
2024-07-09,608566049.4402633,654037.0,57624.5,32394511.0
2024-07-10,537434952.7524403,631745.0,80641.0,53644504.0
2024-07-11,553241863.127512,642066.0,,
2024-07-12,592759139.0651915,658355.0,106802.5,60603215.5
2024-07-13,608566049.4402633,735686.0,153901.5,81243298.5
2024-07-14,659938508.1592464,586548.0,92746.5,48092014.0
2024-07-15,604614321.8464954,552901.0,85150.0,39536601.5
2024-07-16,580903956.2838876,529056.0,,
2024-07-17,628324687.409103,615870.0,96188.5,45208953.5
2024-07-18,515102118.23597115,445574.0,116352.5,52801751.5
2024-07-19,599556361.5235602,507940.0,123070.5,49968312.5
2024-07-20,672971426.1999145,680335.0,85835.0,36875755.5
2024-07-21,689285885.0168821,859629.0,149812.5,44881306.0
2024-07-22,730072032.0593011,824999.0,,
2024-07-23,689285885.0168821,838977.0,144717.0,49988906.0
2024-07-24,571006058.5938667,596458.0,171227.5,54913620.0
2024-07-25,664814196.7914306,719711.0,150945.5,53774354.0
2024-07-26,652578352.6787051,459067.0,138047.0,59626115.0
2024-07-27,628106664.4532535,445730.0,177511.5,63584723.5
2024-07-28,603634976.227802,753703.0,,
2024-07-29,725993417.3550591,826129.0,121726.0,53220994.0
2024-07-30,611792205.6362859,683096.0,124742.5,54252122.0
2024-07-31,613215974.0238556,562819.0,156087.0,67271526.0
2024-08-01,630987879.9602102,544430.0,102034.5,61908218.0
2024-08-02,563382035.6787592,410113.0,,
2024-08-03,608452598.53306,504062.0,88064.0,54674178.0
2024-08-04,644509048.8165007,524595.0,160570.5,46556151.5
2024-08-05,703100780.5270916,548857.0,195825.0,71870219.0
2024-08-06,630987879.9602102,485173.0,209238.0,83541412.0
2024-08-07,549860866.8224689,380097.0,216156.0,103764124.0
2024-08-08,581410260.8204794,487399.0,,
2024-08-09,585917317.1059096,396419.0,48431.5,21615282.0
2024-08-10,581410260.8204794,548777.0,39547.5,31620569.0
2024-08-11,725636061.954242,644814.0,38496.0,51832884.0
2024-08-12,617466711.1039201,450024.0,73719.0,67642564.5
2024-08-13,671551386.529081,579618.0,,
2024-08-14,594742777.8026003,504701.0,85420.0,68496318.5
2024-08-15,690944705.8016886,660924.0,119954.0,82196563.5
2024-08-16,613213426.3989986,575811.0,115580.0,79997924.5
2024-08-17,643442257.2778225,702540.0,128789.5,85450844.5
2024-08-18,673671088.1566465,769702.0,176287.5,94579874.0
2024-08-19,561392573.463872,553394.0,,
2024-08-20,647760661.689083,717337.0,192188.5,104983996.5
2024-08-21,634805448.4553014,687685.0,182341.5,105980132.5
2024-08-22,690944705.8016886,795102.0,155889.0,99801504.0
2024-08-23,708218323.4467307,799839.0,188435.5,100680052.5
2024-08-24,660715874.9228647,794380.0,,
2024-08-25,574347786.6976537,705838.0,161713.0,81973736.0
2024-08-26,578666191.1089141,600722.0,157047.0,67877926.0
2024-08-27,613213426.3989986,673811.0,161720.5,69840669.0
2024-08-28,703794017.3679069,733530.0,152195.0,66748767.0
2024-08-29,587091196.5963086,524362.0,133375.0,64795511.0
2024-08-30,631567802.399059,542101.0,,
2024-08-31,653806105.3004345,701952.0,122293.5,60737958.0
2024-09-01,631567802.399059,651871.0,122382.0,57695503.0
2024-09-02,742759316.9059358,754904.0,122364.5,60948609.0
2024-09-03,662701426.4609846,582751.0,157704.5,66059805.0
2024-09-04,671596747.6215348,722736.0,124519.5,59526625.0
2024-09-05,689387389.9426349,721251.0,,
2024-09-06,644910784.1398844,667267.0,157501.0,66715998.0
2024-09-07,702730371.68346,781426.0,137259.5,63705116.5
2024-09-08,742759316.9059358,910083.0,180877.0,70370116.0
2024-09-09,644910784.1398844,572398.0,166880.5,91499796.5
2024-09-10,609329499.4976839,568630.0,,
2024-09-11,495458846.64224994,411402.0,190990.5,102361180.5
2024-09-12,700222814.5578787,563521.0,191991.0,109628842.0
2024-09-13,566627672.3067043,419047.0,206021.0,115374130.5
2024-09-14,640335336.9970075,638989.0,185532.0,111016402.0
2024-09-15,695616085.5147347,712474.0,170651.0,105721780.5
2024-09-16,575841130.3929921,504540.0,,
2024-09-17,691009356.4715909,539113.0,155262.0,103095210.0
2024-09-18,635728607.9538636,541476.0,156541.5,100534238.0
2024-09-19,562020943.2635604,455707.0,190355.0,105111659.0
2024-09-20,667975711.255871,526390.0,167659.0,102526349.0
2024-09-21,621908420.8244318,557444.0,,
2024-09-22,626515149.8675756,628230.0,130247.5,90384547.0
2024-09-23,672582440.299015,580102.0,112303.5,79042729.5
2024-09-24,667975711.255871,532220.0,96563.0,79715543.5
2024-09-25,657005311.2676694,503460.0,100134.0,83495246.0
2024-09-26,571298868.1801282,474766.0,137311.5,95431773.0
2024-09-27,602061114.928289,451723.0,,
2024-09-28,566904261.5018196,507707.0,136176.0,97041217.0
2024-09-29,681164035.1378452,687427.0,116607.5,91127196.0
2024-09-30,602061114.928289,594224.0,117476.0,96932237.0
2024-10-01,689953248.4944626,632894.0,142491.5,100381975.5
2024-10-02,681164035.1378452,590981.0,,
2024-10-03,694347855.1727712,582777.0,125380.5,89007206.0
2024-10-04,742688528.6341666,561425.0,123030.5,83166026.0
2024-10-05,663585608.4246106,757575.0,167765.5,94856019.5
2024-10-06,667980215.1029191,742158.0,146903.5,91792686.0
2024-10-07,681164035.1378452,717700.0,187848.5,100671192.5
2024-10-08,733899315.2775493,719458.0,,
2024-10-09,574966972.3426994,536887.0,179678.5,97443778.5
2024-10-10,709250575.4670075,746211.0,208303.5,102324893.5
2024-10-11,640613423.0024583,633252.0,226768.5,109638255.0
2024-10-12,654340853.4953684,736321.0,220183.0,111524326.5
2024-10-13,631461802.673852,648739.0,214937.0,102532214.0
2024-10-14,636037612.8381552,611683.0,,
2024-10-15,713826385.6313109,646891.0,166879.0,94339149.0
2024-10-16,645189233.1667618,708342.0,167537.5,92382499.0
2024-10-17,718402195.7956142,653027.0,163691.5,97148795.0
2024-10-18,622310182.3452455,474279.0,174852.0,93261972.5
2024-10-19,791615158.4244666,735561.0,,
2024-10-20,791615158.4244666,778073.0,151691.5,83624270.0
2024-10-21,782463538.0958601,835011.0,97823.0,68536668.5
2024-10-22,638125714.2515116,700174.0,147320.5,79979372.5
2024-10-23,718143298.2753785,665187.0,115196.0,75037279.0
2024-10-24,699119634.7449049,681834.0,155327.5,79402159.0
2024-10-25,727655130.0406153,524014.0,,
2024-10-26,694363718.8622864,597744.0,104460.0,57442577.0
2024-10-27,765702457.1015625,700814.0,95594.0,54711568.0
2024-10-28,798993868.2798914,702824.0,106107.5,57726567.0
2024-10-29,746678793.571089,614981.0,137810.5,62264839.0
2024-10-30,803749784.1625097,682099.0,,
2024-10-31,751434709.4537071,562237.0,122432.5,95291649.0
2024-11-01,727655130.0406153,547888.0,121913.0,86829244.5
2024-11-02,670584139.4491944,544612.0,118806.5,88188454.5
2024-11-03,627780896.505629,455402.0,113037.5,75159581.5
2024-11-04,720519107.2542773,456826.0,108763.5,62952211.5
2024-11-05,702351988.6923242,465286.0,,
2024-11-06,773092476.7620546,501641.0,116289.0,54504432.5
2024-11-07,788251152.776997,553047.0,96707.5,59617084.0
2024-11-08,717510664.7072663,497146.0,119996.0,74214873.5
2024-11-09,702351988.6923242,577368.0,126301.5,74843761.5
2024-11-10,747828016.7371509,558278.0,,
2024-11-11,687193312.6773819,462458.0,135155.5,72919295.0
2024-11-12,737722232.7271894,503677.0,129614.0,76520299.0
2024-11-13,697299096.6873435,570979.0,184913.0,89113661.0
2024-11-14,641717284.6325549,503566.0,192106.0,81898012.0
2024-11-15,757933800.7471123,562223.0,172658.0,74759766.0
2024-11-16,793304044.7819778,602655.0,,
2024-11-17,757933800.7471123,598496.0,153372.0,61768839.5
2024-11-18,789177471.4803329,673308.0,164799.5,64756193.0
2024-11-19,889845955.1158988,810805.0,205059.0,71709843.5
2024-11-20,747470602.2973549,664866.0,182782.0,64251523.5
2024-11-21,732216100.2096539,498512.0,,
2024-11-22,727131266.1804202,540305.0,155995.0,56684208.0
2024-11-23,701707096.0342517,444699.0,147186.0,64672314.5
2024-11-24,681367759.9173166,463289.0,136259.0,51968640.5
2024-11-25,859336950.9404964,604870.0,114399.0,43734009.5
2024-11-26,706791930.0634853,475689.0,138520.5,49735354.0
2024-11-27,676282925.8880831,462119.0,,
2024-11-28,722046432.1511863,523480.0,99618.0,43191413.5
2024-11-29,615264917.5372787,341781.0,112134.5,52849675.5
2024-11-30,833912780.7943279,640943.0,106530.5,48619358.5
2024-12-01,803403776.6189257,698223.0,127718.0,54508299.0
2024-12-02,649582756.2207783,311811.0,134644.0,59472699.0
2024-12-03,811042070.6273791,439519.0,,
2024-12-04,759383340.0141702,502912.0,133957.0,55654333.0
2024-12-05,800710324.5047373,512490.0,129453.0,55225069.0
2024-12-06,702558736.3396405,414643.0,136609.5,69837147.5
2024-12-07,733553974.7075658,456101.0,162315.0,81653928.5
2024-12-08,754217466.9528493,420320.0,,
2024-12-09,862700801.2405878,403264.0,138948.5,73707882.0
2024-12-10,795544451.4434165,441944.0,128586.0,62170166.0
2024-12-11,733553974.7075658,481168.0,144491.0,66939327.0
2024-12-12,764549213.0754911,474978.0,139246.0,68154243.0
2024-12-13,878198420.4245505,523585.0,144843.5,72745825.0
2024-12-14,821373816.7500207,517482.0,,
2024-12-15,707724609.4009614,378527.0,133125.5,70798992.0
2024-12-16,796354777.917631,412747.0,129508.5,75226795.0
2024-12-17,733677850.1420219,419707.0,143097.0,84264970.0
2024-12-18,776835370.7386113,414366.0,134605.0,78454574.0
2024-12-19,782230060.8131851,437574.0,,
2024-12-20,814598201.2606272,398670.0,138649.5,77725760.5
2024-12-21,782230060.8131851,330225.0,141983.0,77202515.5
2024-12-22,836176961.5589218,336217.0,128128.0,71408504.5
2024-12-23,749861920.3657429,292681.0,124946.0,74725103.5
2024-12-24,712099089.8437271,326570.0,112673.5,70041180.5
2024-12-25,814598201.2606272,405831.0,,
2024-12-26,706704399.7691535,298916.0,86153.0,63920409.5
2024-12-27,852361031.782643,348241.0,84272.5,60648386.0
2024-12-28,771440680.6640378,298580.0,161378.0,71975330.5
2024-12-29,853049703.3260739,419112.0,152372.0,63665018.5
2024-12-30,867710155.9849901,374721.0,,
2024-12-31,703991258.6293316,312513.0,150245.0,60859759.5
2025-01-01,764021520.9930731,292213.0,154671.5,63210569.0
2025-01-02,911368528.6131656,402440.0,159380.5,51140777.0
2025-01-03,774936114.1501169,409341.0,159708.0,65032515.5
2025-01-04,813137190.1997707,432302.0,156142.5,54056990.5
2025-01-05,851338266.2494245,433954.0,,
2025-01-06,725820444.9434196,366260.0,149746.5,45560707.5
2025-01-07,731277741.5219413,352121.0,152261.0,50477937.5
2025-01-08,682162072.3152436,399976.0,173675.0,59996764.0
2025-01-09,829509079.9353366,534013.0,152832.0,55242042.5
2025-01-10,774936114.1501169,408769.0,171440.0,49902654.0
2025-01-11,753106927.8360293,361190.0,,
2025-01-12,939753829.6056751,380525.0,153712.0,40109110.0
2025-01-13,702796044.3776932,408248.0,150749.5,47633897.0
2025-01-14,845551490.8919123,352684.0,122396.0,38037027.0
2025-01-15,763192579.4414012,354014.0,126949.5,43226590.5
2025-01-16,702796044.3776932,375439.0,,
2025-01-17,823589114.5051093,425661.0,135620.0,45641808.5
2025-01-18,713777232.5710948,360666.0,110336.5,41990995.0
2025-01-19,823589114.5051093,388509.0,108021.5,50480384.5
2025-01-20,834570302.6985108,350291.0,115937.5,65759703.5
2025-01-21,730249014.861197,324412.0,117212.5,56566065.0
2025-01-22,823589114.5051093,432369.0,,
2025-01-23,746720797.1512991,326010.0,103854.5,45382513.0
2025-01-24,768683173.5381019,369243.0,100619.0,48013778.5
2025-01-25,702796044.3776932,338988.0,110252.0,51379060.5
2025-01-26,752211391.2479999,309651.0,68441.0,38549238.5
2025-01-27,841602268.6110247,332102.0,,
2025-01-28,795344639.2008113,305953.0,58585.5,22392446.5
2025-01-29,832962291.0549035,355332.0,65132.0,13917440.0
2025-01-30,779222788.4062003,335134.0,49537.0,18071127.5
2025-01-31,671743783.1087936,328684.0,18229.5,27751059.0
2025-02-01,988806848.7361435,357439.0,3958.0,1396031.5
2025-02-02,918945495.2928294,383258.0,,
2025-02-03,822214390.5251629,360484.0,11829.5,28373518.0
2025-02-04,703987484.6980155,308619.0,6307.5,5284254.0
2025-02-05,773848838.1413299,381126.0,10696.0,5840302.5
2025-02-06,779222788.4062003,428326.0,13340.5,9653471.0
2025-02-07,929693395.8225701,498394.0,,
2025-02-08,859832042.3792553,469138.0,5720.0,5138834.0
2025-02-09,795293751.4100475,385420.0,3780.5,7129706.0
2025-02-10,788864727.616627,359522.0,902.5,328187.0
2025-02-11,703735440.4637535,337513.0,13187.0,9591505.5
2025-02-12,754813012.7554775,386539.0,14650.5,17672261.5
2025-02-13,896695158.0102665,379906.0,,
2025-02-14,862643443.1491172,346002.0,3987.5,4632159.5
2025-02-15,908045729.6306497,306930.0,737.5,2577883.0
2025-02-16,856968157.3389257,300091.0,3897.5,1445536.0
2025-02-17,777514155.996244,333466.0,17824.0,27780866.5
2025-02-18,794540013.4268184,422709.0,9308.5,12350957.5
2025-02-19,715086012.0841366,448569.0,,
2025-02-20,737787155.324903,480465.0,30758.0,29401202.5
2025-02-21,732111869.5147113,459909.0,67551.0,47887215.5
2025-02-22,788864727.616627,551849.0,76401.5,63692621.5
2025-02-23,728533880.978175,572814.0,117361.5,78414647.5
2025-02-24,714530229.8374169,514086.0,,
2025-02-25,807968798.3546175,497063.0,96055.5,73186288.5
2025-02-26,862932662.1882651,403575.0,96742.5,77450602.0
2025-02-27,824457957.5047117,325162.0,58266.5,69550580.5
2025-02-28,857436275.8049003,386183.0,11806.0,45490338.0
2025-03-01,791479639.2045234,290895.0,9056.5,35692176.0
2025-03-02,692544684.3039575,264912.0,,
2025-03-03,824457957.5047117,374224.0,9303.5,45241722.0
2025-03-04,802472411.9712528,304773.0,8985.5,51765029.5
2025-03-05,736515775.3708757,309176.0,12277.0,52323906.5
2025-03-06,934385685.1720064,370349.0,10476.5,25578018.5
2025-03-07,780486866.4377937,313588.0,,
2025-03-08,753004934.5209701,292451.0,10162.0,24604706.5
2025-03-09,878012411.8108668,300380.0,4489.5,8640167.0
2025-03-10,858547242.188255,446224.0,13526.5,13794625.0
2025-03-11,769347528.7141508,376740.0,26495.5,19009623.5
2025-03-12,852972260.0961236,428828.0,14028.0,11213832.0
2025-03-13,886422152.6489124,532638.0,,
2025-03-14,791647457.0826768,439189.0,13269.0,9573418.5
2025-03-15,735897636.1613616,473428.0,16335.0,19206546.5
2025-03-16,808372403.3590714,471115.0,14936.5,19846532.5
2025-03-17,780497492.8984137,380493.0,10091.5,21326667.5
2025-03-18,791647457.0826768,369237.0,,
2025-03-19,847397278.0039921,441661.0,8861.5,7275580.5
2025-03-20,791647457.0826768,337973.0,7410.0,43827828.5
2025-03-21,808372403.3590714,321230.0,5668.0,39610729.0
2025-03-22,836247313.819729,413839.0,21726.0,18423355.0
2025-03-23,876571559.8921037,533755.0,17262.5,28204613.5
2025-03-24,870857131.0489082,483673.0,,
2025-03-25,842582548.8719956,505859.0,28083.5,29226110.0
2025-03-26,859547298.1781431,515068.0,17296.0,23846186.5
2025-03-27,836927632.4366131,437476.0,16241.5,26117899.0
2025-03-28,870857131.0489082,397685.0,15869.5,30445178.5
2025-03-29,797343217.3889353,290139.0,2427.5,11507237.5
2025-03-30,774723551.6474054,305206.0,,
2025-03-31,836927632.4366131,318279.0,4721.0,1849589.0
2025-04-01,763413718.7766403,356323.0,6752.0,3066543.5
2025-04-02,972645626.8857933,399055.0,7415.0,2178624.5
2025-04-03,859547298.1781431,392043.0,9717.0,4123398.0
2025-04-04,1017884958.3688537,429861.0,,
2025-04-05,948981343.907835,293474.0,1709.0,837453.0
2025-04-06,875826848.0097468,279475.0,3529.5,2555862.0
2025-04-07,875826848.0097468,309387.0,10243.5,5294943.5
2025-04-08,924148329.2792498,363972.0,4905.5,1792096.0
2025-04-09,791264255.7881161,317312.0,2014.0,642499.0
2025-04-10,869786662.851059,322464.0,,
2025-04-11,893947403.4858105,405030.0,5384.0,1469355.0
2025-04-12,869786662.851059,409511.0,1054.0,326490.5
2025-04-13,1038911847.2943201,455139.0,2392.5,951716.0
2025-04-14,899987588.6444983,441688.0,2046.5,610084.0
2025-04-15,869786662.851059,442899.0,,
2025-04-16,893947403.4858105,507129.0,19791.0,9266627.0
2025-04-17,924148329.2792498,557181.0,10771.0,3194437.5
2025-04-18,821465181.5815556,508733.0,15401.5,5563974.0
2025-04-19,847396221.1293446,545076.0,34069.5,14972657.0
2025-04-20,753499802.4397362,468737.0,20203.5,12147710.0
2025-04-21,771877846.401681,444986.0,,
2025-04-22,949532271.367147,518267.0,23240.0,11860640.5
2025-04-23,698365670.5539016,418203.0,29123.5,16132185.0
2025-04-24,863768066.2114046,464739.0,23500.0,22042954.0
2025-04-25,882146110.1733494,392451.0,12283.0,21640238.5
2025-04-26,814759948.9795519,321357.0,,
2025-04-27,827011978.2875152,441827.0,6126.0,6183395.5
2025-04-28,863768066.2114046,409765.0,5205.0,5950292.0
2025-04-29,894398139.4813126,467725.0,23515.0,11270395.5
2025-04-30,808633934.3255703,350729.0,13788.0,22552295.0
2025-05-01,827011978.2875152,331199.0,13221.0,19912149.5
2025-05-02,974036329.9830736,379268.0,,
2025-05-03,999957994.4593519,389717.0,3111.0,5270627.5
2025-05-04,823060870.7158544,347977.0,2656.0,4220884.5
2025-05-05,1036227714.9300332,402262.0,1450.0,490258.0
2025-05-06,817139569.4876828,332218.0,8126.0,9343624.0
2025-05-07,894116485.453914,343011.0,1793.0,5820652.5
2025-05-08,941486895.2792871,373813.0,,
2025-05-09,828982171.944026,334543.0,3562.5,9897296.5
2025-05-10,888195184.2257423,331074.0,1517.5,3126965.5
2025-05-11,882273882.9975705,281756.0,1016.5,291208.0
2025-05-12,858588678.0848842,378285.0,3100.0,1132133.5
2025-05-13,769769159.6623099,295785.0,,
2025-05-14,852667376.8567126,326818.0,4806.0,7933799.0
2025-05-15,864509979.3130558,374153.0,1644.5,3980422.5
2025-05-16,805296967.0313396,363786.0,9030.5,12089824.0
2025-05-17,853317480.0820746,291797.0,8902.5,8529752.0
2025-05-18,979723251.2998109,629314.0,30245.5,13435799.5
2025-05-19,852722089.09428,585883.0,,
2025-05-20,895055809.829457,569769.0,49783.0,23486451.5
2025-05-21,870865112.2664988,422191.0,21421.5,9062134.0
2025-05-22,907151158.610936,467803.0,12723.5,14553415.5
2025-05-23,937389530.5646338,444625.0,2645.0,10245003.0
2025-05-24,852722089.09428,395420.0,,
2025-05-25,913198833.0016756,356355.0,5978.5,2331667.5
2025-05-26,925294181.7831548,358290.0,1000.0,485063.0
2025-05-27,852722089.09428,422984.0,5071.5,3089936.0
2025-05-28,991818600.0812899,541153.0,26363.0,8497142.0
2025-05-29,961580228.1275918,382859.0,2436.5,1219054.5
2025-05-30,937389530.5646338,396232.0,,
2025-05-31,1016284104.8877773,299392.0,1179.0,420845.0
2025-06-01,839539043.1681639,256072.0,6390.5,3919557.0
2025-06-02,839539043.1681639,346488.0,7325.0,3906061.0
2025-06-03,908974603.1294405,358895.0,8387.0,7326769.0
2025-06-04,795352777.73826,337037.0,,
2025-06-05,845851366.801007,320509.0,2004.5,648819.0
2025-06-06,845851366.801007,298643.0,1326.0,408999.0
2025-06-07,902662279.4965969,290718.0,6952.5,2786530.0
2025-06-08,965785515.8250304,307505.0,4556.5,1358163.0
2025-06-09,883725308.5980667,361275.0,7713.0,8921998.0
2025-06-10,1066782693.9505239,428797.0,,
2025-06-11,890037632.2309102,347263.0,4359.5,1533534.0
2025-06-12,934223897.6608136,425413.0,3172.0,1364538.0
2025-06-13,915286926.7622839,351499.0,2676.0,895971.0
2025-06-14,949216466.5546213,273850.0,8984.5,2365672.0
2025-06-15,854616743.0404905,281934.0,1244.0,446883.0
2025-06-16,917456209.4405266,361092.0,,
2025-06-17,741505703.5204258,354536.0,12210.5,7216569.5
2025-06-18,879752529.6005048,441317.0,15105.5,6000039.0
2025-06-19,798061223.2804582,308332.0,15229.0,7682210.0
2025-06-20,948875942.6405447,353459.0,14241.5,6774512.0
2025-06-21,886036476.2405084,309613.0,,
2025-06-22,672382290.480386,265421.0,3330.5,1432745.0
2025-06-23,672382290.480386,290678.0,13154.5,4670848.0
2025-06-24,735221756.880422,279124.0,27827.5,13051286.5
2025-06-25,898604369.5205159,387919.0,5355.5,3805152.0
2025-06-26,986579622.4805663,504341.0,14630.5,13161236.0
2025-06-27,722653863.6004148,335434.0,,
2025-06-28,911172262.800523,388943.0,10602.5,10995315.0
2025-06-29,995260121.1336331,380608.0,8620.0,2422955.0
2025-06-30,843035679.3574839,339268.0,9947.5,3820578.0
2025-07-01,779081248.5096745,325613.0,7823.0,3540135.5
2025-07-02,889547992.701345,366147.0,,
2025-07-03,877919914.3653797,361041.0,1623.5,846177.0
2025-07-04,924432227.709241,366873.0,3080.5,1124845.5
2025-07-05,912804149.3732755,427456.0,564.5,147280.0
2025-07-06,930246266.8772235,506401.0,4542.0,1403950.0
2025-07-07,877919914.3653797,360355.0,17687.5,7777452.0
2025-07-08,825593561.8535358,354753.0,,
2025-07-09,953502423.549154,444726.0,10137.5,2558803.0
2025-07-10,994200697.7250328,446575.0,3137.0,2523346.5
2025-07-11,872105875.197397,408758.0,13612.5,5763429.5
2025-07-12,918141001.6128464,395744.0,10488.5,4201629.0
2025-07-13,859946006.057642,399761.0,,
2025-07-14,910161831.228891,457360.0,17206.0,6911695.0
2025-07-15,1029424416.010608,418737.0,2148.5,643359.0
2025-07-16,822284137.1792051,399196.0,7998.0,2197821.0
2025-07-17,853669027.9112357,433844.0,11820.0,3484573.0
2025-07-18,903884853.0824848,452162.0,1732.5,554423.0
2025-07-19,891330896.7896729,426040.0,,
2025-07-20,935269743.8145157,414919.0,6237.5,1415338.5
2025-07-21,941546721.960922,384438.0,14113.0,4466777.0
2025-07-22,941546721.960922,421750.0,6924.5,4648286.5
2025-07-23,878776940.4968604,366826.0,4128.0,3696369.5
2025-07-24,922715787.5217032,409736.0,7632.5,4684612.5
2025-07-25,1004316503.4249833,427905.0,,
2025-07-26,970032969.1338755,573275.0,21085.5,4891599.0
2025-07-27,869131963.3112651,472894.0,1882.5,516649.5
2025-07-28,919884194.7454995,502252.0,11957.0,3360649.5
2025-07-29,710531240.0792824,350960.0,17895.0,5772375.5
2025-07-30,869131963.3112651,423333.0,,
2025-07-31,976980455.1090133,485215.0,775.5,262058.0
2025-08-01,957948368.3211753,400385.0,1643.0,610165.0
2025-08-02,919884194.7454995,309743.0,4111.5,6183710.0
2025-08-03,983324484.0382924,283479.0,1152.5,377602.5
2025-08-04,1084828946.9067616,443301.0,4690.0,1822124.0
2025-08-05,875475992.2405444,411399.0,,
2025-08-06,913540165.8162203,496208.0,878.0,281582.5
2025-08-07,1021388657.6139685,565200.0,3285.5,1561968.0
2025-08-08,870485436.2761792,474798.0,23544.5,5857017.0
2025-08-09,746374213.3917352,376121.0,9546.0,3325069.5
2025-08-10,868625162.1369333,400467.0,,
2025-08-11,945836287.6602162,449633.0,917.0,336822.0
2025-08-12,881493683.0574806,367063.0,2528.5,917769.5
2025-08-13,1003744631.8026783,441094.0,2992.0,1070806.0
2025-08-14,1042350194.56432,484085.0,6380.5,2534952.5
2025-08-15,862190901.6766596,430405.0,5607.0,2077951.0
2025-08-16,978007589.9615842,401706.0,,
2025-08-17,978007589.9615842,440879.0,1175.5,367929.0
2025-08-18,990876110.8821313,478104.0,1053.5,398517.0
2025-08-19,862190901.6766596,412417.0,3603.0,1771317.5
2025-08-20,907230724.8985746,424869.0,685.5,198437.5
2025-08-21,958704808.5807632,447767.0,,
2025-08-22,939585701.641628,459717.0,674.5,177113.5
2025-08-23,980001769.6141683,467080.0,1144.0,395327.5
2025-08-24,1057370330.3731811,525890.0,667.0,219150.0
2025-08-25,909080588.9184059,482127.0,3931.5,1411045.5
2025-08-26,967107009.4876657,456605.0,1338.0,365126.0
2025-08-27,967107009.4876657,499276.0,,
2025-08-28,1025133430.0569257,575612.0,1778.0,713857.5
2025-08-29,1063817710.4364324,596157.0,1365.5,343992.0
2025-08-30,1018686049.9936746,628513.0,3982.0,1306804.0
2025-08-31,851054168.3491462,472908.0,3739.5,1000146.0
2025-09-01,1038028190.1834283,598757.0,1083.0,281482.0
2025-09-02,1050922950.3099302,592659.0,,
2025-09-03,883291068.6654017,411173.0,2790.0,1132674.0
2025-09-04,902633208.8551546,395181.0,2612.0,961440.0
2025-09-05,957592801.7399701,416432.0,3465.0,1385270.5
2025-09-06,946761026.3534616,441035.0,751.0,297805.5
2025-09-07,1041437128.988808,586276.0,,
2025-09-08,1082012601.5468137,567934.0,1945.0,688951.0
2025-09-09,1129350652.8644862,619514.0,4108.5,1909189.0
2025-09-10,1149638389.1434891,643239.0,3609.5,984155.0
2025-09-11,1014386813.9501374,598468.0,3727.0,1514486.5
2025-09-12,811509451.1601102,396513.0,15977.5,4799163.5
2025-09-13,953523605.1131293,533108.0,,
2025-09-14,1034674550.2291405,534198.0,1325.5,339820.0
2025-09-15,1102300337.8258162,535154.0,4666.5,1398728.0
2025-09-16,1082012601.5468137,536633.0,4668.0,1562204.0
2025-09-17,865610081.2374508,362913.0,7560.0,3055242.0
2025-09-18,1087599379.1411881,448521.0,,
2025-09-19,1188749380.7897809,478312.0,1028.0,408908.0
2025-09-20,1082611043.2192645,498549.0,1486.5,631465.5
2025-09-21,1146294045.7615743,513490.0,1309.0,445319.0
2025-09-22,1061383375.7051616,456797.0,1375.5,441920.0
2025-09-23,1018928040.676955,495947.0,686.5,180064.0
2025-09-24,1082611043.2192645,522936.0,,
2025-09-25,997700373.1628518,431725.0,1383.5,535928.0
2025-09-26,934017370.6205422,419078.0,3211.5,952091.5
2025-09-27,1096762821.5620003,526116.0,8679.0,2181615.0
2025-09-28,1167521713.2756777,635424.0,1000.0,235951.0
2025-09-29,990624483.9914839,444460.0,,
2025-09-30,1139218156.5902066,555361.0,1196.5,324596.5
2025-10-01,1076906913.283782,473880.0,576.5,202679.5
2025-10-02,1019764936.475331,381586.0,1432.0,648454.5
2025-10-03,884796047.8241848,387726.0,12862.0,4073098.5
2025-10-04,1004768393.2918702,422031.0,1809.5,702778.5
2025-10-05,1117242467.1678262,525372.0,,
2025-10-06,922287405.7828363,431274.0,2392.5,787153.0
2025-10-07,1034761479.6587919,430492.0,1538.0,478152.0
2025-10-08,1109744195.5760958,427474.0,1976.0,589692.0
2025-10-09,899792591.007645,367782.0,5626.0,1342793.0
2025-10-10,989771850.1084098,418155.0,9259.0,4562943.5
2025-10-11,1102245923.9843652,444087.0,,
2025-10-12,1087249380.8009045,463487.0,932.5,394070.5
2025-10-13,1139737281.943017,491572.0,5479.0,1713760.0
2025-10-14,1267207899.0024335,562791.0,4158.0,1225419.5
2025-10-15,1079751109.2091742,480244.0,1848.5,672182.5
2025-10-16,1124278123.987008,497400.0,,
2025-10-17,1159633832.2093213,480068.0,403.5,118397.0
2025-10-18,1203393599.4625034,564018.0,504.5,129226.0
2025-10-19,1013767941.3653816,443253.0,1121.5,325114.5
2025-10-20,1086700886.7873514,424653.0,3679.5,1253372.5
2025-10-21,1093994181.3295484,429039.0,2092.0,565664.0
2025-10-22,1115874064.956139,489141.0,,
2025-10-23,1035647824.9919723,426260.0,799.5,303901.5
2025-10-24,1305499723.053261,571212.0,1091.0,318381.0
2025-10-25,1166927126.751518,504399.0,1417.0,401805.5
2025-10-26,1072114297.7029574,521328.0,1116.0,325189.0
2025-10-27,1072114297.7029574,507349.0,,
2025-10-28,1181513715.835912,524707.0,1279.5,392595.5
2025-10-29,929747081.6588961,392028.0,1351.0,364790.5
2025-10-30,1240553837.6668227,554058.0,4049.0,1121467.0
2025-10-31,1085484607.9584696,460063.0,9882.5,4172027.5
2025-11-01,1069977684.9876347,391320.0,2679.0,767873.5
2025-11-02,1201786530.2397344,408092.0,,
2025-11-03,1100991530.929305,447703.0,5221.0,1784797.0
2025-11-04,1015703454.5897113,375984.0,2467.0,770782.5
2025-11-05,1069977684.9876347,396072.0,4469.0,2310110.5
2025-11-06,1085484607.9584696,416278.0,6175.5,2175712.0
2025-11-07,1100991530.929305,476245.0,,
2025-11-08,930415378.2501172,351420.0,2000.5,627295.0
2025-11-09,1093238069.4438875,466347.0,728.5,238001.0
2025-11-10,1085484607.9584696,449593.0,1321.0,392641.0
2025-11-11,1186279607.2688992,481949.0,1647.5,501595.0
2025-11-12,1086613750.3494294,451023.0,5045.0,1423018.5
2025-11-14,,,3379.5,982047.0
2025-11-15,,,1771.5,729007.5
2025-11-16,1203542966.8475492,581852.0,3764.5,1198095.5
2025-11-17,938612125.0886546,415543.0,8491.0,3741161.5
2025-11-18,1006737198.683799,317239.0,2797.0,892002.0
2025-11-19,1037015009.1705301,361791.0,,
2025-11-20,991598293.4404337,361895.0,987.0,310993.0
2025-11-21,1142987345.8740876,413267.0,2323.5,739050.5
2025-11-22,1082431724.900626,472342.0,634.5,240278.0
2025-11-23,1074862272.2789433,317173.0,2623.5,761921.5
2025-11-24,1082431724.900626,400125.0,,
2025-11-25,870487051.4935104,350825.0,2586.0,1277386.0
2025-11-26,1241390229.9559624,477042.0,1797.5,1582454.5
2025-11-27,1061465507.6302311,403825.0,670.5,244537.0
2025-11-28,1113270480.6428328,511691.0,2219.0,602220.0
2025-11-29,1016787038.987121,400703.0,1376.5,475495.5
2025-11-30,1239441135.1156871,517534.0,,
2025-12-01,987099826.1699785,402123.0,2735.5,1379382.5
2025-12-02,942569006.9442655,412650.0,4789.0,2108740.0
2025-12-03,979678022.9656931,429624.0,4210.5,1607400.5
2025-12-04,979678022.9656931,414109.0,7650.0,2319153.5
2025-12-05,883194581.309981,356330.0,,
2025-12-06,1209753922.2985451,527061.0,675.5,197114.5
2025-12-07,1187488512.6856885,543191.0,997.5,278950.0
2025-12-08,1098426874.2342618,580273.0,1573.0,447190.0
2025-12-09,957412613.3528363,448961.0,3894.5,1179703.5
2025-12-10,1150379496.6642606,550483.0,1342.0,371738.0
2025-12-11,1179902024.3226545,472857.0,,
2025-12-12,1068190154.3848839,417151.0,1480.0,537622.5
2025-12-13,1053456497.083023,495923.0,3064.5,1029048.0
2025-12-14,942954067.3190697,416686.0,1561.5,480350.5
2025-12-15,987155039.2246507,423355.0,1806.5,469575.5
2025-12-16,1082923811.686744,443734.0,,
2025-12-17,1016622353.8283721,446512.0,1139.5,393077.5
2025-12-18,1060823325.7339536,463881.0,1152.0,276878.0
2025-12-19,1068190154.3848839,434180.0,7075.0,2140591.0
2025-12-20,1082923811.686744,440896.0,1078.5,271749.5
2025-12-21,1016622353.8283721,441101.0,978.5,239139.0
2025-12-22,1023989182.4793022,427277.0,,
2025-12-23,1068190154.3848839,431004.0,594.0,195735.5
2025-12-24,1171325755.4979067,501255.0,2762.5,855140.5
2025-12-25,1016973817.768314,464027.0,1459.5,567544.5
2025-12-26,1149714808.6043208,517078.0,1545.5,419503.5
2025-12-27,1002315474.1678696,470913.0,2858.0,907575.5
2025-12-28,1142344841.882498,543992.0,,
2025-12-29,1134974875.1606758,547262.0,587.5,172763.0
2025-12-30,877026039.8968855,369499.0,8898.0,2570047.5
2025-12-31,980205574.0024016,408137.0,5577.5,2003325.5
2026-01-01,1112864974.9952078,469099.0,1803.5,518957.5
2026-01-02,1061275207.9424502,458965.0,,
2026-01-03,1142344841.882498,501272.0,518.5,153275.0
2026-01-04,1068645174.6642727,474589.0,1230.5,461710.5
2026-01-05,972835607.2805791,409625.0,4468.0,1176667.5
2026-01-06,958095673.8369341,424895.0,2150.5,815209.5
2026-01-07,1083385108.1079175,425191.0,792.0,248557.0
2026-01-08,965289669.1289088,334415.0,,
2026-01-09,1033929118.9983668,355655.0,2276.5,1426208.5
2026-01-10,1179552938.5756013,488786.0,709.5,189051.0
2026-01-11,888305299.4211321,290317.0,1845.0,453520.5
2026-01-12,1033929118.9983668,411249.0,4013.5,1085095.5
2026-01-13,982960782.146335,336329.0,,
2026-01-14,902867681.3788556,324327.0,3926.5,1185999.5
2026-01-15,1012085546.0617816,374223.0,3251.5,1047847.5
2026-01-16,946554827.2520258,361943.0,4083.5,1259176.0
2026-01-17,1084897455.850399,357391.0,3773.5,1188584.5
2026-01-18,1019366737.0406432,332526.0,1136.5,372530.5
2026-01-19,1092178646.8292608,354595.0,,
2026-01-20,968398400.1886113,383148.0,909.5,337339.0
2026-01-21,997523164.104058,428195.0,905.0,321182.5
2026-01-22,1163912656.954194,464040.0,5956.5,1855167.5
2026-01-23,985930374.4704596,436563.0,6682.5,2526198.0
2026-01-24,690151262.1293219,289144.0,,
2026-01-25,760574860.3057833,314920.0,2730.0,948562.5
2026-01-26,873252617.3881215,402432.0,4410.5,1883368.5
2026-01-27,859167897.7528292,362327.0,906.5,293660.0
2026-01-28,774659579.9410756,336095.0,6425.5,2698011.5
2026-01-29,901422056.6587061,428725.0,8569.5,3193842.0
2026-01-30,922549136.1116446,380796.0,,
2026-01-31,971845654.8351676,405402.0,2080.0,700990.5
2026-02-01,838040818.299891,352779.0,873.5,280546.0
2026-02-02,830998458.4822448,357323.0,1075.5,363059.5
2026-02-03,929591495.9292907,435461.0,1832.0,575969.0
2026-02-04,1000015094.105752,411218.0,3725.5,1059068.0
2026-02-05,894379696.8410602,384550.0,,
2026-02-06,1021142173.5586905,410157.0,710.0,249522.0
2026-02-07,1116396723.6283798,494507.0,810.5,275829.5
2026-02-08,1063649660.9826868,507211.0,1345.5,371735.5
2026-02-09,1019852322.0010467,402013.0,1645.0,658518.5
2026-02-10,900973830.4794525,385928.0,,
2026-02-11,982311745.7310699,455182.0,3966.0,1150777.0
2026-02-12,1107446999.964327,484938.0,787.0,267769.0
2026-02-13,944771169.4610924,529750.0,2833.5,878475.5
2026-02-14,1038622610.1360354,537394.0,2620.5,1099099.5
2026-02-15,1232582254.1975844,701969.0,2957.0,1237348.5
2026-02-16,1094933474.5410013,526061.0,,
2026-02-17,1032365847.4243727,659135.0,2712.5,1062931.5
2026-02-18,957284694.8844184,507143.0,563.5,161824.0
2026-02-19,1020622252.4872998,512501.0,1290.5,391063.0
2026-02-20,983397435.8766681,413542.0,664.0,240843.0
2026-02-21,854191933.352726,350751.0,,
2026-02-22,1177205689.6625803,529495.0,988.5,321264.5
2026-02-23,1062356354.0857433,453671.0,1396.0,444320.5
2026-02-24,1184383773.1361327,566873.0,2514.5,740807.0
2026-02-25,1119781021.874162,485381.0,1779.0,578339.5
2026-02-26,1004931686.2973247,425509.0,1947.5,528762.5
2026-02-27,1012109769.7708769,415510.0,,
2026-02-28,1026465936.7179816,424909.0,1856.0,626818.5
2026-03-01,1069534437.5592955,462687.0,1137.0,470457.5
2026-03-02,976219352.4031156,422366.0,2837.5,1006029.5
2026-03-03,961863185.4560106,381186.0,1098.5,445653.5
2026-03-04,933150851.5618018,377812.0,,
2026-03-05,1192841923.7049837,464513.0,1416.0,479739.5
2026-03-06,1052672432.0364789,442642.0,1312.5,373043.5
2026-03-07,951731239.9233917,437720.0,1161.0,321174.0
2026-03-08,966151410.2252611,453532.0,2231.5,555016.5
2026-03-09,994991750.8290006,415576.0,3706.0,1084473.5
2026-03-10,994991750.8290006,381301.0,,
2026-03-11,1002201835.9799352,401926.0,386.5,148835.0
2026-03-12,930100984.4705875,449282.0,4114.0,1600609.5
2026-03-13,872420303.2631093,399857.0,1299.0,353670.0
2026-03-14,922890899.3196526,439447.0,3203.0,927212.5
2026-03-15,901260643.8668482,407207.0,886.5,266168.5
2026-03-16,901260643.8668482,405364.0,,
2026-03-17,915680814.1687176,372893.0,1078.0,544071.5
2026-03-18,1002201835.9799352,441086.0,1495.5,406430.5
2026-03-19,966151410.2252611,442571.0,4467.0,1821537.5
2026-03-20,958881917.8174205,423312.0,10533.5,4349469.0
2026-03-21,917823292.9611512,488238.0,,
2026-03-22,1077444735.2152646,629923.0,923.0,312028.0
2026-03-23,1064142948.360755,540923.0,3472.0,1110590.0
2026-03-24,831361678.4068401,382745.0,879.0,285206.0
2026-03-25,1017586694.3699718,514820.0,5459.0,1554261.0
2026-03-26,1097397415.4970288,629007.0,666.0,203691.5
2026-03-27,1010935800.9427172,664609.0,,
2026-03-28,1157255456.3423212,763304.0,827.0,237532.5
2026-03-29,957728653.5246795,634952.0,861.5,268270.0
2026-03-30,904521506.1066417,532760.0,5294.5,1937213.5
2026-03-31,904521506.1066417,523751.0,1566.0,506607.5
2026-04-01,1077444735.2152646,683419.0,,
2026-04-02,964379546.9519341,508404.0,1612.5,613609.0
2026-04-03,898750099.8899364,459037.0,856.5,252745.5
2026-04-04,828969681.6295495,433372.0,2150.0,565657.5
2026-04-05,1098384828.1591525,725796.0,1154.0,350389.0
2026-04-06,884234327.0715194,465261.0,815.0,260506.5
2026-04-07,953315133.8739818,538981.0,,
2026-04-08,1022395940.676444,558574.0,5944.0,1990042.5
2026-04-09,994763617.9554594,586158.0,997.5,326358.5
2026-04-10,863510085.0307804,448495.0,1772.0,686457.0
2026-04-11,849693923.6702881,465807.0,694.5,258474.0
2026-04-12,1070752505.4381678,707229.0,,
2026-04-13,1022395940.676444,641052.0,3430.0,1079500.5
2026-04-14,1132925231.560384,610515.0,3487.0,1201178.5
2026-04-15,863510085.0307804,465753.0,1573.5,509566.0
2026-04-16,1050028263.3974293,630320.0,912.0,288816.0
2026-04-17,968172577.6598405,552747.0,1109.5,389005.0
2026-04-18,1031290054.5634866,695157.0,,
2026-04-19,1064992343.9283061,727793.0,671.0,175149.0
2026-04-20,876259523.4853154,547526.0,2406.0,744531.5
2026-04-21,909961812.8501353,537497.0,2041.5,496241.5
2026-04-22,882999981.3582796,542847.0,10013.5,3692080.5
2026-04-23,815595402.6286399,450825.0,1181.5,352493.5
2026-04-24,1004328223.0716305,589597.0,,
2026-04-25,943664102.2149547,581159.0,1692.5,772633.0
2026-04-26,1004328223.0716305,712904.0,3137.0,975960.5
2026-04-27,930183186.4690272,580030.0,2001.0,578436.0
2026-04-28,936923644.3419911,566274.0,5205.5,2244703.0
2026-04-29,856038149.8664234,383942.0,,
2026-04-30,943664102.2149547,409874.0,1235.0,461919.0
2026-05-01,1064992343.9283061,593987.0,1307.0,547316.0
2026-05-02,897607937.210035,526246.0,871.5,318849.5
2026-05-03,1000953347.145923,604132.0,1321.0,347873.0
2026-05-04,981197688.9785694,567996.0,534.5,188315.5
2026-05-05,987782908.3676875,585611.0,,
2026-05-06,928515933.8656261,526789.0,822.5,280895.5
2026-05-07,935101153.2547442,531108.0,811.5,208881.5
2026-05-08,968027250.2003335,581936.0,1537.5,481529.0
2026-05-09,1126072515.5391636,831620.0,13900.5,4842856.0
2026-05-10,987782908.3676875,733259.0,,
2026-05-11,1086561199.204456,772122.0,436.0,197854.5
2026-05-12,882419398.1418005,587513.0,1398.5,622797.5
2026-05-13,915345495.0873903,620400.0,4773.5,1287349.5
2026-05-14,994368127.7568054,684549.0,1540.5,390218.0
2026-05-15,963695673.6867331,618617.0,1968.5,592339.5
2026-05-16,1025406923.151223,679928.0,,
2026-05-17,950708405.5706699,605313.0,702.0,211063.5
2026-05-18,950708405.5706699,600874.0,384.5,94125.0
2026-05-19,964289954.2216796,618114.0,1101.5,276133.5
2026-05-20,1032197697.4767272,676439.0,2091.5,550950.5
2026-05-21,862428339.3391081,538509.0,,
2026-05-22,1059360794.7787467,708628.0,4154.0,1255997.5
2026-05-23,1113686989.3827848,732845.0,924.0,280679.0
2026-05-24,889591436.6411269,628352.0,1068.0,298175.5
2026-05-25,1120477763.7082896,781994.0,2127.0,783677.0
2026-05-26,943917631.2451651,627380.0,2883.0,610906.0
2026-05-27,950708405.5706699,645768.0,,
2026-05-28,1100105440.7317753,779340.0,1055.0,319958.0
2026-05-29,959580184.8628848,648318.0,3637.5,1001910.0
2026-05-30,980866173.425555,651123.0,1560.0,464644.0
2026-05-31,994681189.9526752,717451.0,4193.0,1330155.5
2026-06-01,932513615.5806334,558154.0,1183.5,383173.5
2026-06-02,759825908.9916271,438817.0,,
2026-06-03,746010892.4645066,424362.0,4365.5,1369498.0
2026-06-04,980866173.425555,588281.0,5242.0,1501173.5
2026-06-05,932513615.5806334,569981.0,4066.5,1449380.0
2026-06-06,842716008.1543498,530864.0,2555.0,752541.5
2026-06-07,808178466.8365489,548514.0,,
2026-06-08,877253549.4721516,580206.0,2963.0,886510.5
2026-06-09,856531024.6814705,573287.0,2830.0,772301.5
2026-06-10,870346041.2085911,567680.0,3951.5,1065250.0
2026-06-11,932513615.5806334,637515.0,3207.5,2614472.0
2026-06-12,1015403714.743356,647883.0,2030.5,657861.5
2026-06-13,856531024.6814705,550296.0,,
2026-06-14,908119306.0165769,726520.0,1676.0,474669.5
2026-06-15,931566968.2181835,710717.0,1230.5,358596.5
2026-06-16,1006092325.6756383,786360.0,1603.0,489174.0
2026-06-17,819778932.0320016,601375.0,9447.0,2912787.0
2026-06-18,1024723665.040002,815537.0,,
2026-06-19,937777414.6729716,746922.0,1031.0,245788.0
2026-06-20,962619200.4921229,779461.0,1224.5,427845.0
2026-06-21,832199824.9415773,669777.0,1720.0,400243.0
2026-06-22,968829646.9469111,770946.0,4366.0,1062646.5
2026-06-23,1074407236.6783051,862979.0,818.0,178247.5
2026-06-24,962619200.4921229,749523.0,,
2026-06-25,1055775897.3139414,805731.0,1229.5,323473.5
2026-06-26,962619200.4921229,712555.0,4074.0,1110091.0
2026-06-27,1111771053.6412394,826483.0,7437.5,2050271.0
2026-06-28,858457140.405019,616427.0,1729.5,441012.5
2026-06-29,831838314.3459485,531503.0,,
2026-06-30,991551270.7003708,621005.0,3883.0,1091256.5
2026-07-01,951623031.6117651,613353.0,2981.0,909531.0
2026-07-02,871766553.4345543,543519.0,13339.0,3692729.5
2026-07-03,1004860683.7299057,685422.0,3202.0,924015.0
2026-07-04,1024824803.2742088,766307.0,1376.5,420690.0
2026-07-05,851802433.8902514,635997.0,,
2026-07-06,771945955.7130404,518667.0,2742.0,798115.5
2026-07-07,925004205.552695,617156.0,6931.0,2250345.5
2026-07-08,891730672.9788568,605412.0,888.5,353659.0
2026-07-09,831838314.3459485,558060.0,1943.5,815752.5
2026-07-10,865111846.9197867,576868.0,1225.5,358890.5
2026-07-11,914680379.41803,674847.0,,
2026-07-12,910321900.5977656,760744.0,632.0,168275.0
2026-07-13,929286940.1935524,710431.0,481.0,111125.0
2026-07-14,979860379.1156503,751264.0,2116.0,644477.0
2026-07-15,878713501.2714542,553966.0,1220.5,315954.0
2026-07-16,764923263.6967337,538040.0,,
2026-07-17,802853342.8883076,578327.0,2661.0,887910.5
2026-07-18,1049398857.6335355,857711.0,27017.5,5061073.0
2026-07-19,1043077177.7682731,898862.0,14764.0,5079953.5
2026-07-20,922965260.3282901,736499.0,27738.5,7474047.5
