date,close,daily_return_pct,vol_14d_pct,percentile_alltime
2021-06-01,1.0108,0.0,,
2021-06-02,1.0241,1.3158,,
2021-06-03,1.045,2.0408,,
2021-06-04,0.9683,-7.3397,,
2021-06-05,0.923,-4.6783,,
2021-06-06,0.947,2.6002,,
2021-06-07,0.8618,-8.9968,,
2021-06-08,0.8731,1.3112,,
2021-06-09,0.9218,5.5778,,
2021-06-10,0.8686,-5.7713,,
2021-06-11,0.8471,-2.4752,,
2021-06-12,0.8326,-1.7117,,
2021-06-13,0.8832,6.0773,,
2021-06-14,0.8906,0.8379,4.4176,
2021-06-15,0.8663,-2.7285,4.4381,
2021-06-16,0.832,-3.9594,4.4498,
2021-06-17,0.8419,1.1899,4.4083,
2021-06-18,0.7972,-5.3094,4.2419,
2021-06-19,0.7582,-4.8921,4.2545,
2021-06-20,0.7741,2.0971,4.2233,
2021-06-21,0.6067,-21.6251,6.4983,
2021-06-22,0.5468,-9.8731,6.6969,
2021-06-23,0.6383,16.7337,8.1754,
2021-06-24,0.6731,5.452,8.3388,
2021-06-25,0.6111,-9.2111,8.5755,
2021-06-26,0.6162,0.8346,8.6051,
2021-06-27,0.6484,5.2256,8.5524,
2021-06-28,0.6444,-0.6169,8.5285,
2021-06-29,0.7063,9.6058,9.0209,
2021-06-30,0.7063,0.0,8.9865,
2021-07-01,0.6591,-6.6827,9.0937,
2021-07-02,0.6556,-0.531,9.0264,
2021-07-03,0.6732,2.6846,9.0017,
2021-07-04,0.696,3.3868,9.0335,
2021-07-05,0.6526,-6.2356,7.106,
2021-07-06,0.6648,1.8694,6.4643,
2021-07-07,0.6522,-1.8953,4.955,
2021-07-08,0.6215,-4.7071,4.8876,
2021-07-09,0.6369,2.4779,4.2799,
2021-07-10,0.6246,-1.9312,4.3183,
2021-07-11,0.6364,1.8892,4.1214,
2021-07-12,0.6288,-1.1942,4.1298,
2021-07-13,0.6192,-1.5267,3.1392,
2021-07-14,0.6197,0.0807,3.1409,
2021-07-15,0.5979,-3.5178,2.8118,
2021-07-16,0.5893,-1.4384,2.8186,
2021-07-17,0.5821,-1.2218,2.6566,
2021-07-18,0.5866,0.7731,2.4236,
2021-07-19,0.557,-5.046,2.2604,
2021-07-20,0.5284,-5.1346,2.3222,
2021-07-21,0.5719,8.2324,3.4304,
2021-07-22,0.592,3.5146,3.428,
2021-07-23,0.6091,2.8885,3.4533,
2021-07-24,0.6085,-0.0985,3.422,
2021-07-25,0.6069,-0.2629,3.3759,
2021-07-26,0.6234,2.7187,3.45,
2021-07-27,0.6451,3.4809,3.5321,
2021-07-28,0.7327,13.5793,4.9023,
2021-07-29,0.7488,2.1974,4.717,
2021-07-30,0.7521,0.4407,4.6512,
2021-07-31,0.746,-0.8111,4.633,
2021-08-01,0.7242,-2.9223,4.7917,
2021-08-02,0.738,1.9056,4.4202,
2021-08-03,0.7136,-3.3062,4.2266,
2021-08-04,0.731,2.4383,3.8914,
2021-08-05,0.7327,0.2326,3.8823,
2021-08-06,0.7474,2.0063,3.8681,
2021-08-07,0.8162,9.2052,4.3037,
2021-08-08,0.7788,-4.5822,4.6134,
2021-08-09,0.817,4.905,4.6751,
2021-08-10,0.8511,4.1738,4.6936,
2021-08-11,1.0105,18.7287,5.6771,
2021-08-12,0.966,-4.4038,5.948,
2021-08-13,1.0901,12.8468,6.5439,
2021-08-14,1.2791,17.3379,7.4217,
2021-08-15,1.2839,0.3753,7.2426,
2021-08-16,1.1855,-7.6641,7.8718,
2021-08-17,1.0978,-7.3977,8.1971,
2021-08-18,1.1431,4.1264,8.1938,
2021-08-19,1.2347,8.0133,8.2129,
2021-08-20,1.2629,2.284,8.2081,
2021-08-21,1.2158,-3.7295,8.3131,
2021-08-22,1.226,0.839,8.0634,
2021-08-23,1.2457,1.6069,8.0701,
2021-08-24,1.1353,-8.8625,8.6542,
2021-08-25,1.1735,3.3647,7.4021,
2021-08-26,1.0712,-8.7175,7.7178,
2021-08-27,1.1918,11.2584,7.5532,
2021-08-28,1.1459,-3.8513,6.0928,
2021-08-29,1.1408,-0.4451,6.0871,
2021-08-30,1.1002,-3.5589,5.8362,
2021-08-31,1.1856,7.7622,5.8367,
2021-09-01,1.2362,4.2679,5.8427,
2021-09-02,1.2533,1.3833,5.4914,
2021-09-03,1.2907,2.9841,5.5128,
2021-09-04,1.2548,-2.7814,5.4684,
2021-09-05,1.3076,4.2078,5.5569,
2021-09-06,1.3894,6.2557,5.7421,
2021-09-07,1.1292,-18.7275,7.2974,
2021-09-08,1.0998,-2.6036,7.2768,
2021-09-09,1.0868,-1.182,6.8943,
2021-09-10,1.0552,-2.9076,6.2271,
2021-09-11,1.0787,2.2271,6.201,61.11
2021-09-12,1.1181,3.6525,6.2798,62.64
2021-09-13,1.0643,-4.8117,6.3396,63.04
2021-09-14,1.0963,3.0067,6.0335,56.99
2021-09-15,1.1207,2.2257,5.9439,55.32
2021-09-16,1.0902,-2.7215,5.9448,55.79
2021-09-17,1.0661,-2.2106,5.8586,54.17
2021-09-18,1.0751,0.8442,5.8617,54.64
2021-09-19,1.0483,-2.4928,5.6955,48.98
2021-09-20,0.9216,-12.0862,5.8925,55.56
2021-09-21,0.8743,-5.1324,3.9813,19.0
2021-09-22,1.0033,14.7547,5.8021,50.5
2021-09-23,1.0016,-0.1694,5.7993,50.0
2021-09-24,0.944,-5.7508,5.9313,57.28
2021-09-25,0.94,-0.4237,5.8795,55.77
2021-09-26,0.9436,0.383,5.7614,48.57
2021-09-27,0.9218,-2.3103,5.68,46.23
2021-09-28,0.8928,-3.146,5.601,44.86
2021-09-29,0.9268,3.8082,5.6864,47.22
2021-09-30,0.9533,2.8593,5.7602,49.54
2021-10-01,1.0422,9.3255,6.2982,68.18
2021-10-02,1.0359,-0.6045,6.2959,67.57
2021-10-03,1.0552,1.8631,6.2761,66.07
2021-10-04,1.0425,-1.2036,5.2991,38.94
2021-10-05,1.0839,3.9712,5.0575,38.6
2021-10-06,1.0765,-0.6827,3.539,13.91
2021-10-07,1.0678,-0.8082,3.5523,14.66
2021-10-08,1.0636,-0.3933,3.1182,5.98
2021-10-09,1.1604,9.1012,3.7331,16.1
2021-10-10,1.1352,-2.1717,3.8479,16.81
2021-10-11,1.1364,0.1057,3.73,15.83
2021-10-12,1.1018,-3.0447,3.7209,15.7
2021-10-13,1.1275,2.3325,3.677,15.57
2021-10-14,1.1336,0.541,3.6631,15.45
2021-10-15,1.1413,0.6793,2.9112,5.65
2021-10-16,1.1343,-0.6133,2.9115,6.4
2021-10-17,1.0944,-3.5176,3.0816,7.14
2021-10-18,1.0827,-1.0691,3.0771,7.09
2021-10-19,1.0911,0.7758,2.9116,7.03
2021-10-20,1.1455,4.9858,3.1598,11.63
2021-10-21,1.0886,-4.9673,3.4503,16.15
2021-10-22,1.0885,-0.0092,3.4471,15.27
2021-10-23,1.0934,0.4502,2.4237,3.03
2021-10-24,1.0821,-1.0335,2.3815,2.26
2021-10-25,1.0951,1.2014,2.4118,2.99
2021-10-26,1.1075,1.1323,2.3016,1.48
2021-10-27,0.995,-10.158,3.4053,15.44
2021-10-28,1.0579,6.3216,3.8657,27.74
2021-10-29,1.0825,2.3254,3.9218,30.43
2021-10-30,1.0846,0.194,3.9227,30.94
2021-10-31,1.1128,2.6,3.8738,28.57
2021-11-01,1.0915,-1.9141,3.8995,30.5
2021-11-02,1.1349,3.9762,4.0222,33.1
2021-11-03,1.2101,6.6261,4.1761,34.97
2021-11-04,1.2004,-0.8016,3.9176,30.56
2021-11-05,1.1581,-3.5238,4.0698,33.79
2021-11-06,1.151,-0.6131,4.0804,34.25
2021-11-07,1.2198,5.9774,4.2921,40.14
2021-11-08,1.2815,5.0582,4.421,43.92
2021-11-09,1.2571,-1.904,4.4943,45.64
2021-11-10,1.1902,-5.3218,3.746,24.67
2021-11-11,1.2142,2.0165,3.4941,19.21
2021-11-12,1.1883,-2.1331,3.5658,21.71
2021-11-13,1.1892,0.0757,3.5672,22.22
2021-11-14,1.1879,-0.1093,3.5334,20.13
2021-11-15,1.172,-1.3385,3.508,19.35
2021-11-16,1.0877,-7.1928,3.8918,31.41
2021-11-17,1.0953,0.6987,3.4165,14.01
2021-11-18,1.0406,-4.9941,3.5957,24.05
2021-11-19,1.0892,4.6704,3.7907,28.3
2021-11-20,1.0965,0.6702,3.7991,28.75
2021-11-21,1.0569,-3.6115,3.4597,18.63
2021-11-22,1.0354,-2.0343,3.0348,8.64
2021-11-23,1.0661,2.965,3.2368,12.88
2021-11-24,1.0326,-3.1423,3.0794,9.76
2021-11-25,1.0438,1.0846,3.0239,8.48
2021-11-26,0.9394,-10.0019,3.807,31.33
2021-11-27,0.9452,0.6174,3.8264,31.74
2021-11-28,0.9687,2.4862,3.9526,38.69
2021-11-29,0.9898,2.1782,4.0567,40.24
2021-11-30,0.9983,0.8588,3.7102,27.06
2021-12-01,0.9899,-0.8414,3.6947,26.9
2021-12-02,0.9716,-1.8487,3.5149,21.51
2021-12-03,0.9211,-5.1976,3.4103,15.03
2021-12-04,0.8449,-8.2727,3.8256,32.76
2021-12-05,0.8045,-4.7816,3.8774,36.0
2021-12-06,0.8255,2.6103,4.0428,42.05
2021-12-07,0.8154,-1.2235,3.8502,33.9
2021-12-08,0.8622,5.7395,4.2869,48.88
2021-12-09,0.8583,-0.4523,4.2469,47.49
2021-12-10,0.7992,-6.8857,3.8476,32.78
2021-12-11,0.8392,5.005,4.1401,45.3
2021-12-12,0.8393,0.0119,4.0496,42.31
2021-12-13,0.7818,-6.8509,4.2178,46.45
2021-12-14,0.8103,3.6454,4.3904,52.17
2021-12-15,0.8262,1.9622,4.4737,55.68
2021-12-16,0.8051,-2.5539,4.4849,55.91
2021-12-17,0.7966,-1.0558,4.348,51.34
2021-12-18,0.8262,3.7158,3.984,39.89
2021-12-19,0.835,1.0651,3.7699,28.57
2021-12-20,0.8798,5.3653,3.951,38.95
2021-12-21,0.9467,7.604,4.3083,51.31
2021-12-22,0.9537,0.7394,4.1173,43.75
2021-12-23,0.9941,4.2361,4.1911,46.11
2021-12-24,0.9115,-8.309,4.3969,53.61
2021-12-25,0.9252,1.503,4.2618,49.23
2021-12-26,0.92,-0.562,4.2719,49.49
2021-12-27,0.9269,0.75,3.7185,25.38
2021-12-28,0.8515,-8.1346,4.3672,53.54
2021-12-29,0.8171,-4.0399,4.4908,58.79
2021-12-30,0.8386,2.6313,4.4768,58.0
2021-12-31,0.8297,-1.0613,4.4769,58.21
2022-01-01,0.8507,2.531,4.4242,55.94
2022-01-02,0.8586,0.9286,4.4227,55.67
2022-01-03,0.8324,-3.0515,4.2622,48.04
2022-01-04,0.8228,-1.1533,3.6554,22.44
2022-01-05,0.7726,-6.1011,3.8518,31.55
2022-01-06,0.7791,0.8413,3.5859,21.74
2022-01-07,0.7634,-2.0151,3.0834,9.13
2022-01-08,0.7452,-2.3841,3.0005,6.7
2022-01-09,0.753,1.0467,3.0639,8.1
2022-01-10,0.7399,-1.7397,3.0073,7.11
2022-01-11,0.7703,4.1087,2.733,4.25
2022-01-12,0.7987,3.6869,2.7777,4.69
2022-01-13,0.768,-3.8437,2.8192,6.07
2022-01-14,0.7732,0.6771,2.8338,6.51
2022-01-15,0.7791,0.7631,2.7353,4.63
2022-01-16,0.7784,-0.0898,2.7074,4.15
2022-01-17,0.7617,-2.1454,2.6599,4.13
2022-01-18,0.7509,-1.4179,2.6647,4.57
2022-01-19,0.7381,-1.7046,2.222,0.45
2022-01-20,0.7199,-2.4658,2.2634,1.36
2022-01-21,0.6368,-11.5433,3.6271,27.48
2022-01-22,0.5966,-6.3128,3.8515,36.32
2022-01-23,0.6283,5.3134,4.1944,49.11
2022-01-24,0.6118,-2.6261,4.2088,49.33
2022-01-25,0.618,1.0134,3.9971,43.36
2022-01-26,0.6193,0.2104,3.7701,32.16
2022-01-27,0.6088,-1.6955,3.7242,30.26
2022-01-28,0.6111,0.3778,3.7121,29.26
2022-01-29,0.6174,1.0309,3.7248,30.87
2022-01-30,0.6013,-2.6077,3.7095,28.57
2022-01-31,0.6174,2.6775,3.8774,39.66
2022-02-01,0.6284,1.7817,3.9636,43.78
2022-02-02,0.6006,-4.4239,4.0501,46.58
2022-02-03,0.6102,1.5984,4.1069,48.09
2022-02-04,0.6555,7.4238,3.5204,22.46
2022-02-05,0.6656,1.5408,3.0166,10.97
2022-02-06,0.6825,2.5391,2.7988,7.14
2022-02-07,0.8314,21.8168,6.0071,81.59
2022-02-08,0.8763,5.4005,6.0421,82.08
2022-02-09,0.8697,-0.7532,6.0754,82.16
2022-02-10,0.8253,-5.1052,6.3075,85.54
2022-02-11,0.7591,-8.0213,6.8457,87.65
2022-02-12,0.8223,8.3256,7.0438,88.11
2022-02-13,0.8057,-2.0187,7.016,87.76
2022-02-14,0.8012,-0.5585,7.0544,88.21
2022-02-15,0.8515,6.2781,7.134,88.66
2022-02-16,0.8366,-1.7499,6.9821,86.69
2022-02-17,0.769,-8.0803,7.5086,90.76
2022-02-18,0.784,1.9506,7.3533,89.6
2022-02-19,0.8215,4.7832,7.4006,89.64
2022-02-20,0.7769,-5.4291,7.6228,91.27
2022-02-21,0.7018,-9.6666,5.5799,68.77
2022-02-22,0.7209,2.7216,5.3985,66.93
2022-02-23,0.6967,-3.3569,5.4234,67.06
2022-02-24,0.6963,-0.0574,5.3337,66.41
2022-02-25,0.7699,10.5702,5.7352,71.21
2022-02-26,0.7508,-2.4808,5.3099,65.89
2022-02-27,0.7215,-3.9025,5.37,66.41
2022-02-28,0.7809,8.2328,5.8367,73.85
2022-03-01,0.7839,0.3842,5.5744,68.58
2022-03-02,0.7687,-1.939,5.5778,68.7
2022-03-03,0.7515,-2.2375,5.1967,64.26
2022-03-04,0.7127,-5.163,5.3243,65.15
2022-03-05,0.754,5.7949,5.4024,66.42
2022-03-06,0.7251,-3.8329,5.3125,64.66
2022-03-07,0.7197,-0.7447,4.6509,59.93
2022-03-08,0.7207,0.1389,4.6015,58.96
2022-03-09,0.7658,6.2578,4.7494,61.71
2022-03-10,0.7361,-3.8783,4.8976,62.59
2022-03-11,0.8029,9.0749,4.689,60.52
2022-03-12,0.7857,-2.1422,4.6749,59.93
2022-03-13,0.7602,-3.2455,4.6342,58.97
2022-03-14,0.7748,1.9205,4.1384,43.8
2022-03-15,0.7657,-1.1745,4.1483,44.36
2022-03-16,0.7919,3.4217,4.2064,45.65
2022-03-17,0.7935,0.202,4.1478,44.04
2022-03-18,0.7965,0.3781,3.8443,30.94
2022-03-19,0.8194,2.8751,3.6455,23.3
2022-03-20,0.8057,-1.672,3.4946,18.93
2022-03-21,0.8373,3.9221,3.552,21.35
2022-03-22,0.8366,-0.0836,3.557,21.99
2022-03-23,0.8376,0.1195,3.2645,14.13
2022-03-24,0.8428,0.6208,3.0101,9.51
2022-03-25,0.8239,-2.2425,2.1274,0.35
2022-03-26,0.8327,1.0681,2.0327,0.35
2022-03-27,0.858,3.0383,1.8563,0.35
2022-03-28,0.8641,0.711,1.8341,0.35
2022-03-29,0.8577,-0.7407,1.8039,0.35
2022-03-30,0.8613,0.4197,1.6554,0.34
2022-03-31,0.8148,-5.3988,2.2697,3.44
2022-04-01,0.8277,1.5832,2.2969,3.77
2022-04-02,0.824,-0.447,2.1878,2.39
2022-04-03,0.8432,2.3301,2.2037,2.72
2022-04-04,0.826,-2.0398,2.0424,2.03
2022-04-05,0.8164,-1.1622,2.0615,2.36
2022-04-06,0.7595,-6.9696,2.7032,8.42
2022-04-07,0.7871,3.634,2.9087,11.74
2022-04-08,0.7549,-4.091,3.0269,14.72
2022-04-09,0.7622,0.967,3.0231,14.33
2022-04-10,0.7543,-1.0365,2.8517,11.63
2022-04-11,0.6948,-7.8881,3.33,19.54
2022-04-12,0.7152,2.9361,3.5183,25.08
2022-04-13,0.7232,1.1186,3.5462,26.64
2022-04-14,0.7262,0.4148,3.363,19.67
2022-04-15,0.7858,8.2071,4.0544,46.08
2022-04-16,0.7808,-0.6363,4.0552,46.25
2022-04-17,0.7519,-3.7013,4.0731,47.08
2022-04-18,0.7699,2.3939,4.1311,48.87
2022-04-19,0.7749,0.6494,4.134,49.03
2022-04-20,0.7517,-2.9939,3.7871,34.73
2022-04-21,0.7328,-2.5143,3.6954,30.77
2022-04-22,0.7179,-2.0333,3.5867,28.43
2022-04-23,0.7057,-1.6994,3.5854,28.03
2022-04-24,0.6981,-1.0769,3.5859,28.25
2022-04-25,0.6931,-0.7162,2.9475,12.66
2022-04-26,0.642,-7.3727,3.3837,19.87
2022-04-27,0.6522,1.5888,3.4039,20.13
2022-04-28,0.6428,-1.4413,3.3949,20.06
2022-04-29,0.6116,-4.8538,2.4525,6.88
2022-04-30,0.5845,-4.431,2.5238,7.17
2022-05-01,0.607,3.8494,2.8864,11.8
2022-05-02,0.6143,1.2026,2.7869,9.91
2022-05-03,0.6047,-1.5628,2.7191,8.95
2022-05-04,0.6459,6.8133,3.462,25.23
2022-05-05,0.5981,-7.4005,3.8228,38.65
2022-05-06,0.6022,0.6855,3.8529,41.28
2022-05-07,0.5808,-3.5536,3.9003,44.21
2022-05-08,0.5662,-2.5138,3.9119,44.38
2022-05-09,0.4873,-13.935,5.0583,70.3
2022-05-10,0.513,5.274,5.2081,70.69
2022-05-11,0.4172,-18.6745,6.7502,87.95
2022-05-12,0.3856,-7.5743,6.84,87.99
2022-05-13,0.4228,9.6473,7.5885,93.11
2022-05-14,0.4262,0.8042,7.6031,93.13
2022-05-15,0.4481,5.1384,7.6799,93.45
2022-05-16,0.4231,-5.5791,7.6871,93.47
2022-05-17,0.438,3.5216,7.8328,93.79
2022-05-18,0.4056,-7.3973,7.5465,91.45
2022-05-19,0.4205,3.6736,7.6205,92.35
2022-05-20,0.4101,-2.4732,7.5791,91.5
2022-05-21,0.4145,1.0729,7.6224,92.4
2022-05-22,0.4218,1.7612,7.684,93.0
2022-05-23,0.4052,-3.9355,6.9494,86.05
2022-05-24,0.4086,0.8391,6.7521,84.93
2022-05-25,0.406,-0.6363,4.7518,65.32
2022-05-26,0.392,-3.4483,4.3922,57.35
2022-05-27,0.3819,-2.5765,3.5677,28.16
2022-05-28,0.3863,1.1521,3.579,28.37
2022-05-29,0.3891,0.7248,3.2344,18.0
2022-05-30,0.4187,7.6073,3.6433,30.48
2022-05-31,0.4217,0.7165,3.5187,25.28
2022-06-01,0.398,-5.6201,3.2811,18.7
2022-06-02,0.4055,1.8844,3.1652,17.8
2022-06-03,0.3904,-3.7238,3.2444,18.59
2022-06-04,0.3925,0.5379,3.2312,17.98
2022-06-05,0.3953,0.7134,3.1936,17.93
2022-06-06,0.4026,1.8467,3.0832,16.2
2022-06-07,0.4076,1.2419,3.0928,16.71
2022-06-08,0.4006,-1.7174,3.1218,17.22
2022-06-09,0.4002,-0.0999,2.977,12.74
2022-06-10,0.3815,-4.6727,3.1596,18.23
2022-06-11,0.3599,-5.6619,3.4615,25.62
2022-06-12,0.3433,-4.6124,3.6028,32.42
2022-06-13,0.3118,-9.1756,3.3828,21.64
2022-06-14,0.3214,3.0789,3.5691,30.87
2022-06-15,0.3436,6.9073,4.051,48.77
2022-06-16,0.3132,-8.8475,4.437,61.68
2022-06-17,0.321,2.4904,4.5251,63.96
2022-06-18,0.3075,-4.2056,4.5535,64.05
2022-06-19,0.3264,6.1463,4.9503,68.73
2022-06-20,0.3227,-1.1336,4.8767,67.74
2022-06-21,0.3294,2.0762,4.9142,68.63
2022-06-22,0.3223,-2.1554,4.9176,68.72
2022-06-23,0.3358,4.1886,5.1196,69.87
2022-06-24,0.3672,9.3508,5.6676,75.0
2022-06-25,0.3676,0.1089,5.4548,72.68
2022-06-26,0.3592,-2.2851,5.3367,71.43
2022-06-27,0.3537,-1.5312,4.6718,64.38
2022-06-28,0.3375,-4.5802,4.8432,66.58
2022-06-29,0.3296,-2.3407,4.5409,62.2
2022-06-30,0.3321,0.7585,3.8555,40.58
2022-07-01,0.3139,-5.4803,4.0992,48.83
2022-07-02,0.3156,0.5416,3.9368,44.27
2022-07-03,0.3215,1.8695,3.6217,31.43
2022-07-04,0.3287,2.2395,3.6532,32.38
2022-07-05,0.3252,-1.0648,3.6273,31.78
2022-07-06,0.3324,2.214,3.6187,31.19
2022-07-07,0.3422,2.9483,3.5363,26.99
2022-07-08,0.3402,-0.5845,2.4615,5.9
2022-07-09,0.3448,1.3521,2.5044,6.14
2022-07-10,0.3255,-5.5974,2.8072,9.44
2022-07-11,0.3152,-3.1644,2.8741,10.94
2022-07-12,0.3116,-1.1421,2.6789,7.36
2022-07-13,0.3237,3.8832,2.8527,11.14
2022-07-14,0.3338,3.1202,2.9654,13.13
2022-07-15,0.3342,0.1198,2.5346,6.55
2022-07-16,0.3505,4.8773,2.7764,9.05
2022-07-17,0.3433,-2.0542,2.8504,11.28
2022-07-18,0.3653,6.4084,3.2105,20.0
2022-07-19,0.3729,2.0805,3.1815,19.7
2022-07-20,0.3635,-2.5208,3.2879,21.89
2022-07-21,0.3669,0.9354,3.2297,20.35
2022-07-22,0.3578,-2.4802,3.3131,22.28
2022-07-23,0.3592,0.3913,3.3029,22.22
2022-07-24,0.3586,-0.167,2.8729,11.82
2022-07-25,0.3362,-6.2465,3.2559,21.62
2022-07-26,0.3372,0.2974,3.2245,20.34
2022-07-27,0.3594,6.5836,3.4844,28.12
2022-07-28,0.3739,4.0345,3.5353,30.49
2022-07-29,0.3679,-1.6047,3.5891,34.31
2022-07-30,0.3879,5.4363,3.6375,35.92
2022-07-31,0.3792,-2.2428,3.6484,36.56
2022-08-01,0.3791,-0.0264,3.2988,22.46
2022-08-02,0.3714,-2.0311,3.3119,22.89
2022-08-03,0.3695,-0.5116,3.2413,21.15
2022-08-04,0.371,0.406,3.2352,20.86
2022-08-05,0.3764,1.4555,3.1663,19.14
2022-08-06,0.3715,-1.3018,3.197,19.81
2022-08-07,0.3722,0.1884,3.1947,19.76
2022-08-08,0.3787,1.7464,2.6361,6.41
2022-08-09,0.3672,-3.0367,2.8227,10.66
2022-08-10,0.3814,3.8671,2.4807,5.67
2022-08-11,0.3802,-0.3146,2.2771,3.54
2022-08-12,0.3796,-0.1578,2.2276,2.82
2022-08-13,0.378,-0.4215,1.702,0.47
2022-08-14,0.3757,-0.6085,1.6093,0.23
2022-08-15,0.3751,-0.1597,1.6095,0.47
2022-08-16,0.377,0.5065,1.518,0.23
2022-08-17,0.3795,0.6631,1.5133,0.23
2022-08-18,0.3704,-2.3979,1.6522,1.16
2022-08-19,0.3344,-9.7192,2.9482,15.51
2022-08-20,0.3368,0.7177,2.9693,15.94
2022-08-21,0.3449,2.405,3.0674,18.43
2022-08-22,0.344,-0.2609,3.0056,16.55
2022-08-23,0.3472,0.9302,2.9525,15.6
2022-08-24,0.3456,-0.4608,2.7111,9.84
2022-08-25,0.3491,1.0127,2.7446,10.73
2022-08-26,0.3393,-2.8072,2.8006,11.85
2022-08-27,0.3346,-1.3852,2.8034,12.05
2022-08-28,0.3224,-3.6461,2.8942,14.97
2022-08-29,0.3337,3.505,3.1192,21.49
2022-08-30,0.3267,-2.0977,3.1145,21.22
2022-08-31,0.3277,0.3061,3.1025,21.17
2022-09-01,0.3331,1.6478,3.1463,22.7
2022-09-02,0.3314,-0.5104,1.914,2.47
2022-09-03,0.3297,-0.513,1.9052,2.46
2022-09-04,0.3317,0.6066,1.7866,1.79
2022-09-05,0.3329,0.3618,1.7938,2.0
2022-09-06,0.3212,-3.5146,1.9491,3.33
2022-09-07,0.3369,4.8879,2.3987,7.1
2022-09-08,0.3396,0.8014,2.3919,7.08
2022-09-09,0.3568,5.0648,2.6199,9.49
2022-09-10,0.3573,0.1401,2.575,9.47
2022-09-11,0.3552,-0.5877,2.332,6.81
2022-09-12,0.3598,1.295,2.2098,4.82
2022-09-13,0.3326,-7.5598,2.9898,19.26
2022-09-14,0.3415,2.6759,3.0588,21.4
2022-09-15,0.3261,-4.5095,3.2745,29.19
2022-09-16,0.3552,8.9236,4.0086,54.78
2022-09-17,0.3762,5.9122,4.2198,60.95
2022-09-18,0.3576,-4.9442,4.4934,68.18
2022-09-19,0.3848,7.6063,4.8358,72.35
2022-09-20,0.414,7.5884,4.9145,73.71
2022-09-21,0.3936,-4.9275,5.1402,75.05
2022-09-22,0.4862,23.5264,7.6957,95.06
2022-09-23,0.5069,4.2575,7.682,94.43
2022-09-24,0.4878,-3.768,7.8434,95.51
2022-09-25,0.4917,0.7995,7.8121,95.1
2022-09-26,0.4683,-4.759,8.0385,95.74
2022-09-27,0.4457,-4.826,7.8295,94.9
2022-09-28,0.4489,0.718,7.8407,95.13
2022-09-29,0.4877,8.6434,7.7613,94.29
2022-09-30,0.4799,-1.5993,7.6793,92.83
2022-10-01,0.4754,-0.9377,7.661,92.63
2022-10-02,0.4485,-5.6584,7.709,93.91
2022-10-03,0.4621,3.0323,7.5559,90.99
2022-10-04,0.4795,3.7654,7.4012,89.75
2022-10-05,0.4887,1.9187,7.1966,88.52
2022-10-06,0.4934,0.9617,3.9379,51.25
2022-10-07,0.5177,4.925,3.9906,52.39
2022-10-08,0.517,-0.1352,3.8374,46.27
2022-10-09,0.5325,2.9981,3.8915,49.48
2022-10-10,0.4939,-7.2488,4.1806,57.85
2022-10-11,0.4861,-1.5793,3.965,51.96
2022-10-12,0.4881,0.4114,3.9657,52.06
2022-10-13,0.4791,-1.8439,3.3299,28.95
2022-10-14,0.4883,1.9203,3.3379,29.3
2022-10-15,0.4818,-1.3311,3.3488,29.45
2022-10-16,0.4766,-1.0793,2.9671,17.55
2022-10-17,0.4804,0.7973,2.8845,15.48
2022-10-18,0.4658,-3.0391,2.8358,14.43
2022-10-19,0.4504,-3.3061,2.8804,15.62
2022-10-20,0.4465,-0.8659,2.8507,14.78
2022-10-21,0.4614,3.3371,2.6503,9.7
2022-10-22,0.4653,0.8453,2.6793,10.69
2022-10-23,0.4688,0.7522,2.5145,8.65
2022-10-24,0.4529,-3.3916,1.9485,3.01
2022-10-25,0.4605,1.6781,2.0109,3.41
2022-10-26,0.4689,1.8241,2.0816,4.2
2022-10-27,0.4615,-1.5782,2.0682,4.19
2022-10-28,0.4744,2.7952,2.1445,4.78
2022-10-29,0.4701,-0.9064,2.131,4.77
2022-10-30,0.4582,-2.5314,2.2076,5.56
2022-10-31,0.4641,1.2876,2.2278,6.34
2022-11-01,0.4636,-0.1077,2.0864,4.55
2022-11-02,0.4497,-2.9983,2.0529,3.94
2022-11-03,0.4548,1.1341,2.0566,4.13
2022-11-04,0.5064,11.3456,3.4823,35.95
2022-11-05,0.493,-2.6461,3.5882,41.18
2022-11-06,0.4709,-4.4828,3.806,47.55
2022-11-07,0.4648,-1.2954,3.7056,44.53
2022-11-08,0.4059,-12.6721,4.9462,73.49
2022-11-09,0.3331,-17.9355,6.5596,86.58
2022-11-10,0.3942,18.3428,8.4307,97.86
2022-11-11,0.3843,-2.5114,8.3814,97.67
2022-11-12,0.3636,-5.3864,8.4516,97.87
2022-11-13,0.3408,-6.2706,8.5398,98.07
2022-11-14,0.3776,10.7981,9.1118,100.0
2022-11-15,0.3888,2.9661,9.1687,100.0
2022-11-16,0.3752,-3.4979,9.178,100.0
2022-11-17,0.3819,1.7857,9.1897,100.0
2022-11-18,0.3829,0.2618,8.5637,97.51
2022-11-19,0.3841,0.3134,8.5721,97.52
2022-11-20,0.3608,-6.0661,8.6223,97.9
2022-11-21,0.3645,1.0255,8.6472,97.91
2022-11-22,0.3757,3.0727,8.1081,94.31
2022-11-23,0.3815,1.5438,6.4509,83.71
2022-11-24,0.4018,5.3211,4.5733,66.73
2022-11-25,0.4078,1.4933,4.5172,66.04
2022-11-26,0.396,-2.8936,4.3257,61.96
2022-11-27,0.3962,0.0505,3.8812,49.44
2022-11-28,0.3888,-1.8677,2.8734,17.07
2022-11-29,0.3981,2.392,2.8383,16.1
2022-11-30,0.4078,2.4366,2.6923,12.34
2022-12-01,0.3969,-2.6729,2.7988,14.37
2022-12-02,0.3961,-0.2016,2.8019,14.9
2022-12-03,0.3873,-2.2217,2.875,18.03
2022-12-04,0.3895,0.568,2.3109,7.79
2022-12-05,0.3893,-0.0513,2.3125,7.96
2022-12-06,0.3914,0.5394,2.2003,5.55
2022-12-07,0.3835,-2.0184,2.2492,6.83
2022-12-08,0.3941,2.764,1.8898,2.39
2022-12-09,0.3889,-1.3195,1.8568,2.39
2022-12-10,0.3865,-0.6171,1.719,1.47
2022-12-11,0.3809,-1.4489,1.7491,1.65
2022-12-12,0.3874,1.7065,1.7575,1.83
2022-12-13,0.3952,2.0134,1.7229,1.64
2022-12-14,0.3853,-2.5051,1.6856,1.28
2022-12-15,0.378,-1.8946,1.6211,0.91
2022-12-16,0.3511,-7.1164,2.3807,10.16
2022-12-17,0.3545,0.9684,2.3891,10.51
2022-12-18,0.3499,-1.2976,2.3722,10.13
2022-12-19,0.3389,-3.1438,2.4413,11.73
2022-12-20,0.3482,2.7442,2.5986,13.33
2022-12-21,0.3449,-0.9477,2.5772,13.31
2022-12-22,0.3492,1.2467,2.4575,12.03
2022-12-23,0.3543,1.4605,2.5214,12.9
2022-12-24,0.3517,-0.7338,2.5215,13.06
2022-12-25,0.3457,-1.706,2.5283,13.39
2022-12-26,0.3658,5.8143,2.9831,24.06
2022-12-27,0.3675,0.4647,2.9209,22.78
2022-12-28,0.3558,-3.1837,2.9596,23.45
2022-12-29,0.3421,-3.8505,3.0653,26.6
2022-12-30,0.3451,0.8769,2.5029,12.39
2022-12-31,0.3389,-1.7966,2.5205,12.9
2023-01-01,0.3387,-0.059,2.5052,12.7
2023-01-02,0.3482,2.8048,2.4744,12.15
2023-01-03,0.3436,-1.3211,2.3989,10.9
2023-01-04,0.3472,1.0477,2.4016,11.05
2023-01-05,0.338,-2.6498,2.4745,12.61
2023-01-06,0.3443,1.8639,2.496,12.94
2023-01-07,0.3442,-0.029,2.4913,12.91
2023-01-08,0.3452,0.2905,2.4534,12.02
2023-01-09,0.349,1.1008,1.895,3.65
2023-01-10,0.3507,0.4871,1.8956,3.82
2023-01-11,0.3728,6.3017,2.3821,10.57
2023-01-12,0.3748,0.5365,2.0763,5.88
2023-01-13,0.3858,2.9349,2.1567,6.91
2023-01-14,0.3953,2.4624,2.0642,5.69
2023-01-15,0.3845,-2.7321,2.2776,9.47
2023-01-16,0.3855,0.2601,2.2221,8.25
2023-01-17,0.3868,0.3372,2.1514,7.03
2023-01-18,0.3782,-2.2234,2.2926,9.93
2023-01-19,0.3928,3.8604,2.238,8.89
2023-01-20,0.4129,5.1171,2.4625,14.16
2023-01-21,0.4034,-2.3008,2.6171,17.38
2023-01-22,0.4004,-0.7437,2.6553,18.03
2023-01-23,0.4234,5.7443,2.9123,25.81
2023-01-24,0.4078,-3.6845,3.1935,33.22
2023-01-25,0.417,2.256,2.8805,24.53
2023-01-26,0.4092,-1.8705,2.9644,26.86
2023-01-27,0.4128,0.8798,2.8989,25.13
2023-01-28,0.4078,-1.2112,2.8779,24.24
2023-01-29,0.4134,1.3732,2.7647,20.17
2023-01-30,0.3934,-4.8379,3.0957,31.54
2023-01-31,0.4057,3.1266,3.187,33.84
2023-02-01,0.4131,1.824,3.1195,32.27
2023-02-02,0.4098,-0.7988,3.0091,28.71
2023-02-03,0.4117,0.4636,2.7057,19.0
2023-02-04,0.4106,-0.2672,2.631,17.3
2023-02-05,0.3984,-2.9713,2.7457,20.27
2023-02-06,0.392,-1.6064,2.2567,8.96
2023-02-07,0.4036,2.9592,2.2405,8.77
2023-02-08,0.3975,-1.5114,2.1728,7.11
2023-02-09,0.3819,-3.9245,2.3359,11.39
2023-02-10,0.3817,-0.0524,2.3098,10.71
2023-02-11,0.3833,0.4192,2.3137,11.18
2023-02-12,0.3747,-2.2437,2.3015,10.51
2023-02-13,0.3703,-1.1743,2.0018,4.43
2023-02-14,0.3819,3.1326,2.0026,4.58
2023-02-15,0.4011,5.0275,2.3904,13.07
2023-02-16,0.3841,-4.2383,2.608,18.27
2023-02-17,0.395,2.8378,2.7345,21.34
2023-02-18,0.3943,-0.1772,2.7346,21.46
2023-02-19,0.3863,-2.0289,2.6779,19.81
2023-02-20,0.3984,3.1323,2.7745,22.37
2023-02-21,0.3919,-1.6315,2.6937,20.39
2023-02-22,0.3953,0.8676,2.6789,19.87
2023-02-23,0.3882,-1.7961,2.507,16.45
2023-02-24,0.3783,-2.5502,2.602,18.2
2023-02-25,0.3778,-0.1322,2.5991,18.17
2023-02-26,0.3779,0.0265,2.5282,17.34
2023-02-27,0.3785,0.1588,2.5037,16.03
2023-02-28,0.3762,-0.6077,2.3713,12.0
2023-03-01,0.3835,1.9405,2.0007,4.31
2023-03-02,0.3772,-1.6428,1.7289,1.91
2023-03-03,0.3774,0.053,1.5261,0.48
2023-03-04,0.3735,-1.0334,1.5366,0.64
2023-03-05,0.3668,-1.7938,1.5196,0.48
2023-03-06,0.3695,0.7361,1.2228,0.16
2023-03-07,0.3801,2.8687,1.4594,0.32
2023-03-08,0.3889,2.3152,1.5783,1.26
2023-03-09,0.3706,-4.7056,1.938,5.05
2023-03-10,0.37,-0.1619,1.8359,3.94
2023-03-11,0.3638,-1.6757,1.8779,4.4
2023-03-12,0.3714,2.0891,1.9724,5.81
2023-03-13,0.3724,0.2693,1.9737,5.96
2023-03-14,0.3724,0.0,1.9687,5.79
2023-03-15,0.3589,-3.6251,2.0845,8.28
2023-03-16,0.3647,1.616,2.12,8.58
2023-03-17,0.3798,4.1404,2.4001,15.73
2023-03-18,0.3739,-1.5534,2.4209,16.17
2023-03-19,0.3857,3.1559,2.4882,18.01
2023-03-20,0.3734,-3.189,2.6494,22.02
2023-03-21,0.4696,25.7633,7.1279,89.16
2023-03-22,0.4213,-10.2853,7.7661,93.82
2023-03-23,0.4438,5.3406,7.6837,92.75
2023-03-24,0.4259,-4.0333,7.8095,93.84
2023-03-25,0.4429,3.9915,7.7923,93.69
2023-03-26,0.4479,1.1289,7.7927,93.7
2023-03-27,0.479,6.9435,7.8988,94.79
2023-03-28,0.5144,7.3904,7.9873,94.79
2023-03-29,0.5425,5.4627,7.8203,93.73
2023-03-30,0.5319,-1.9539,7.9277,94.66
2023-03-31,0.5374,1.034,7.9368,94.66
2023-04-01,0.5095,-5.1917,8.1322,95.43
2023-04-02,0.518,1.6683,8.1332,95.44
2023-04-03,0.4959,-4.2664,8.1909,95.6
2023-04-04,0.5026,1.3511,4.9989,75.3
2023-04-05,0.5055,0.577,3.9879,59.91
2023-04-06,0.5028,-0.5341,3.857,56.04
2023-04-07,0.5126,1.9491,3.602,49.17
2023-04-08,0.5048,-1.5217,3.5982,49.1
2023-04-09,0.5054,0.1189,3.605,49.47
2023-04-10,0.5176,2.4139,3.2351,39.04
2023-04-11,0.5167,-0.1739,2.6327,21.14
2023-04-12,0.5049,-2.2837,2.2225,10.33
2023-04-13,0.5125,1.5052,2.2379,10.76
2023-04-14,0.5227,1.9902,2.2897,12.24
2023-04-15,0.5192,-0.6696,1.8319,3.58
2023-04-16,0.5209,0.3274,1.7846,3.12
2023-04-17,0.5109,-1.9198,1.4495,0.3
2023-04-18,0.5324,4.2083,1.7614,3.26
2023-04-19,0.4911,-7.7573,2.7444,25.33
2023-04-20,0.4752,-3.2376,2.8563,28.99
2023-04-21,0.4491,-5.4924,3.062,34.86
2023-04-22,0.4719,5.0768,3.4162,43.81
2023-04-23,0.4647,-1.5257,3.4238,44.18
2023-04-24,0.4611,-0.7747,3.3245,41.91
2023-04-25,0.4695,1.8217,3.389,43.17
2023-04-26,0.4618,-1.64,3.3705,42.67
2023-04-27,0.4667,1.0611,3.3528,42.46
2023-04-28,0.4796,2.7641,3.4012,43.57
2023-04-29,0.478,-0.3336,3.4015,43.65
2023-04-30,0.4705,-1.569,3.4024,43.73
2023-05-01,0.4649,-1.1902,3.3883,43.09
2023-05-02,0.4645,-0.086,3.1219,36.77
2023-05-03,0.4632,-0.2799,2.4801,17.71
2023-05-04,0.4608,-0.5181,2.3524,14.2
2023-05-05,0.4671,1.3672,1.8602,4.63
2023-05-06,0.4582,-1.9054,1.3883,0.29
2023-05-07,0.449,-2.0079,1.4262,0.43
2023-05-08,0.4283,-4.6102,1.8181,4.18
2023-05-09,0.4289,0.1401,1.7126,2.73
2023-05-10,0.4303,0.3264,1.7046,2.73
2023-05-11,0.4207,-2.231,1.7016,2.58
2023-05-12,0.4305,2.3295,1.6406,2.15
2023-05-13,0.424,-1.5099,1.647,2.29
2023-05-14,0.4253,0.3066,1.6584,2.71
2023-05-15,0.4273,0.4703,1.6787,2.85
2023-05-16,0.4425,3.5572,1.9897,7.83
2023-05-17,0.4484,1.3333,2.0352,8.68
2023-05-18,0.4596,2.4978,2.1478,10.8
2023-05-19,0.4675,1.7189,2.1655,11.21
2023-05-20,0.4685,0.2139,2.098,10.2
2023-05-21,0.4575,-2.3479,2.125,10.47
2023-05-22,0.4618,0.9399,1.6671,2.82
2023-05-23,0.4651,0.7146,1.6634,2.82
2023-05-24,0.453,-2.6016,1.8568,6.06
2023-05-25,0.4538,0.1766,1.7124,3.8
2023-05-26,0.4684,3.2173,1.7915,5.2
2023-05-27,0.4714,0.6405,1.6917,3.37
2023-05-28,0.482,2.2486,1.7269,4.48
2023-05-29,0.4946,2.6141,1.7752,5.17
2023-05-30,0.5205,5.2366,1.984,8.8
2023-05-31,0.5166,-0.7493,2.0445,10.04
2023-06-01,0.5065,-1.9551,2.1368,12.12
2023-06-02,0.5244,3.5341,2.2458,14.88
2023-06-03,0.5188,-1.0679,2.2954,16.25
2023-06-04,0.5359,3.2961,2.2087,13.59
2023-06-05,0.509,-5.0196,2.7242,27.7
2023-06-06,0.53,4.1257,2.8607,31.95
2023-06-07,0.5183,-2.2075,2.8271,30.8
2023-06-08,0.5236,1.0226,2.8177,30.34
2023-06-09,0.538,2.7502,2.7947,29.34
2023-06-10,0.5067,-5.8178,3.3075,44.29
2023-06-11,0.5208,2.7827,3.3296,44.78
2023-06-12,0.5251,0.8257,3.2843,43.76
2023-06-13,0.5192,-1.1236,3.0249,37.12
2023-06-14,0.4801,-7.5308,3.5991,53.63
2023-06-15,0.4801,0.0,3.5761,52.32
2023-06-16,0.4759,-0.8748,3.4136,47.48
2023-06-17,0.4794,0.7354,3.4287,48.23
2023-06-18,0.4868,1.5436,3.3179,44.49
2023-06-19,0.4936,1.3969,3.1167,39.13
2023-06-20,0.4929,-0.1418,2.8815,32.84
2023-06-21,0.4999,1.4202,2.8771,32.38
2023-06-22,0.4938,-1.2202,2.8661,31.8
2023-06-23,0.4961,0.4658,2.7461,28.11
2023-06-24,0.4865,-1.9351,2.3691,17.54
2023-06-25,0.4903,0.7811,2.2378,14.15
2023-06-26,0.479,-2.3047,2.26,15.07
2023-06-27,0.4838,1.0021,2.2928,16.13
2023-06-28,0.4647,-3.9479,1.5803,1.61
2023-06-29,0.4747,2.1519,1.6947,3.49
2023-06-30,0.4729,-0.3792,1.6826,3.21
2023-07-01,0.4732,0.0634,1.6696,3.07
2023-07-02,0.4845,2.388,1.7408,5.07
2023-07-03,0.489,0.9288,1.7177,4.53
2023-07-04,0.4872,-0.3681,1.7195,4.79
2023-07-05,0.4777,-1.9499,1.7302,5.32
2023-07-06,0.4622,-3.2447,1.8785,7.97
2023-07-07,0.4687,1.4063,1.9264,8.75
2023-07-08,0.4704,0.3627,1.8849,8.08
2023-07-09,0.468,-0.5102,1.865,7.8
2023-07-10,0.478,2.1368,1.8772,7.93
2023-07-11,0.4753,-0.5649,1.8609,7.78
2023-07-12,0.471,-0.9047,1.5519,1.45
2023-07-13,0.8153,73.0998,18.894,100.0
2023-07-14,0.7179,-11.9465,19.3659,100.0
2023-07-15,0.7145,-0.4736,19.3749,100.0
2023-07-16,0.7468,4.5206,19.3675,99.87
2023-07-17,0.7374,-1.2587,19.4042,100.0
2023-07-18,0.7779,5.4923,19.362,99.48
2023-07-19,0.8199,5.3992,19.2733,99.35
2023-07-20,0.7942,-3.1345,19.2698,99.22
2023-07-21,0.7713,-2.8834,19.3625,99.48
2023-07-22,0.7331,-4.9527,19.5004,100.0
2023-07-23,0.7384,0.723,19.4801,99.87
2023-07-24,0.7021,-4.916,19.6294,100.0
2023-07-25,0.7089,0.9685,19.6071,99.87
2023-07-26,0.7161,1.0157,19.5771,99.74
2023-07-27,0.7139,-0.3072,4.5027,72.87
2023-07-28,0.712,-0.2661,3.2847,44.52
2023-07-29,0.7121,0.014,3.2822,44.33
2023-07-30,0.7046,-1.0532,3.0426,38.22
2023-07-31,0.6976,-0.9935,3.0378,38.17
2023-08-01,0.7069,1.3331,2.6276,25.55
2023-08-02,0.685,-3.098,2.0868,12.44
2023-08-03,0.663,-3.2117,2.0918,12.55
2023-08-04,0.6356,-4.1327,2.1838,14.19
2023-08-05,0.6288,-1.0699,1.9416,9.32
2023-08-06,0.624,-0.7634,1.8803,8.29
2023-08-07,0.6236,-0.0641,1.5828,1.78
2023-08-08,0.6418,2.9185,1.8052,6.74
2023-08-09,0.6433,0.2337,1.7631,5.97
2023-08-10,0.6331,-1.5856,1.771,6.09
2023-08-11,0.6318,-0.2053,1.7725,6.21
2023-08-12,0.6276,-0.6648,1.7579,5.82
2023-08-13,0.6256,-0.3187,1.7629,6.07
2023-08-14,0.6343,1.3907,1.8519,7.95
2023-08-15,0.6104,-3.7679,1.9243,10.09
2023-08-16,0.5889,-3.5223,1.9597,10.83
2023-08-17,0.5064,-14.0092,3.8601,61.51
2023-08-18,0.5062,-0.0395,3.8292,60.18
2023-08-19,0.5199,2.7064,3.9823,64.62
2023-08-20,0.5384,3.5584,4.1721,68.05
2023-08-21,0.5245,-2.5817,4.1841,68.34
2023-08-22,0.521,-0.6673,4.0352,65.25
2023-08-23,0.5301,1.7466,4.0971,66.54
2023-08-24,0.5187,-2.1505,4.1026,66.71
2023-08-25,0.5258,1.3688,4.153,68.0
2023-08-26,0.5231,-0.5135,4.1546,68.03
2023-08-27,0.5236,0.0956,4.1622,68.07
2023-08-28,0.5232,-0.0764,4.1146,66.63
2023-08-29,0.5398,3.1728,4.2016,68.9
2023-08-30,0.5284,-2.1119,4.1513,67.7
2023-08-31,0.511,-3.293,2.1077,13.84
2023-09-01,0.498,-2.544,2.2144,16.17
2023-09-02,0.4988,0.1606,2.0774,13.07
2023-09-03,0.5047,1.1828,1.841,7.76
2023-09-04,0.5087,0.7926,1.7646,6.15
2023-09-05,0.5056,-0.6094,1.7636,6.14
2023-09-06,0.5033,-0.4549,1.6793,3.31
2023-09-07,0.505,0.3378,1.6102,2.08
2023-09-08,0.505,0.0,1.5538,1.47
2023-09-09,0.5038,-0.2376,1.5524,1.47
2023-09-10,0.4969,-1.3696,1.5744,1.71
2023-09-11,0.4744,-4.5281,1.9006,10.49
2023-09-12,0.4804,1.2648,1.6745,3.65
2023-09-13,0.4832,0.5828,1.6693,3.53
2023-09-14,0.4892,1.2417,1.5558,1.7
2023-09-15,0.5005,2.3099,1.5576,1.82
2023-09-16,0.4998,-0.1399,1.558,1.94
2023-09-17,0.4925,-1.4606,1.5666,2.06
2023-09-18,0.503,2.132,1.6601,3.75
2023-09-19,0.514,2.1869,1.7486,6.76
2023-09-20,0.5212,1.4008,1.7692,7.84
2023-09-21,0.5071,-2.7053,1.9269,12.05
2023-09-22,0.5122,1.0057,1.9424,12.39
2023-09-23,0.5076,-0.8981,1.9585,12.74
2023-09-24,0.5021,-1.0835,1.9448,12.48
2023-09-25,0.5056,0.6971,1.464,0.72
2023-09-26,0.5019,-0.7318,1.4765,0.84
2023-09-27,0.4993,-0.518,1.4899,0.96
2023-09-28,0.5098,2.1029,1.5465,1.67
2023-09-29,0.5215,2.295,1.5451,1.67
2023-09-30,0.5149,-1.2656,1.5947,3.22
2023-10-01,0.5241,1.7868,1.5685,2.74
2023-10-02,0.5123,-2.2515,1.6389,3.92
2023-10-03,0.539,5.2118,2.0434,15.32
2023-10-04,0.5326,-1.1874,2.058,15.78
2023-10-05,0.5227,-1.8588,1.9835,14.22
2023-10-06,0.5255,0.5357,1.9742,14.2
2023-10-07,0.5216,-0.7422,1.9684,13.83
2023-10-08,0.5174,-0.8052,1.9566,13.58
2023-10-09,0.5027,-2.8411,2.1034,17.57
2023-10-10,0.4965,-1.2333,2.1194,17.79
2023-10-11,0.4888,-1.5509,2.152,18.82
2023-10-12,0.483,-1.1866,2.0736,16.57
2023-10-13,0.4851,0.4348,1.9552,13.5
2023-10-14,0.4865,0.2886,1.9525,13.48
2023-10-15,0.4874,0.185,1.8669,11.12
2023-10-16,0.4978,2.1338,1.9141,12.51
2023-10-17,0.4912,-1.3258,1.2068,0.12
2023-10-18,0.4878,-0.6922,1.1979,0.12
2023-10-19,0.5197,6.5396,2.1506,19.35
2023-10-20,0.5149,-0.9236,2.1565,19.67
2023-10-21,0.5208,1.1459,2.1726,20.0
2023-10-22,0.5226,0.3456,2.1618,19.86
2023-10-23,0.5475,4.7646,2.3067,24.13
2023-10-24,0.5588,2.0639,2.2717,23.06
2023-10-25,0.5552,-0.6442,2.2139,21.06
2023-10-26,0.5533,-0.3422,2.1662,20.0
2023-10-27,0.543,-1.8616,2.2863,23.56
2023-10-28,0.5446,0.2947,2.2862,23.53
2023-10-29,0.5561,2.1116,2.3009,24.31
2023-10-30,0.578,3.9381,2.4103,27.16
2023-10-31,0.5996,3.737,2.3988,26.78
2023-11-01,0.6085,1.4843,2.3234,25.26
2023-11-02,0.6054,-0.5094,1.9334,12.96
2023-11-03,0.6121,1.1067,1.8494,10.31
2023-11-04,0.6149,0.4574,1.8609,10.98
2023-11-05,0.6607,7.4484,2.4355,28.11
2023-11-06,0.7148,8.1883,2.8634,38.58
2023-11-07,0.685,-4.169,3.2689,48.8
2023-11-08,0.6869,0.2774,3.2338,47.84
2023-11-09,0.6665,-2.9699,3.4114,52.67
2023-11-10,0.6595,-1.0503,3.3622,51.02
2023-11-11,0.6626,0.4701,3.3581,50.96
2023-11-12,0.6613,-0.1962,3.379,51.47
2023-11-13,0.6702,1.3458,3.2995,49.49
2023-11-14,0.6296,-6.0579,3.6854,60.07
2023-11-15,0.6481,2.9384,3.7342,61.47
2023-11-16,0.6119,-5.5856,4.0496,67.95
2023-11-17,0.6133,0.2288,4.0413,67.64
2023-11-18,0.6106,-0.4402,4.0421,67.68
2023-11-19,0.6258,2.4894,3.5658,56.47
2023-11-20,0.6122,-2.1732,2.69,33.15
2023-11-21,0.5788,-5.4557,2.8137,36.48
2023-11-22,0.6109,5.546,3.2919,49.1
2023-11-23,0.6209,1.6369,3.2867,48.94
2023-11-24,0.6212,0.0483,3.2846,48.77
2023-11-25,0.6228,0.2576,3.2811,48.38
2023-11-26,0.6157,-1.14,3.2862,49.0
2023-11-27,0.6039,-1.9165,3.2659,48.05
2023-11-28,0.6107,1.126,2.9287,40.2
2023-11-29,0.6091,-0.262,2.7989,35.6
2023-11-30,0.6063,-0.4597,2.4044,26.78
2023-12-01,0.6125,1.0226,2.4193,27.08
2023-12-02,0.6208,1.3551,2.4391,27.61
2023-12-03,0.6229,0.3383,2.353,25.14
2023-12-04,0.6245,0.2569,2.275,22.68
2023-12-05,0.621,-0.5604,1.6829,5.52
2023-12-06,0.64,3.0596,1.2067,0.22
2023-12-07,0.6432,0.5,1.1538,0.11
2023-12-08,0.6721,4.4932,1.5836,3.52
2023-12-09,0.6584,-2.0384,1.7211,7.15
2023-12-10,0.6617,0.5012,1.6664,5.05
2023-12-11,0.6187,-6.4984,2.4022,27.33
2023-12-12,0.6192,0.0808,2.3885,26.43
2023-12-13,0.6275,1.3404,2.4054,27.6
2023-12-14,0.6316,0.6534,2.3993,27.13
2023-12-15,0.6156,-2.5332,2.4978,30.05
2023-12-16,0.6203,0.7635,2.4807,29.59
2023-12-17,0.6103,-1.6121,2.5137,30.75
2023-12-18,0.6125,0.3605,2.515,30.94
2023-12-19,0.6047,-1.2735,2.5308,31.66
2023-12-20,0.6171,2.0506,2.4513,28.59
2023-12-21,0.6241,1.1343,2.4701,29.21
2023-12-22,0.6244,0.0481,2.1076,18.0
2023-12-23,0.6195,-0.7848,2.0666,16.79
2023-12-24,0.6121,-1.1945,2.0592,16.56
2023-12-25,0.6462,5.571,1.9019,12.43
2023-12-26,0.6219,-3.7604,2.1753,20.41
2023-12-27,0.634,1.9457,2.2062,20.93
2023-12-28,0.6346,0.0946,2.2008,20.8
2023-12-29,0.623,-1.8279,2.1484,19.27
2023-12-30,0.6207,-0.3692,2.1435,19.03
2023-12-31,0.6156,-0.8217,2.1097,18.37
2024-01-01,0.6294,2.2417,2.1818,20.71
2024-01-02,0.6246,-0.7626,2.1607,20.04
2024-01-03,0.5823,-6.7723,2.751,37.04
2024-01-04,0.5868,0.7728,2.7384,36.58
2024-01-05,0.5757,-1.8916,2.7611,37.18
2024-01-06,0.5679,-1.3549,2.7686,37.35
2024-01-07,0.5515,-2.8878,2.8291,39.45
2024-01-08,0.5776,4.7325,2.7017,35.36
2024-01-09,0.5669,-1.8525,2.5929,32.87
2024-01-10,0.6008,5.9799,3.047,45.48
2024-01-11,0.6019,0.1831,3.048,45.54
2024-01-12,0.5699,-5.3165,3.293,51.86
2024-01-13,0.5747,0.8423,3.3132,52.54
2024-01-14,0.5763,0.2784,3.3176,52.59
2024-01-15,0.5757,-0.1041,3.2374,49.89
2024-01-16,0.5757,0.0,3.2403,49.95
2024-01-17,0.5685,-1.2507,2.7562,36.92
2024-01-18,0.552,-2.9024,2.8313,39.41
2024-01-19,0.5443,-1.3949,2.8154,38.74
2024-01-20,0.5534,1.6719,2.8468,39.85
2024-01-21,0.5464,-1.2649,2.7646,36.97
2024-01-22,0.5275,-3.459,2.5539,32.21
2024-01-23,0.5183,-1.7441,2.5503,32.18
2024-01-24,0.5181,-0.0386,1.8011,9.32
2024-01-25,0.5138,-0.83,1.7708,8.58
2024-01-26,0.5323,3.6006,1.746,7.52
2024-01-27,0.5303,-0.3757,1.7084,6.37
2024-01-28,0.5241,-1.1691,1.6984,6.05
2024-01-29,0.5352,2.1179,1.8409,10.42
2024-01-30,0.5107,-4.5777,2.1095,18.42
2024-01-31,0.5033,-1.449,2.113,18.61
2024-02-01,0.5058,0.4967,2.057,16.51
2024-02-02,0.5105,0.9292,2.0799,17.53
2024-02-03,0.5186,1.5867,2.0739,17.31
2024-02-04,0.5032,-2.9695,2.1666,20.91
2024-02-05,0.5069,0.7353,2.0312,15.72
2024-02-06,0.505,-0.3748,1.9901,15.29
2024-02-07,0.5138,1.7426,2.0502,16.41
2024-02-08,0.5147,0.1752,2.0388,16.08
2024-02-09,0.5262,2.2343,1.8932,12.15
2024-02-10,0.5239,-0.4371,1.894,12.24
2024-02-11,0.5261,0.4199,1.8721,11.51
2024-02-12,0.5315,1.0264,1.8057,9.86
2024-02-13,0.5247,-1.2794,1.3567,0.62
2024-02-14,0.5378,2.4967,1.3937,0.82
2024-02-15,0.5622,4.537,1.7413,7.78
2024-02-16,0.5643,0.3735,1.7436,7.87
2024-02-17,0.5496,-2.605,1.9221,13.59
2024-02-18,0.5571,1.3646,1.6832,5.82
2024-02-19,0.5626,0.9873,1.6844,5.91
2024-02-20,0.5622,-0.0711,1.6715,5.3
2024-02-21,0.5491,-2.3301,1.8264,10.68
2024-02-22,0.541,-1.4751,1.8951,13.31
2024-02-23,0.5342,-1.2569,1.8634,12.08
2024-02-24,0.545,2.0217,1.9172,14.1
2024-02-25,0.5425,-0.4587,1.9266,14.49
2024-02-26,0.5506,1.4931,1.9439,15.08
2024-02-27,0.5861,6.4475,2.455,31.55
2024-02-28,0.575,-1.8939,2.5012,32.93
2024-02-29,0.5867,2.0348,2.2873,26.44
2024-03-01,0.6013,2.4885,2.354,28.43
2024-03-02,0.6442,7.1345,2.7455,38.97
2024-03-03,0.6271,-2.6545,2.9158,45.07
2024-03-04,0.6477,3.285,2.9806,46.23
2024-03-05,0.5912,-8.7232,3.9039,68.98
2024-03-06,0.6121,3.5352,3.8992,68.71
2024-03-07,0.627,2.4342,3.8621,67.64
2024-03-08,0.62,-1.1164,3.8561,67.37
2024-03-09,0.6197,-0.0484,3.8593,67.5
2024-03-10,0.608,-1.888,3.915,69.23
2024-03-11,0.723,18.9145,6.0783,87.52
2024-03-12,0.688,-4.8409,6.2008,87.74
2024-03-13,0.6891,0.1599,6.1468,87.65
2024-03-14,0.669,-2.9168,6.2464,87.96
2024-03-15,0.6342,-5.2018,6.4376,88.57
2024-03-16,0.6031,-4.9038,6.3069,88.28
2024-03-17,0.6191,2.653,6.3125,88.39
2024-03-18,0.6453,4.2319,6.3512,88.5
2024-03-19,0.5845,-9.422,6.4232,88.51
2024-03-20,0.6107,4.4825,6.4638,88.72
2024-03-21,0.6404,4.8633,6.5539,89.03
2024-03-22,0.6115,-4.5128,6.6658,89.14
2024-03-23,0.6167,0.8504,6.6682,89.15
2024-03-24,0.6325,2.562,6.6683,89.16
2024-03-25,0.6406,1.2806,4.323,75.69
2024-03-26,0.6317,-1.3893,4.1795,73.35
2024-03-27,0.6118,-3.1502,4.2278,74.46
2024-03-28,0.6244,2.0595,4.2403,74.48
2024-03-29,0.6301,0.9129,4.033,69.8
2024-03-30,0.6212,-1.4125,3.8222,64.64
2024-03-31,0.6292,1.2878,3.7778,64.09
2024-04-01,0.611,-2.8926,3.6774,62.37
2024-04-02,0.5854,-4.1899,2.9216,43.95
2024-04-03,0.5742,-1.9132,2.6837,36.1
2024-04-04,0.5935,3.3612,2.4944,31.77
2024-04-05,0.5871,-1.0783,2.2451,24.25
2024-04-06,0.593,1.0049,2.251,24.51
2024-04-07,0.5944,0.2361,2.1189,19.92
2024-04-08,0.6147,3.4152,2.3045,26.6
2024-04-09,0.6141,-0.0976,2.2835,25.51
2024-04-10,0.6172,0.5048,2.1324,20.45
2024-04-11,0.6086,-1.3934,2.0891,19.07
2024-04-12,0.5468,-10.1545,3.2849,52.71
2024-04-13,0.4788,-12.436,4.4245,77.29
2024-04-14,0.5033,5.117,4.7122,79.92
2024-04-15,0.4977,-1.1127,4.6959,79.85
2024-04-16,0.4965,-0.2411,4.6344,79.09
2024-04-17,0.4951,-0.282,4.6319,78.83
2024-04-18,0.5025,1.4946,4.5319,78.27
2024-04-19,0.503,0.0995,4.542,78.39
2024-04-20,0.5288,5.1292,4.7888,80.33
2024-04-21,0.5246,-0.7943,4.7818,80.25
2024-04-22,0.556,5.9855,4.984,81.61
2024-04-23,0.5445,-2.0683,4.9961,81.63
2024-04-24,0.5275,-3.1221,5.0196,81.74
2024-04-25,0.5254,-0.3981,5.0203,81.76
2024-04-26,0.5261,0.1332,4.3176,75.0
2024-04-27,0.5179,-1.5586,2.7279,37.08
2024-04-28,0.5103,-1.4675,2.4632,30.95
2024-04-29,0.5151,0.9406,2.446,30.26
2024-04-30,0.5006,-2.815,2.5714,33.94
2024-05-01,0.5175,3.3759,2.7027,36.66
2024-05-02,0.518,0.0966,2.6844,36.24
2024-05-03,0.5317,2.6448,2.7532,38.48
2024-05-04,0.5302,-0.2821,2.4275,29.83
2024-05-05,0.5296,-0.1132,2.417,29.42
2024-05-06,0.5402,2.0015,1.8822,12.0
2024-05-07,0.5245,-2.9063,1.9531,14.64
2024-05-08,0.5171,-1.4109,1.8182,9.91
2024-05-09,0.5209,0.7349,1.8295,10.08
2024-05-10,0.5022,-3.5899,2.0425,16.95
2024-05-11,0.5059,0.7368,2.0278,16.46
2024-05-12,0.4993,-1.3046,2.0207,16.45
2024-05-13,0.5053,1.2017,2.0317,16.71
2024-05-14,0.5002,-1.0093,1.9099,13.13
2024-05-15,0.5188,3.7185,1.9545,14.9
2024-05-16,0.5157,-0.5975,1.9612,15.36
2024-05-17,0.5234,1.4931,1.87,11.6
2024-05-18,0.5213,-0.4012,1.8711,11.68
2024-05-19,0.5096,-2.2444,1.9508,14.85
2024-05-20,0.5377,5.5141,2.3993,29.57
2024-05-21,0.537,-0.1302,2.262,25.44
2024-05-22,0.5268,-1.8994,2.2901,26.54
2024-05-23,0.5289,0.3986,2.2857,26.14
2024-05-24,0.536,1.3424,2.0527,17.94
2024-05-25,0.5416,1.0448,2.0569,18.2
2024-05-26,0.5283,-2.4557,2.1487,21.71
2024-05-27,0.534,1.0789,2.1458,21.5
2024-05-28,0.5287,-0.9925,2.145,21.48
2024-05-29,0.5238,-0.9268,1.9603,15.45
2024-05-30,0.5186,-0.9927,1.9728,15.9
2024-05-31,0.5176,-0.1928,1.9326,13.94
2024-06-01,0.5187,0.2125,1.9314,13.93
2024-06-02,0.5135,-1.0025,1.854,10.6
2024-06-03,0.5199,1.2463,1.152,0.09
2024-06-04,0.5257,1.1156,1.2035,0.37
2024-06-05,0.5258,0.019,1.1007,0.09
2024-06-06,0.5215,-0.8178,1.1132,0.18
2024-06-07,0.4991,-4.2953,1.4799,1.65
2024-06-08,0.4926,-1.3023,1.4277,1.28
2024-06-09,0.4986,1.218,1.412,1.19
2024-06-10,0.4969,-0.341,1.3516,0.91
2024-06-11,0.4802,-3.3608,1.5376,2.56
2024-06-12,0.4916,2.374,1.7226,7.58
2024-06-13,0.4769,-2.9902,1.8413,11.22
2024-06-14,0.4746,-0.4823,1.8385,11.03
2024-06-15,0.4908,3.4134,2.1051,21.31
2024-06-16,0.4891,-0.3464,2.0978,21.11
2024-06-17,0.5047,3.1895,2.2555,26.73
2024-06-18,0.491,-2.7145,2.3126,29.43
2024-06-19,0.4933,0.4684,2.3221,29.58
2024-06-20,0.4888,-0.9122,2.3234,29.74
2024-06-21,0.4889,0.0205,2.0623,19.75
2024-06-22,0.4866,-0.4704,2.0394,18.55
2024-06-23,0.4797,-1.418,2.0338,18.35
2024-06-24,0.474,-1.1882,2.048,19.06
2024-06-25,0.4757,0.3586,1.8692,12.36
2024-06-26,0.4698,-1.2403,1.7631,8.93
2024-06-27,0.4753,1.1707,1.6318,4.41
2024-06-28,0.4716,-0.7785,1.6396,4.59
2024-06-29,0.4727,0.2332,1.3394,0.9
2024-06-30,0.4761,0.7193,1.3623,1.17
2024-07-01,0.477,0.189,1.0038,0.09
2024-07-02,0.4853,1.74,0.9215,0.09
2024-07-03,0.4672,-3.7297,1.2999,1.08
2024-07-04,0.4329,-7.3416,2.2184,26.32
2024-07-05,0.4251,-1.8018,2.2176,26.3
2024-07-06,0.4488,5.5752,2.7878,42.81
2024-07-07,0.4195,-6.5285,3.1856,52.41
2024-07-08,0.4316,2.8844,3.3288,56.47
2024-07-09,0.4356,0.9268,3.3438,56.86
2024-07-10,0.4388,0.7346,3.3542,57.08
2024-07-11,0.4491,2.3473,3.4076,58.54
2024-07-12,0.4745,5.6558,3.7362,65.78
2024-07-13,0.5257,10.7903,4.6401,80.2
2024-07-14,0.5205,-0.9892,4.6648,80.39
2024-07-15,0.5372,3.2085,4.7037,80.94
2024-07-16,0.5793,7.8369,5.0267,83.08
2024-07-17,0.626,8.0615,5.0845,83.27
2024-07-18,0.5697,-8.9936,5.3192,83.91
2024-07-19,0.5733,0.6319,5.2271,83.57
2024-07-20,0.5937,3.5583,5.1621,83.32
2024-07-21,0.5984,0.7916,4.5961,79.1
2024-07-22,0.608,1.6043,4.6038,79.21
2024-07-23,0.5975,-1.727,4.7212,80.81
2024-07-24,0.6179,3.4142,4.7044,80.56
2024-07-25,0.5996,-2.9616,4.9174,81.99
2024-07-26,0.6034,0.6338,4.8351,81.21
2024-07-27,0.5956,-1.2927,4.1982,73.95
2024-07-28,0.6012,0.9402,4.1627,73.27
2024-07-29,0.6019,0.1164,4.128,72.24
2024-07-30,0.6277,4.2864,3.7893,65.27
2024-07-31,0.623,-0.7488,3.1899,51.49
2024-08-01,0.5964,-4.2697,2.3609,30.57
2024-08-02,0.5607,-5.9859,2.8666,44.59
2024-08-03,0.5558,-0.8739,2.682,38.8
2024-08-04,0.5228,-5.9374,3.0031,47.74
2024-08-05,0.4889,-6.4843,3.2323,52.39
2024-08-06,0.5062,3.5386,3.4799,59.3
2024-08-07,0.6002,18.5697,6.0953,88.18
2024-08-08,0.6166,2.7324,6.0763,87.85
2024-08-09,0.5805,-5.8547,6.2827,88.81
2024-08-10,0.5841,0.6202,6.2759,88.56
2024-08-11,0.5528,-5.3587,6.4198,89.44
2024-08-12,0.5684,2.822,6.473,89.88
2024-08-13,0.577,1.513,6.3741,89.28
2024-08-14,0.5687,-1.4385,6.3792,89.29
2024-08-15,0.5607,-1.4067,6.2991,88.7
2024-08-16,0.5638,0.5529,6.0958,87.67
2024-08-17,0.5665,0.4789,6.0885,87.42
2024-08-18,0.5631,-0.6002,5.8477,86.06
2024-08-19,0.5985,6.2866,5.6499,84.69
2024-08-20,0.5937,-0.802,5.6543,84.71
2024-08-21,0.5999,1.0443,3.0151,47.47
2024-08-22,0.5976,-0.3834,2.9218,45.8
2024-08-23,0.6109,2.2256,2.5135,34.96
2024-08-24,0.6127,0.2946,2.5128,34.93
2024-08-25,0.6,-2.0728,2.0832,20.53
2024-08-26,0.5874,-2.1,2.0952,21.03
2024-08-27,0.5666,-3.541,2.2753,27.33
2024-08-28,0.5693,0.4765,2.2484,26.37
2024-08-29,0.5619,-1.2998,2.2437,26.17
2024-08-30,0.5667,0.8542,2.2499,26.58
2024-08-31,0.5662,-0.0882,2.2472,26.38
2024-09-01,0.5472,-3.3557,2.4079,32.14
2024-09-02,0.5677,3.7463,1.9699,16.57
2024-09-03,0.5572,-1.8496,2.005,17.57
2024-09-04,0.5579,0.1256,1.9703,16.62
2024-09-05,0.5444,-2.4198,2.0308,17.97
2024-09-06,0.5211,-4.2799,2.0652,19.98
2024-09-07,0.5248,0.71,2.088,21.07
2024-09-08,0.5295,0.8956,2.1266,22.49
2024-09-09,0.5395,1.8886,2.2078,25.25
2024-09-10,0.5408,0.241,2.0552,19.24
2024-09-11,0.5348,-1.1095,2.0524,19.06
2024-09-12,0.5626,5.1982,2.49,35.05
2024-09-13,0.5728,1.813,2.5244,36.7
2024-09-14,0.5956,3.9804,2.7123,40.29
2024-09-15,0.5706,-4.1974,2.8027,42.94
2024-09-16,0.5866,2.8041,2.7304,40.55
2024-09-17,0.5839,-0.4603,2.6763,38.84
2024-09-18,0.5852,0.2226,2.6757,38.81
2024-09-19,0.5868,0.2734,2.5621,37.1
2024-09-20,0.5851,-0.2897,2.2036,24.94
2024-09-21,0.5976,2.1364,2.2274,26.09
2024-09-22,0.5871,-1.757,2.3348,30.49
2024-09-23,0.5847,-0.4088,2.3309,30.38
2024-09-24,0.5911,1.0946,2.3318,30.44
2024-09-25,0.5831,-1.3534,2.3459,30.75
2024-09-26,0.5905,1.2691,1.9931,17.07
2024-09-27,0.5888,-0.2879,1.9573,15.72
2024-09-28,0.6138,4.2459,1.9946,17.21
2024-09-29,0.6412,4.464,1.8627,11.79
2024-09-30,0.6114,-4.6475,2.2531,27.47
2024-10-01,0.5967,-2.4043,2.3546,31.34
2024-10-02,0.5383,-9.7872,3.4832,60.15
2024-10-03,0.5217,-3.0838,3.5347,61.01
2024-10-04,0.534,2.3577,3.6251,63.36
2024-10-05,0.5294,-0.8614,3.5458,61.24
2024-10-06,0.5336,0.7934,3.5573,61.6
2024-10-07,0.5286,-0.937,3.5577,61.63
2024-10-08,0.531,0.454,3.539,61.01
2024-10-09,0.5245,-1.2241,3.5374,60.96
2024-10-10,0.5305,1.1439,3.5326,60.58
2024-10-11,0.5388,1.5646,3.5799,62.34
2024-10-12,0.5393,0.0928,3.3324,56.29
2024-10-13,0.5321,-1.3351,2.9871,48.19
2024-10-14,0.5483,3.0445,3.0238,49.06
2024-10-15,0.5417,-1.2037,2.9918,48.28
2024-10-16,0.5482,1.1999,1.6133,4.34
2024-10-17,0.5441,-0.7479,1.374,1.39
2024-10-18,0.5465,0.4411,1.2534,0.98
2024-10-19,0.544,-0.4575,1.2337,0.98
2024-10-20,0.5482,0.7721,1.233,0.98
2024-10-21,0.5449,-0.602,1.2138,0.9
2024-10-22,0.5339,-2.0187,1.3408,1.47
2024-10-23,0.5258,-1.5171,1.3626,1.79
2024-10-24,0.532,1.1792,1.3647,1.87
2024-10-25,0.5022,-5.6015,1.9227,14.55
2024-10-26,0.5134,2.2302,2.0434,19.17
2024-10-27,0.5168,0.6623,2.038,18.83
2024-10-28,0.5195,0.5224,1.8468,11.52
2024-10-29,0.5284,1.7132,1.9044,14.1
2024-10-30,0.5229,-1.0409,1.8774,13.04
2024-10-31,0.5095,-2.5626,1.9632,16.83
2024-11-01,0.5131,0.7066,1.973,17.38
2024-11-02,0.5103,-0.5457,1.9732,17.45
2024-11-03,0.503,-1.4305,1.9584,16.46
2024-11-04,0.5035,0.0994,1.9665,16.94
2024-11-05,0.514,2.0854,2.0296,18.86
2024-11-06,0.5418,5.4086,2.459,35.35
2024-11-07,0.5556,2.5471,2.5206,37.57
2024-11-08,0.5537,-0.342,1.9293,15.03
2024-11-09,0.5593,1.0114,1.8861,13.41
2024-11-10,0.5884,5.2029,2.2238,27.21
2024-11-11,0.6207,5.4895,2.5049,37.05
2024-11-12,0.704,13.4203,4.0049,71.47
2024-11-13,0.6898,-2.017,4.0678,72.62
2024-11-14,0.7736,12.1484,4.599,79.52
2024-11-15,0.8922,15.3309,5.5026,85.13
2024-11-16,1.1209,25.6333,7.6217,93.69
2024-11-17,1.0543,-5.9417,8.016,95.93
2024-11-18,1.1137,5.6341,7.8641,95.45
2024-11-19,1.1003,-1.2032,8.0284,95.94
2024-11-20,1.1041,0.3454,8.1545,96.42
2024-11-21,1.247,12.9427,8.3217,96.98
2024-11-22,1.4726,18.0914,8.6256,97.93
2024-11-23,1.4685,-0.2784,8.7017,98.09
2024-11-24,1.4331,-2.4106,9.058,98.49
2024-11-25,1.4142,-1.3188,9.3024,98.89
2024-11-26,1.3984,-1.1172,9.2784,98.81
2024-11-27,1.4696,5.0915,9.0493,98.26
2024-11-28,1.5421,4.9333,8.8841,97.78
2024-11-29,1.8006,16.7629,9.0052,97.94
2024-11-30,1.9513,8.3694,7.158,91.31
2024-12-01,2.2937,17.5473,7.3168,91.63
2024-12-02,2.7245,18.7819,8.0247,95.11
2024-12-03,2.5102,-7.8657,8.6631,97.56
2024-12-04,2.3574,-6.0872,9.131,98.5
2024-12-05,2.2446,-4.7849,9.3025,98.9
2024-12-06,2.4257,8.0683,8.6032,96.93
2024-12-07,2.6099,7.5937,8.5638,96.7
2024-12-08,2.6013,-0.3295,8.4593,96.31
2024-12-09,2.2124,-14.9502,9.7767,98.9
2024-12-10,2.3709,7.1642,9.7167,98.82
2024-12-11,2.3941,0.9785,9.7507,98.83
2024-12-12,2.3384,-2.3266,9.8802,98.9
2024-12-13,2.4217,3.5623,9.1735,98.2
2024-12-14,2.4005,-0.8754,9.063,97.81
2024-12-15,2.4469,1.9329,7.9616,93.99
2024-12-16,2.4841,1.5203,6.2248,86.74
2024-12-17,2.5673,3.3493,5.9347,85.35
2024-12-18,2.3103,-10.0105,6.3124,87.62
2024-12-19,2.239,-3.0862,6.2338,86.77
2024-12-20,2.2793,1.7999,5.8658,84.91
2024-12-21,2.238,-1.812,5.4515,82.52
2024-12-22,2.2031,-1.5594,5.451,82.45
2024-12-23,2.2617,2.6599,3.9043,67.8
2024-12-24,2.3238,2.7457,3.4878,58.84
2024-12-25,2.2973,-1.1404,3.4845,58.79
2024-12-26,2.1559,-6.1551,3.7763,64.71
2024-12-27,2.1466,-0.4314,3.6052,62.18
2024-12-28,2.1843,1.7563,3.664,63.14
2024-12-29,2.0942,-4.1249,3.6966,63.55
2024-12-30,2.0587,-1.6952,3.63,62.5
2024-12-31,2.0836,1.2095,3.4742,58.21
2025-01-01,2.3328,11.9601,4.1371,71.73
2025-01-02,2.4024,2.9835,4.0929,70.82
2025-01-03,2.4547,2.177,4.102,71.0
2025-01-04,2.4201,-1.4095,4.0863,70.71
2025-01-05,2.3994,-0.8553,4.0632,70.35
2025-01-06,2.42,0.8585,4.0272,69.38
2025-01-07,2.2712,-6.1488,4.3234,74.92
2025-01-08,2.3731,4.4866,4.4647,76.17
2025-01-09,2.2722,-4.2518,4.2907,74.35
2025-01-10,2.3414,3.0455,4.3321,74.98
2025-01-11,2.5764,10.0367,4.9546,80.58
2025-01-12,2.5046,-2.7868,4.8609,79.76
2025-01-13,2.5232,0.7426,4.7901,79.39
2025-01-14,2.6673,5.711,4.9045,80.09
2025-01-15,3.1429,17.8308,5.8974,85.37
2025-01-16,3.2451,3.2518,5.9,85.38
2025-01-17,3.2922,1.4514,5.9044,85.39
2025-01-18,3.2697,-0.6834,5.8748,85.02
2025-01-19,2.9587,-9.5116,6.59,89.13
2025-01-20,3.1053,4.9549,6.6362,89.14
2025-01-21,3.1738,2.2059,6.2396,86.95
2025-01-22,3.1803,0.2048,6.2448,86.96
2025-01-23,3.1194,-1.9149,6.0969,86.36
2025-01-24,3.1009,-0.5931,6.1441,86.37
2025-01-25,3.108,0.229,5.7585,83.66
2025-01-26,3.0223,-2.7574,5.7569,83.6
2025-01-27,3.0552,1.0886,5.7543,83.53
2025-01-28,3.0572,0.0655,5.6442,82.79
2025-01-29,3.0683,0.3631,3.228,50.68
2025-01-30,3.1276,1.9327,3.1465,49.59
2025-01-31,3.0361,-2.9256,3.1829,50.0
2025-02-01,2.8778,-5.2139,3.4052,55.61
2025-02-02,2.58,-10.3482,3.5605,59.32
2025-02-03,2.7001,4.655,3.5259,58.08
2025-02-04,2.5274,-6.3961,3.6725,62.01
2025-02-05,2.381,-5.7925,3.7914,63.99
2025-02-06,2.325,-2.352,3.7926,64.02
2025-02-07,2.3968,3.0882,4.0031,68.16
2025-02-08,2.419,0.9262,4.0315,68.49
2025-02-09,2.3928,-1.0831,4.0229,68.36
2025-02-10,2.4237,1.2914,4.0328,68.54
2025-02-11,2.4131,-0.4373,4.0204,68.19
2025-02-12,2.4734,2.4989,4.1307,70.75
2025-02-13,2.5599,3.4972,4.2402,72.86
2025-02-14,2.7384,6.9729,4.7137,78.24
2025-02-15,2.7619,0.8582,4.5475,76.4
2025-02-16,2.7283,-1.2166,3.5994,60.12
2025-02-17,2.6599,-2.5071,3.4743,56.51
2025-02-18,2.5628,-3.6505,3.1749,49.26
2025-02-19,2.7378,6.8285,3.1515,48.92
2025-02-20,2.6877,-1.8299,3.1138,48.07
2025-02-21,2.5721,-4.3011,3.3476,53.67
2025-02-22,2.574,0.0739,3.3482,53.7
2025-02-23,2.5763,0.0894,3.3221,53.0
2025-02-24,2.2783,-11.567,4.5499,76.55
2025-02-25,2.3222,1.9269,4.5867,76.72
2025-02-26,2.1982,-5.3398,4.7042,78.21
2025-02-27,2.1985,0.0136,4.5643,76.53
2025-02-28,2.1453,-2.4198,4.0024,67.7
2025-03-01,2.1916,2.1582,4.0739,69.57
2025-03-02,2.9396,34.1303,10.058,98.97
2025-03-03,2.3873,-18.7883,11.2622,98.97
2025-03-04,2.4543,2.8065,11.2433,98.9
2025-03-05,2.4998,1.8539,11.1082,98.82
2025-03-06,2.6001,4.0123,11.1445,98.83
2025-03-07,2.3855,-8.2535,11.3072,98.97
2025-03-08,2.3261,-2.49,11.326,98.97
2025-03-09,2.1387,-8.0564,11.5074,98.97
2025-03-10,2.0216,-5.4753,11.1999,98.61
2025-03-11,2.1711,7.3951,11.3642,98.9
2025-03-12,2.2396,3.1551,11.2835,98.68
2025-03-13,2.2527,0.5849,11.2819,98.61
2025-03-14,2.3564,4.6034,11.2856,98.69
2025-03-15,2.3911,1.4726,11.2831,98.54
2025-03-16,2.2938,-4.0693,6.6669,88.63
2025-03-17,2.3382,1.9357,4.6694,76.84
2025-03-18,2.2851,-2.271,4.6315,76.2
2025-03-19,2.5469,11.4568,5.5371,81.89
2025-03-20,2.4361,-4.3504,5.5539,81.9
2025-03-21,2.3809,-2.2659,5.141,80.17
2025-03-22,2.3711,-0.4116,5.0934,79.97
2025-03-23,2.4393,2.8763,4.5689,75.42
2025-03-24,2.4501,0.4427,4.2053,71.01
2025-03-25,2.4492,-0.0367,3.8802,64.45
2025-03-26,2.3494,-4.0748,4.0289,67.08
2025-03-27,2.341,-0.3575,4.0335,67.32
2025-03-28,2.2073,-5.7112,4.1308,69.51
2025-03-29,2.1351,-3.271,4.1591,70.25
2025-03-30,2.1369,0.0843,4.0566,67.97
2025-03-31,2.0899,-2.1994,4.0244,66.76
2025-04-01,2.1387,2.335,4.0722,68.3
2025-04-02,2.0237,-5.3771,2.6238,35.49
2025-04-03,2.0648,2.0309,2.6595,36.12
2025-04-04,2.1302,3.1674,2.8558,41.48
2025-04-05,2.1442,0.6572,2.878,42.31
2025-04-06,1.9218,-10.3722,3.634,59.58
2025-04-07,1.8987,-1.202,3.5917,58.54
2025-04-08,1.7963,-5.3932,3.6745,60.29
2025-04-09,2.0529,14.2849,5.5437,82.09
2025-04-10,1.9658,-4.2428,5.611,82.53
2025-04-11,2.0225,2.8843,5.5412,81.97
2025-04-12,2.1598,6.7886,5.7788,83.63
2025-04-13,2.1196,-1.8613,5.8044,83.79
2025-04-14,2.1275,0.3727,5.7691,83.51
2025-04-15,2.0842,-2.0353,5.7683,83.45
2025-04-16,2.0834,-0.0384,5.5748,82.04
2025-04-17,2.0673,-0.7728,5.5615,81.91
2025-04-18,2.0619,-0.2612,5.4988,81.35
2025-04-19,2.0877,1.2513,5.5067,81.44
2025-04-20,2.0787,-0.4311,4.7126,77.04
2025-04-21,2.0855,0.3271,4.6857,76.49
2025-04-22,2.2139,6.1568,4.5413,74.59
2025-04-23,2.2184,0.2033,2.8742,41.56
2025-04-24,2.2049,-0.6085,2.5739,34.3
2025-04-25,2.1812,-1.0749,2.5529,34.07
2025-04-26,2.1912,0.4585,1.8851,11.82
2025-04-27,2.252,2.7747,1.9149,12.87
2025-04-28,2.2949,1.905,1.9507,14.2
2025-04-29,2.238,-2.4794,1.9957,16.38
2025-04-30,2.1908,-2.109,2.106,20.47
2025-05-01,2.2123,0.9814,2.0857,19.75
2025-05-02,2.2093,-0.1356,2.0827,19.59
2025-05-03,2.1872,-1.0003,2.1064,20.63
2025-05-04,2.156,-1.4265,2.1482,22.03
2025-05-05,2.1306,-1.1781,2.1807,23.14
2025-05-06,2.155,1.1452,1.4627,2.25
2025-05-07,2.1265,-1.3225,1.4866,2.53
2025-05-08,2.3272,9.438,2.9066,42.95
2025-05-09,2.3439,0.7176,2.877,42.22
2025-05-10,2.4711,5.4269,3.1378,47.44
2025-05-11,2.367,-4.2127,3.35,52.52
2025-05-12,2.5439,7.4736,3.8037,62.28
2025-05-13,2.5829,1.5331,3.6948,60.49
2025-05-14,2.5503,-1.2621,3.6485,59.75
2025-05-15,2.3856,-6.4581,4.1433,69.83
2025-05-16,2.3798,-0.2431,4.1448,69.85
2025-05-17,2.3531,-1.1219,4.1483,70.01
2025-05-18,2.428,3.183,4.1567,70.24
2025-05-19,2.3803,-1.9646,4.1901,70.82
2025-05-20,2.3565,-0.9999,4.2168,71.33
2025-05-21,2.3952,1.6423,4.1828,70.65
2025-05-22,2.4311,1.4988,3.4695,54.76
2025-05-23,2.2966,-5.5325,3.7842,61.6
2025-05-24,2.3303,1.4674,3.4998,55.45
2025-05-25,2.3417,0.4892,3.3354,51.66
2025-05-26,2.3103,-1.3409,2.6155,35.0
2025-05-27,2.3168,0.2813,2.5602,34.28
2025-05-28,2.2742,-1.8387,2.5728,34.46
2025-05-29,2.2442,-1.3191,2.0503,17.91
2025-05-30,2.1398,-4.652,2.3206,27.78
2025-05-31,2.1738,1.5889,2.3917,29.49
2025-06-01,2.1792,0.2484,2.1755,22.91
2025-06-02,2.1965,0.7939,2.181,23.03
2025-06-03,2.2446,2.1898,2.286,26.53
2025-06-04,2.2009,-1.9469,2.2525,25.48
2025-06-05,2.0936,-4.8753,2.4246,31.04
2025-06-06,2.1598,3.162,2.3028,27.44
2025-06-07,2.1769,0.7917,2.2697,26.05
2025-06-08,2.267,4.1389,2.5553,34.68
2025-06-09,2.3211,2.3864,2.6159,35.62
2025-06-10,2.3074,-0.5902,2.6204,35.8
2025-06-11,2.2704,-1.6035,2.6093,35.5
2025-06-12,2.1899,-3.5456,2.7502,38.97
2025-06-13,2.1472,-1.9499,2.511,33.33
2025-06-14,2.1394,-0.3633,2.476,32.22
2025-06-15,2.1655,1.22,2.4978,32.81
2025-06-16,2.238,3.348,2.6394,36.34
2025-06-17,2.159,-3.5299,2.7358,38.7
2025-06-18,2.1705,0.5327,2.6996,37.65
2025-06-19,2.1648,-0.2626,2.3511,28.56
2025-06-20,2.1194,-2.0972,2.2775,26.16
2025-06-21,2.0632,-2.6517,2.3517,28.66
2025-06-22,2.0172,-2.2295,2.0328,16.8
2025-06-23,2.1584,6.9998,2.7659,39.84
2025-06-24,2.1898,1.4548,2.8099,40.9
2025-06-25,2.1859,-0.1781,2.7878,40.19
2025-06-26,2.1054,-3.6827,2.7996,40.57
2025-06-27,2.1419,1.7336,2.7999,40.61
2025-06-28,2.1854,2.0309,2.8439,41.94
2025-06-29,2.2061,0.9472,2.8378,41.84
2025-06-30,2.2362,1.3644,2.7229,38.23
2025-07-01,2.172,-2.8709,2.666,36.78
2025-07-02,2.2336,2.8361,2.7585,39.53
2025-07-03,2.2569,1.0432,2.7619,39.64
2025-07-04,2.2205,-1.6128,2.7341,38.53
2025-07-05,2.2178,-0.1216,2.6091,35.4
2025-07-06,2.2709,2.3943,2.5276,34.03
2025-07-07,2.2708,-0.0044,1.8763,10.91
2025-07-08,2.3108,1.7615,1.8905,11.64
2025-07-09,2.4038,4.0246,2.0968,19.77
2025-07-10,2.5471,5.9614,2.1268,20.9
2025-07-11,2.7322,7.2671,2.6123,35.73
2025-07-12,2.7395,0.2672,2.6399,36.51
2025-07-13,2.8361,3.5262,2.6734,37.09
2025-07-14,2.9582,4.3052,2.742,39.28
2025-07-15,2.919,-1.3251,2.5669,34.83
2025-07-16,3.038,4.0767,2.6096,35.68
2025-07-17,3.4814,14.5951,4.08,69.3
2025-07-18,3.4135,-1.9504,4.1094,69.85
2025-07-19,3.4244,0.3193,4.0854,69.34
2025-07-20,3.454,0.8644,4.1266,70.09
2025-07-21,3.5495,2.7649,4.0374,67.98
2025-07-22,3.5504,0.0254,4.1094,69.87
2025-07-23,3.1838,-10.3256,5.3706,81.88
2025-07-24,3.1453,-1.2092,5.3263,81.62
2025-07-25,3.1423,-0.0954,5.1053,80.77
2025-07-26,3.1662,0.7606,5.101,80.72
2025-07-27,3.2389,2.2961,5.0701,80.53
2025-07-28,3.1235,-3.5629,5.1171,80.81
2025-07-29,3.128,0.1441,5.0933,80.56
2025-07-30,3.0966,-1.0038,5.0146,80.04
2025-07-31,3.0224,-2.3962,3.0815,47.38
2025-08-01,2.9613,-2.0216,3.0832,47.48
2025-08-02,2.7695,-6.4769,3.3656,53.67
2025-08-03,2.948,6.4452,3.9032,65.28
2025-08-04,3.0716,4.1927,4.0184,66.89
2025-08-05,2.9623,-3.5584,4.0623,68.43
2025-08-06,2.9908,0.9621,3.1999,49.57
2025-08-07,3.3197,10.9971,4.3245,73.81
2025-08-08,3.2859,-1.0182,4.3397,73.96
2025-08-09,3.2259,-1.826,4.3758,74.11
2025-08-10,3.187,-1.2059,4.3504,74.0
2025-08-11,3.1295,-1.8042,4.271,72.89
2025-08-12,3.2676,4.4128,4.4131,74.42
2025-08-13,3.2744,0.2081,4.3965,74.24
2025-08-14,3.0792,-5.9614,4.6523,77.35
2025-08-15,3.0779,-0.0422,4.6114,76.71
2025-08-16,3.1055,0.8967,4.2009,71.54
2025-08-17,3.0877,-0.5732,3.9194,65.14
2025-08-18,3.0616,-0.8453,3.7842,61.89
2025-08-19,2.8608,-6.5587,4.0573,68.0
2025-08-20,2.9512,3.16,4.1397,70.05
2025-08-21,2.8519,-3.3647,2.8691,42.42
2025-08-22,3.0744,7.8018,3.6627,59.96
2025-08-23,3.0485,-0.8424,3.6442,59.6
2025-08-24,3.0258,-0.7446,3.6383,59.49
2025-08-25,2.8584,-5.5324,3.8676,63.89
2025-08-26,3.0123,5.3841,3.9638,65.67
2025-08-27,2.9688,-1.4441,3.9656,65.76
2025-08-28,2.9665,-0.0775,3.6785,60.31
2025-08-29,2.8195,-4.9553,3.8759,63.98
2025-08-30,2.8181,-0.0497,3.8583,63.48
2025-08-31,2.7757,-1.5046,3.865,63.7
2025-09-01,2.7589,-0.6053,3.8648,63.66
2025-09-02,2.862,3.737,3.6471,59.4
2025-09-03,2.8443,-0.6184,3.5467,56.71
2025-09-04,2.7946,-1.7474,3.4673,54.79
2025-09-05,2.8147,0.7192,2.7145,37.28
2025-09-06,2.8098,-0.1741,2.7155,37.32
2025-09-07,2.877,2.3916,2.8172,40.59
2025-09-08,2.9697,3.2221,2.5497,33.2
2025-09-09,2.9474,-0.7509,2.1322,20.27
2025-09-10,2.9834,1.2214,2.1256,20.0
2025-09-11,3.0398,1.8905,2.1765,21.92
2025-09-12,3.1054,2.158,1.69,5.67
2025-09-13,3.1193,0.4476,1.6789,5.28
2025-09-14,3.0279,-2.9301,1.8469,9.46
2025-09-15,2.9969,-1.0238,1.87,10.42
2025-09-16,3.0376,1.3581,1.6762,5.21
2025-09-17,3.0841,1.5308,1.6707,5.07
2025-09-18,3.0735,-0.3437,1.566,3.34
2025-09-19,2.9901,-2.7135,1.7949,8.6
2025-09-20,2.975,-0.505,1.8051,8.78
2025-09-21,2.9701,-0.1647,1.7244,6.92
2025-09-22,2.8526,-3.9561,1.8264,9.15
2025-09-23,2.8247,-0.9781,1.8316,9.34
2025-09-24,2.9257,3.5756,2.0566,17.84
2025-09-25,2.7435,-6.2276,2.5042,32.52
2025-09-26,2.7835,1.458,2.4532,30.97
2025-09-27,2.8047,0.7616,2.4654,31.46
2025-09-28,2.8674,2.2355,2.4942,32.14
2025-09-29,2.8801,0.4429,2.4948,32.25
2025-09-30,2.8468,-1.1562,2.4628,31.34
2025-10-01,2.9485,3.5724,2.6294,35.96
2025-10-02,3.0389,3.066,2.7671,40.08
2025-10-03,3.0401,0.0395,2.6662,36.81
2025-10-04,2.9685,-2.3552,2.7405,39.07
2025-10-05,2.9697,0.0404,2.74,39.05
2025-10-06,2.9883,0.6263,2.5072,32.93
2025-10-07,2.852,-4.5611,2.7973,40.77
2025-10-08,2.8797,0.9712,2.6429,36.25
2025-10-09,2.8021,-2.6947,2.17,22.1
2025-10-10,2.3704,-15.4063,4.5256,76.52
2025-10-11,2.3819,0.4852,4.5183,76.41
2025-10-12,2.5282,6.1422,4.8229,79.65
2025-10-13,2.6052,3.0456,4.9154,80.35
2025-10-14,2.5033,-3.9114,4.989,80.81
2025-10-15,2.4109,-3.6911,4.8858,79.87
2025-10-16,2.328,-3.4385,4.7561,79.19
2025-10-17,2.2936,-1.4777,4.7309,79.02
2025-10-18,2.3596,2.8776,4.8824,79.85
2025-10-19,2.3908,1.3223,4.9223,80.49
2025-10-20,2.4948,4.35,5.1216,81.89
2025-10-21,2.4222,-2.9101,5.0601,81.33
2025-10-22,2.3647,-2.3739,5.0392,81.16
2025-10-23,2.3947,1.2687,5.0621,81.36
2025-10-24,2.5103,4.8273,3.3285,52.13
2025-10-25,2.5959,3.41,3.4139,54.42
2025-10-26,2.6461,1.9338,3.089,47.37
2025-10-27,2.634,-0.4573,3.0031,45.59
2025-10-28,2.6034,-1.1617,2.8169,41.3
2025-10-29,2.5502,-2.0435,2.6779,36.71
2025-10-30,2.4393,-4.3487,2.7803,40.12
2025-10-31,2.5097,2.8861,2.7999,40.79
2025-11-01,2.5053,-0.1753,2.7388,38.64
2025-11-02,2.5267,0.8542,2.731,38.18
2025-11-03,2.3096,-8.5922,3.3654,53.43
2025-11-04,2.2053,-4.5159,3.4716,55.7
2025-11-05,2.3432,6.2531,3.8483,63.51
2025-11-06,2.213,-5.5565,4.0831,69.2
2025-11-07,2.3154,4.6272,4.0649,68.72
2025-11-08,2.2863,-1.2568,3.92,65.69
2025-11-09,2.3662,3.4947,4.0178,67.02
2025-11-10,2.526,6.7534,4.456,75.42
2025-11-11,2.3915,-5.3246,4.6452,77.67
2025-11-12,2.3879,-0.1505,4.6257,77.25
2025-11-13,2.3225,-2.7388,4.5444,76.39
2025-11-14,2.2443,-3.3671,4.5219,75.98
2025-11-15,2.2372,-0.3164,4.5209,75.93
2025-11-16,2.2149,-0.9968,4.5005,75.7
2025-11-17,2.1637,-2.3116,3.9888,66.32
2025-11-18,2.2172,2.4726,3.8764,64.18
2025-11-19,2.1098,-4.8439,3.6689,60.06
2025-11-20,1.9999,-5.209,3.6368,59.22
2025-11-21,1.9509,-2.4501,3.3479,52.34
2025-11-22,1.9509,0.0,3.3609,52.74
2025-11-23,2.0491,5.0336,3.5294,56.28
2025-11-24,2.2276,8.7111,3.8559,63.45
2025-11-25,2.2024,-1.1313,3.6519,59.78
2025-11-26,2.2233,0.949,3.6708,60.17
2025-11-27,2.1999,-1.0525,3.6208,58.78
2025-11-28,2.1795,-0.9273,3.5276,56.11
2025-11-29,2.2009,0.9819,3.539,56.63
2025-11-30,2.155,-2.0855,3.5706,57.63
2025-12-01,2.0297,-5.8144,3.828,62.87
2025-12-02,2.1532,6.0846,4.1222,70.06
2025-12-03,2.1976,2.062,3.9371,65.79
2025-12-04,2.096,-4.6232,3.8803,64.59
2025-12-05,2.0344,-2.9389,3.9079,65.28
2025-12-06,2.0309,-0.172,3.9094,65.3
2025-12-07,2.0442,0.6549,3.6923,60.44
2025-12-08,2.0724,1.3795,2.8507,41.61
2025-12-09,2.1062,1.631,2.8937,43.05
2025-12-10,2.0418,-3.0576,2.9558,44.06
2025-12-11,2.034,-0.382,2.9529,44.03
2025-12-12,2.0074,-1.3078,2.9583,44.13
2025-12-13,2.0227,0.7622,2.9507,43.92
2025-12-14,1.9784,-2.1901,2.9547,44.07
2025-12-15,1.8981,-4.0588,2.7601,38.52
2025-12-16,1.9297,1.6648,2.1897,21.86
2025-12-17,1.8627,-3.472,2.1444,20.15
2025-12-18,1.8076,-2.9581,1.9891,14.8
2025-12-19,1.9092,5.6207,2.5463,32.79
2025-12-20,1.9335,1.2728,2.5833,33.62
2025-12-21,1.9223,-0.5793,2.5697,33.29
2025-12-22,1.9043,-0.9364,2.5236,32.3
2025-12-23,1.8734,-1.6226,2.4591,29.87
2025-12-24,1.8628,-0.5658,2.3783,27.49
2025-12-25,1.8326,-1.6212,2.3907,27.9
2025-12-26,1.8437,0.6057,2.4074,28.67
2025-12-27,1.8735,1.6163,2.451,29.55
2025-12-28,1.8654,-0.4323,2.4067,28.63
2025-12-29,1.8508,-0.7827,2.1879,21.81
2025-12-30,1.8776,1.448,2.1757,21.43
2025-12-31,1.8423,-1.8801,2.0375,15.94
2026-01-01,1.8799,2.0409,1.9334,12.57
2026-01-02,2.0069,6.7557,2.1648,21.03
2026-01-03,2.0182,0.5631,2.1515,20.72
2026-01-04,2.0909,3.6022,2.2904,25.51
2026-01-05,2.3478,12.2866,3.7267,61.85
2026-01-06,2.3042,-1.8571,3.7415,62.11
2026-01-07,2.1657,-6.0108,4.1971,72.62
2026-01-08,2.1232,-1.9624,4.2141,72.99
2026-01-09,2.0958,-1.2905,4.2594,73.67
2026-01-10,2.0907,-0.2433,4.2674,73.8
2026-01-11,2.0745,-0.7749,4.2758,73.94
2026-01-12,2.054,-0.9882,4.2817,74.01
2026-01-13,2.1655,5.4284,4.4421,75.88
2026-01-14,2.1394,-1.2053,4.4129,75.3
2026-01-15,2.0789,-2.8279,4.5209,76.74
2026-01-16,2.0678,-0.5339,4.2168,72.71
2026-01-17,2.0631,-0.2273,4.2181,72.84
2026-01-18,1.9914,-3.4754,4.2093,72.56
2026-01-19,1.986,-0.2712,2.38,27.54
2026-01-20,1.89,-4.8338,2.559,33.41
2026-01-21,1.9476,3.0476,2.4472,29.65
2026-01-22,1.9236,-1.2323,2.428,29.39
2026-01-23,1.9196,-0.2079,2.4243,29.26
2026-01-24,1.9143,-0.2761,2.424,29.24
2026-01-25,1.8356,-4.1112,2.5881,34.2
2026-01-26,1.9041,3.7317,2.8414,41.82
2026-01-27,1.9158,0.6145,2.3524,26.94
2026-01-28,1.9111,-0.2453,2.3549,27.16
2026-01-29,1.8076,-5.4157,2.5978,34.36
2026-01-30,1.7352,-4.0053,2.7086,37.41
2026-01-31,1.6472,-5.0715,2.8661,42.65
2026-02-01,1.5908,-3.424,2.8637,42.62
2026-02-02,1.6198,1.823,2.979,45.37
2026-02-03,1.5791,-2.5127,2.8448,41.98
2026-02-04,1.512,-4.2493,2.6759,36.24
2026-02-05,1.2146,-19.6693,5.3224,83.63
2026-02-06,1.4698,21.011,8.1777,95.35
2026-02-07,1.4231,-3.1773,8.1794,95.35
2026-02-08,1.4308,0.5411,8.1718,95.18
2026-02-09,1.437,0.4333,8.0664,94.83
2026-02-10,1.3999,-2.5818,8.0438,94.72
2026-02-11,1.3697,-2.1573,8.0308,94.6
2026-02-12,1.3635,-0.4527,7.983,94.31
2026-02-13,1.4071,3.1977,8.0483,94.72
2026-02-14,1.5094,7.2703,8.2455,95.66
2026-02-15,1.4753,-2.2592,8.2192,95.61
2026-02-16,1.4876,0.8337,8.2057,95.44
2026-02-17,1.4743,-0.8941,8.1847,95.2
2026-02-18,1.4219,-3.5542,8.1618,94.92
2026-02-19,1.4068,-1.062,6.1295,87.79
2026-02-20,1.4292,1.5923,2.7737,39.35
2026-02-21,1.4304,0.084,2.6446,35.24
2026-02-22,1.3932,-2.6007,2.7272,37.49
2026-02-23,1.3518,-2.9716,2.8145,40.79
2026-02-24,1.3482,-0.2663,2.7485,38.61
2026-02-25,1.4339,6.3566,3.1654,48.54
2026-02-26,1.4027,-2.1759,3.2281,49.45
2026-02-27,1.3562,-3.315,3.2396,50.0
2026-02-28,1.3762,1.4747,2.555,32.95
2026-03-01,1.3524,-1.7294,2.5344,32.58
2026-03-02,1.39,2.7802,2.6589,35.46
2026-03-03,1.3607,-2.1079,2.6916,36.54
2026-03-04,1.4309,5.1591,2.9193,44.17
2026-03-05,1.4037,-1.9009,2.9507,44.55
2026-03-06,1.3633,-2.8781,3.0055,45.8
2026-03-07,1.3567,-0.4841,3.0039,45.78
2026-03-08,1.34,-1.2309,2.9503,44.48
2026-03-09,1.3631,1.7239,2.8863,43.41
2026-03-10,1.3863,1.702,2.9129,44.02
2026-03-11,1.3847,-0.1154,2.3683,26.62
2026-03-12,1.3846,-0.0072,2.3054,25.1
2026-03-13,1.3989,1.0328,2.1333,19.2
2026-03-14,1.4063,0.529,2.1081,18.39
2026-03-15,1.4487,3.015,2.1553,20.1
2026-03-16,1.543,6.5093,2.6027,34.08
2026-03-17,1.5182,-1.6073,2.5659,33.26
2026-03-18,1.4647,-3.5239,2.4899,30.59
2026-03-19,1.4475,-1.1743,2.4529,29.48
2026-03-20,1.4452,-0.1589,2.3005,24.87
2026-03-21,1.4086,-2.5325,2.417,28.53
2026-03-22,1.3848,-1.6896,2.4405,29.2
2026-03-23,1.4323,3.4301,2.5505,33.03
2026-03-24,1.416,-1.138,2.5507,33.07
2026-03-25,1.4145,-0.1059,2.5506,33.05
2026-03-26,1.3609,-3.7893,2.7491,39.1
2026-03-27,1.3257,-2.5865,2.8015,40.85
2026-03-28,1.3333,0.5733,2.8025,40.94
2026-03-29,1.3278,-0.4125,2.6438,35.49
2026-03-30,1.3242,-0.2711,1.7793,7.48
2026-03-31,1.3411,1.2762,1.8699,9.76
2026-04-01,1.3478,0.4996,1.744,6.56
2026-04-02,1.32,-2.0626,1.7804,7.58
2026-04-03,1.3184,-0.1212,1.7811,7.64
2026-04-04,1.3153,-0.2351,1.7031,5.58
2026-04-05,1.3263,0.8363,1.6985,5.46
2026-04-06,1.3212,-0.3845,1.3495,1.08
2026-04-07,1.3787,4.3521,1.8362,8.93
2026-04-08,1.3428,-2.6039,1.9394,12.56
2026-04-09,1.3438,0.0745,1.6894,5.28
2026-04-10,1.3559,0.9004,1.5524,2.72
2026-04-11,1.3546,-0.0959,1.5497,2.67
2026-04-12,1.3247,-2.2073,1.6592,4.37
2026-04-13,1.3756,3.8424,1.9282,12.41
2026-04-14,1.3617,-1.0105,1.9346,12.74
2026-04-15,1.3922,2.2398,2.009,15.34
2026-04-16,1.453,4.3672,2.1569,20.87
2026-04-17,1.4757,1.5623,2.1541,20.69
2026-04-18,1.4323,-2.941,2.3533,27.18
2026-04-19,1.3942,-2.6601,2.4999,31.9
2026-04-20,1.4243,2.1589,2.5294,33.35
2026-04-21,1.4334,0.6389,2.3035,25.78
2026-04-22,1.4294,-0.2791,2.1677,21.25
2026-04-23,1.4386,0.6436,2.1652,21.07
2026-04-24,1.4334,-0.3615,2.1734,21.51
2026-04-25,1.4238,-0.6697,2.1881,22.12
2026-04-26,1.4307,0.4846,2.0672,17.44
2026-04-27,1.4007,-2.0969,1.9592,13.72
2026-04-28,1.3805,-1.4421,1.9805,14.61
2026-04-29,1.3691,-0.8258,1.9017,11.51
2026-04-30,1.3679,-0.0876,1.4452,1.74
2026-05-01,1.3858,1.3086,1.4217,1.63
2026-05-02,1.3937,0.5701,1.2583,0.9
2026-05-03,1.388,-0.409,1.0602,0.17
2026-05-04,1.3918,0.2738,0.8782,0.06
2026-05-05,1.4126,1.4945,0.9579,0.17
2026-05-06,1.4249,0.8707,0.9878,0.22
2026-05-07,1.3869,-2.6669,1.179,0.61
2026-05-08,1.4182,2.2568,1.3433,1.4
2026-05-09,1.4205,0.1622,1.3337,1.28
2026-05-10,1.4734,3.724,1.644,4.63
2026-05-11,1.4776,0.2851,1.513,2.73
2026-05-12,1.437,-2.7477,1.6567,4.91
2026-05-13,1.4273,-0.675,1.6499,4.79
2026-05-14,1.4852,4.0566,1.9039,12.31
2026-05-15,1.434,-3.4473,2.1561,21.54
2026-05-16,1.4136,-1.4226,2.1968,23.08
2026-05-17,1.4016,-0.8489,2.2074,23.4
2026-05-18,1.39,-0.8276,2.2192,23.89
2026-05-19,1.3616,-2.0432,2.2377,24.32
2026-05-20,1.3672,0.4113,2.2245,24.14
2026-05-21,1.3739,0.4901,2.128,20.35
2026-05-22,1.3345,-2.8677,2.1414,20.68
2026-05-23,1.3583,1.7834,2.2119,23.71
2026-05-24,1.351,-0.5374,1.9106,12.46
2026-05-25,1.3503,-0.0518,1.9014,12.12
2026-05-26,1.3292,-1.5626,1.83,9.46
2026-05-27,1.3076,-1.625,1.8513,10.17
2026-05-28,1.3156,0.6118,1.3854,1.88
2026-05-29,1.33,1.0946,1.2665,1.21
2026-05-30,1.3408,0.812,1.2844,1.27
2026-05-31,1.333,-0.5817,1.2791,1.27
