date,close,ma20,ma20_position,ma60,ma60_position,ma120,ma120_position
2021-06-01,30.938,,,,,,
2021-06-02,33.994,,,,,,
2021-06-03,39.602,,,,,,
2021-06-04,37.338,,,,,,
2021-06-05,39.633,,,,,,
2021-06-06,42.205,,,,,,
2021-06-07,38.235,,,,,,
2021-06-08,41.245,,,,,,
2021-06-09,42.032,,,,,,
2021-06-10,41.105,,,,,,
2021-06-11,36.157,,,,,,
2021-06-12,36.476,,,,,,
2021-06-13,38.706,,,,,,
2021-06-14,39.694,,,,,,
2021-06-15,39.536,,,,,,
2021-06-16,39.728,,,,,,
2021-06-17,39.265,,,,,,
2021-06-18,36.82,,,,,,
2021-06-19,35.19,,,,,,
2021-06-20,35.257,38.1578,跌破,,,,
2021-06-21,26.59,37.9404,跌破,,,,
2021-06-22,26.958,37.5886,跌破,,,,
2021-06-23,30.837,37.1503,跌破,,,,
2021-06-24,31.141,36.8405,跌破,,,,
2021-06-25,28.641,36.2909,跌破,,,,
2021-06-26,29.698,35.6656,跌破,,,,
2021-06-27,31.897,35.3486,跌破,,,,
2021-06-28,33.001,34.9365,跌破,,,,
2021-06-29,33.97,34.5333,跌破,,,,
2021-06-30,35.51,34.2536,站上,,,,
2021-07-01,33.271,34.1093,跌破,,,,
2021-07-02,34.0,33.9855,站上,,,,
2021-07-03,34.498,33.7751,站上,,,,
2021-07-04,34.28,33.5044,站上,,,,
2021-07-05,32.908,33.173,跌破,,,,
2021-07-06,34.226,32.8979,站上,,,,
2021-07-07,36.673,32.7683,站上,,,,
2021-07-08,33.142,32.5844,站上,,,,
2021-07-09,33.315,32.4907,站上,,,,
2021-07-10,31.693,32.3124,跌破,,,,
2021-07-11,32.182,32.5921,跌破,,,,
2021-07-12,30.77,32.7827,跌破,,,,
2021-07-13,29.136,32.6976,跌破,,,,
2021-07-14,31.365,32.7088,跌破,,,,
2021-07-15,28.545,32.704,跌破,,,,
2021-07-16,26.271,32.5327,跌破,,,,
2021-07-17,26.802,32.2779,跌破,,,,
2021-07-18,26.673,31.9615,跌破,,,,
2021-07-19,24.509,31.4885,跌破,,,,
2021-07-20,23.474,30.8866,跌破,,,,
2021-07-21,26.7,30.5581,跌破,,,,
2021-07-22,27.699,30.2431,跌破,,,,
2021-07-23,28.516,29.944,跌破,,,,
2021-07-24,28.616,29.6608,跌破,,,,
2021-07-25,28.248,29.4277,跌破,,,,
2021-07-26,28.184,29.1257,跌破,,,,
2021-07-27,28.103,28.6972,跌破,,,,
2021-07-28,27.875,28.4338,跌破,,,,
2021-07-29,31.235,28.3298,站上,,,,
2021-07-30,32.354,28.3628,站上,32.9444,跌破,,
2021-07-31,36.744,28.5909,站上,33.0411,站上,,
2021-08-01,34.165,28.7607,站上,33.044,站上,,
2021-08-02,33.167,28.9623,站上,32.9367,站上,,
2021-08-03,34.105,29.0993,站上,32.8828,站上,,
2021-08-04,35.76,29.46,站上,32.8183,站上,,
2021-08-05,37.353,30.0141,站上,32.7374,站上,,
2021-08-06,39.525,30.6502,站上,32.7589,站上,,
2021-08-07,39.469,31.2901,站上,32.7293,站上,,
2021-08-08,37.65,31.9471,站上,32.6563,站上,,
2021-08-09,38.646,32.7057,站上,32.6153,站上,,
2021-08-10,40.64,33.4027,站上,32.69,站上,,
2021-08-11,41.621,34.0988,站上,32.7758,站上,,
2021-08-12,41.102,34.7281,站上,32.8157,站上,,
2021-08-13,44.83,35.5388,站上,32.9013,站上,,
2021-08-14,44.14,36.3334,站上,32.9781,站上,,
2021-08-15,53.531,37.6007,站上,33.2081,站上,,
2021-08-16,62.016,39.2964,站上,33.5873,站上,,
2021-08-17,64.123,41.1088,站上,34.0423,站上,,
2021-08-18,72.663,43.1802,站上,34.6669,站上,,
2021-08-19,72.764,45.2007,站上,35.292,站上,,
2021-08-20,78.643,47.2957,站上,36.1595,站上,,
2021-08-21,73.801,49.2775,站上,36.9403,站上,,
2021-08-22,72.775,51.2578,站上,37.6392,站上,,
2021-08-23,75.623,53.3337,站上,38.3806,站上,,
2021-08-24,70.527,55.0721,站上,39.0787,站上,,
2021-08-25,71.973,56.8031,站上,39.7833,站上,,
2021-08-26,74.92,58.5729,站上,40.5003,站上,,
2021-08-27,87.98,60.9984,站上,41.4166,站上,,
2021-08-28,96.22,63.9269,站上,42.4541,站上,,
2021-08-29,94.23,66.7061,站上,43.4328,站上,,
2021-08-30,110.25,70.1866,站上,44.7158,站上,,
2021-08-31,108.27,73.5191,站上,45.9536,站上,,
2021-09-01,110.71,76.9994,站上,47.2238,站上,,
2021-09-02,128.23,81.1694,站上,48.7897,站上,,
2021-09-03,146.4,86.2824,站上,50.6812,站上,,
2021-09-04,138.88,90.5499,站上,52.4254,站上,,
2021-09-05,142.0,94.5491,站上,54.1809,站上,,
2021-09-06,164.22,99.554,站上,56.3655,站上,,
2021-09-07,173.46,104.5938,站上,58.7013,站上,,
2021-09-08,191.02,110.5066,站上,61.3567,站上,,
2021-09-09,187.9,115.9695,站上,63.952,站上,,
2021-09-10,179.6,121.2594,站上,66.4325,站上,,
2021-09-11,179.04,126.5726,站上,68.9309,站上,,
2021-09-12,174.29,131.506,站上,71.313,站上,,
2021-09-13,169.53,136.4562,站上,73.6628,站上,,
2021-09-14,158.88,140.8015,站上,75.8729,站上,,
2021-09-15,158.79,144.995,站上,78.0727,站上,,
2021-09-16,152.29,148.2105,站上,80.1663,站上,,
2021-09-17,147.58,150.7785,跌破,82.2175,站上,,
2021-09-18,169.22,154.528,站上,84.6466,站上,,
2021-09-19,152.76,156.6535,跌破,86.7476,站上,,
2021-09-20,132.77,157.8785,跌破,88.4988,站上,,
2021-09-21,124.29,158.5575,跌破,90.095,站上,,
2021-09-22,148.02,159.547,跌破,92.0851,站上,,
2021-09-23,149.91,159.7225,跌破,94.1128,站上,,
2021-09-24,139.13,159.735,跌破,95.9619,站上,,
2021-09-25,136.06,159.438,跌破,97.7612,站上,,
2021-09-26,135.64,158.009,跌破,99.5573,站上,,
2021-09-27,136.35,156.1535,跌破,101.3092,站上,,
2021-09-28,132.2,153.2125,跌破,102.9733,站上,67.9588,站上
2021-09-29,135.25,150.58,跌破,104.615,站上,68.8281,站上
2021-09-30,141.37,148.6685,跌破,106.4018,站上,69.7229,站上
2021-10-01,161.56,147.7945,站上,108.5417,站上,70.7392,站上
2021-10-02,168.98,147.529,站上,110.7896,站上,71.8362,站上
2021-10-03,172.98,147.7015,站上,113.0766,站上,72.9474,站上
2021-10-04,167.13,148.114,站上,115.2395,站上,73.9885,站上
2021-10-05,164.62,148.4055,站上,117.3244,站上,75.0417,站上
2021-10-06,153.87,148.4845,站上,119.2311,站上,75.9802,站上
2021-10-07,154.26,148.8185,站上,121.1746,站上,76.9155,站上
2021-10-08,158.86,148.3005,站上,123.1782,站上,77.8968,站上
2021-10-09,156.84,148.5045,站上,125.1149,站上,78.9025,站上
2021-10-10,147.55,149.2435,跌破,126.8803,站上,79.8281,站上
2021-10-11,144.77,150.2675,跌破,128.6081,站上,80.7119,站上
2021-10-12,152.32,150.4825,站上,130.3997,站上,81.6505,站上
2021-10-13,148.04,150.389,跌破,132.1313,站上,82.5547,站上
2021-10-14,150.02,150.9335,跌破,133.7395,站上,83.4738,站上
2021-10-15,163.18,152.2895,站上,135.4255,站上,84.5064,站上
2021-10-16,157.54,153.3845,站上,136.9825,站上,85.5124,站上
2021-10-17,160.12,154.573,站上,138.4401,站上,86.5535,站上
2021-10-18,157.12,155.819,站上,139.846,站上,87.569,站上
2021-10-19,155.78,156.8455,跌破,141.1316,站上,88.6456,站上
2021-10-20,176.72,158.613,站上,142.847,站上,89.8936,站上
2021-10-21,190.5,160.06,站上,144.809,站上,91.2241,站上
2021-10-22,196.29,161.4255,站上,146.8202,站上,92.6004,站上
2021-10-23,197.75,162.664,站上,148.9405,站上,94.0096,站上
2021-10-24,202.14,164.4145,站上,151.11,站上,95.4466,站上
2021-10-25,209.7,166.6685,站上,153.3563,站上,96.9283,站上
2021-10-26,199.85,168.9675,站上,155.2208,站上,98.3187,站上
2021-10-27,184.49,170.479,站上,156.692,站上,99.5731,站上
2021-10-28,195.42,172.307,站上,158.3785,站上,100.9057,站上
2021-10-29,200.41,174.4855,站上,159.8812,站上,102.2985,站上
2021-10-30,195.7,176.893,站上,161.3383,站上,103.646,站上
2021-10-31,202.49,179.779,站上,162.868,站上,105.0459,站上
2021-11-01,203.9,182.358,站上,164.1292,站上,106.4594,站上
2021-11-02,220.82,185.997,站上,165.3695,站上,108.0253,站上
2021-11-03,243.37,190.6645,站上,167.111,站上,109.7682,站上
2021-11-04,247.07,194.859,站上,168.8622,站上,111.5215,站上
2021-11-05,236.06,198.785,站上,170.0595,站上,113.2125,站上
2021-11-06,258.44,203.701,站上,171.4758,站上,115.0885,站上
2021-11-07,249.68,208.329,站上,172.4535,站上,116.9051,站上
2021-11-08,248.26,212.953,站上,173.4595,站上,118.7058,站上
2021-11-09,239.04,216.069,站上,174.4502,站上,120.4413,站上
2021-11-10,233.09,218.1985,站上,175.351,站上,122.141,站上
2021-11-11,233.37,220.0525,站上,176.3357,站上,123.8243,站上
2021-11-12,228.48,221.589,站上,177.3182,站上,125.4905,站上
2021-11-13,241.59,223.5615,站上,178.6967,站上,127.2848,站上
2021-11-14,238.64,225.0085,站上,180.0275,站上,129.0501,站上
2021-11-15,238.2,226.926,站上,181.4593,站上,130.8128,站上
2021-11-16,219.04,228.6535,跌破,182.6503,站上,132.4339,站上
2021-11-17,218.94,229.8295,跌破,183.479,站上,134.0628,站上
2021-11-18,195.01,229.5595,跌破,184.1832,站上,135.4654,站上
2021-11-19,215.25,230.537,跌破,185.5578,站上,137.0283,站上
2021-11-20,217.63,231.294,跌破,187.1135,站上,138.6043,站上
2021-11-21,230.51,232.6245,跌破,188.4883,站上,140.2867,站上
2021-11-22,215.59,232.363,跌破,189.583,站上,141.8479,站上
2021-11-23,221.75,231.282,跌破,190.96,站上,143.4609,站上
2021-11-24,205.7,229.2135,跌破,192.1207,站上,144.9409,站上
2021-11-25,209.97,227.909,跌破,193.3595,站上,146.4584,站上
2021-11-26,192.42,224.608,跌破,194.294,跌破,147.8016,站上
2021-11-27,192.74,221.761,跌破,195.303,跌破,149.1381,站上
2021-11-28,200.69,219.3825,跌破,196.3937,站上,150.5044,站上
2021-11-29,204.09,217.635,跌破,197.439,站上,151.9204,站上
2021-11-30,208.53,216.407,跌破,198.2218,站上,153.3818,站上
2021-12-01,229.81,216.229,站上,199.2357,站上,155.0126,站上
2021-12-02,233.6,216.485,站上,200.246,站上,156.6613,站上
2021-12-03,211.65,214.988,跌破,200.988,站上,158.1138,站上
2021-12-04,200.67,213.0895,跌破,201.5888,跌破,159.4566,站上
2021-12-05,196.43,211.001,跌破,202.2982,跌破,160.7647,站上
2021-12-06,193.56,209.727,跌破,202.9532,跌破,162.0639,站上
2021-12-07,190.19,208.2895,跌破,203.4753,跌破,163.3268,站上
2021-12-08,194.61,208.2695,跌破,204.1048,跌破,164.6098,站上
2021-12-09,181.11,206.5625,跌破,204.6642,跌破,165.7723,站上
2021-12-10,167.39,204.0505,跌破,205.0412,跌破,166.8247,站上
2021-12-11,172.15,201.1325,跌破,205.3717,跌破,167.8857,站上
2021-12-12,172.8,198.993,跌破,205.7843,跌破,168.9578,站上
2021-12-13,155.21,195.666,跌破,205.8708,跌破,169.8051,跌破
2021-12-14,161.26,193.444,跌破,205.8388,跌破,170.6322,跌破
2021-12-15,178.52,191.8715,跌破,206.1885,跌破,171.5855,站上
2021-12-16,176.86,191.0935,跌破,206.4675,跌破,172.4538,站上
2021-12-17,175.51,190.232,跌破,206.774,跌破,173.31,站上
2021-12-18,182.78,189.3365,跌破,207.224,跌破,174.1778,站上
2021-12-19,179.93,188.1285,跌破,207.2775,跌破,175.0622,站上
2021-12-20,173.9,186.397,跌破,207.0008,跌破,175.9049,跌破
2021-12-21,179.63,183.888,跌破,206.7232,跌破,176.7717,站上
2021-12-22,178.4,181.128,跌破,206.4007,跌破,177.6706,站上
2021-12-23,190.03,180.047,站上,206.1988,跌破,178.6544,站上
2021-12-24,190.36,179.5315,站上,205.8765,跌破,179.6164,站上
2021-12-25,193.1,179.365,站上,205.764,跌破,180.4924,站上
2021-12-26,197.81,179.5775,站上,205.986,跌破,181.339,站上
2021-12-27,195.67,179.8515,站上,205.9902,跌破,182.1843,站上
2021-12-28,177.32,178.987,跌破,205.6053,跌破,182.7432,跌破
2021-12-29,170.63,178.463,跌破,205.1875,跌破,183.2629,跌破
2021-12-30,172.52,178.7195,跌破,204.688,跌破,183.778,跌破
2021-12-31,169.99,178.6115,跌破,204.1228,跌破,184.126,跌破
2022-01-01,179.06,178.9245,站上,203.4268,跌破,184.3982,跌破
2022-01-02,176.35,179.9815,跌破,202.3098,跌破,184.7104,跌破
2022-01-03,170.15,180.426,跌破,201.0278,跌破,184.945,跌破
2022-01-04,167.72,179.886,跌破,199.8888,跌破,184.9742,跌破
2022-01-05,154.52,178.769,跌破,198.1568,跌破,184.8163,跌破
2022-01-06,150.26,177.5065,跌破,196.4998,跌破,184.4767,跌破
2022-01-07,136.45,175.19,跌破,194.6363,跌破,184.0479,跌破
2022-01-08,142.14,173.3005,跌破,193.0213,跌破,183.7357,跌破
2022-01-09,140.82,171.6465,跌破,191.4835,跌破,183.4172,跌破
2022-01-10,135.86,169.458,跌破,189.8583,跌破,183.097,跌破
2022-01-11,140.2,167.548,跌破,188.387,跌破,182.8526,跌破
2022-01-12,151.51,165.622,跌破,186.8857,跌破,182.7912,跌破
2022-01-13,146.14,163.411,跌破,185.344,跌破,182.6858,跌破
2022-01-14,146.17,161.0645,跌破,183.8102,跌破,182.6347,跌破
2022-01-15,147.64,158.556,跌破,182.6202,跌破,182.6352,跌破
2022-01-16,147.98,156.1715,跌破,181.4375,跌破,182.4583,跌破
2022-01-17,139.8,154.2955,跌破,180.5173,跌破,182.3502,跌破
2022-01-18,141.22,152.825,跌破,179.2835,跌破,182.4207,跌破
2022-01-19,135.25,150.9615,跌破,177.9105,跌破,182.512,跌破
2022-01-20,127.54,148.839,跌破,176.1943,跌破,182.3413,跌破
2022-01-21,112.27,145.4995,跌破,174.4723,跌破,182.0277,跌破
2022-01-22,94.54,141.409,跌破,172.3522,跌破,181.6561,跌破
2022-01-23,99.78,137.8905,跌破,170.5868,跌破,181.3538,跌破
2022-01-24,91.93,134.101,跌破,168.6195,跌破,180.9895,跌破
2022-01-25,94.67,131.1085,跌破,166.9903,跌破,180.6422,跌破
2022-01-26,92.12,128.2015,跌破,165.3133,跌破,180.3082,跌破
2022-01-27,89.51,125.8545,跌破,163.4603,跌破,179.927,跌破
2022-01-28,91.34,123.3145,跌破,161.5812,跌破,179.5101,跌破
2022-01-29,96.13,121.08,跌破,159.7078,跌破,178.9648,跌破
2022-01-30,93.29,118.9515,跌破,157.4325,跌破,178.3341,跌破
2022-01-31,99.49,116.916,跌破,155.1973,跌破,177.7217,跌破
2022-02-01,110.02,114.8415,跌破,153.5035,跌破,177.2458,跌破
2022-02-02,101.88,112.6285,跌破,151.857,跌破,176.7229,跌破
2022-02-03,101.77,110.4085,跌破,150.2793,跌破,176.2888,跌破
2022-02-04,112.62,108.6575,站上,148.9303,跌破,175.9417,跌破
2022-02-05,113.75,106.946,站上,147.6563,跌破,175.5658,跌破
2022-02-06,115.28,105.72,站上,146.3342,跌破,175.2195,跌破
2022-02-07,117.55,104.5365,站上,145.2748,跌破,174.9695,跌破
2022-02-08,113.45,103.4465,站上,144.3758,跌破,174.7085,跌破
2022-02-09,113.93,102.766,站上,143.4055,跌破,174.3886,跌破
2022-02-10,106.17,102.461,站上,142.295,跌破,174.0397,跌破
2022-02-11,96.53,102.5605,跌破,141.317,跌破,173.5939,跌破
2022-02-12,95.96,102.3695,跌破,140.2287,跌破,173.0337,跌破
2022-02-13,92.85,102.4155,跌破,138.8008,跌破,172.4947,跌破
2022-02-14,96.37,102.5005,跌破,137.4593,跌破,171.9634,跌破
2022-02-15,105.52,103.1705,站上,136.2928,跌破,171.5334,跌破
2022-02-16,101.86,103.788,跌破,134.9442,跌破,171.0841,跌破
2022-02-17,93.52,103.897,跌破,133.504,跌破,170.3907,跌破
2022-02-18,89.86,103.5835,跌破,132.1033,跌破,169.5521,跌破
2022-02-19,91.27,103.4825,跌破,130.6307,跌破,168.6769,跌破
2022-02-20,90.72,103.044,跌破,129.1693,跌破,167.785,跌破
2022-02-21,82.96,101.691,跌破,127.3848,跌破,166.7918,跌破
2022-02-22,86.38,100.916,跌破,125.6518,跌破,165.7642,跌破
2022-02-23,84.59,100.057,跌破,123.8433,跌破,164.8037,跌破
2022-02-24,89.36,98.894,跌破,122.0358,跌破,164.0109,跌破
2022-02-25,92.71,97.842,跌破,120.3198,跌破,163.155,跌破
2022-02-26,90.23,96.5895,跌破,118.8683,跌破,162.2368,跌破
2022-02-27,85.63,94.9935,跌破,117.4517,跌破,161.3196,跌破
2022-02-28,99.68,94.305,站上,116.2377,跌破,160.4628,跌破
2022-03-01,98.66,93.5415,站上,115.0488,跌破,159.5858,跌破
2022-03-02,100.68,93.267,站上,113.7425,跌破,158.5847,跌破
2022-03-03,95.62,93.2215,站上,112.397,跌破,157.3534,跌破
2022-03-04,88.32,92.8395,跌破,111.0332,跌破,156.0305,跌破
2022-03-05,89.63,92.6785,跌破,109.7317,跌破,154.8102,跌破
2022-03-06,84.57,92.0885,跌破,108.5658,跌破,153.3613,跌破
2022-03-07,81.66,90.8955,跌破,107.4225,跌破,151.9612,跌破
2022-03-08,82.32,89.9185,跌破,106.5203,跌破,150.5783,跌破
2022-03-09,88.06,89.6455,跌破,105.619,跌破,149.3202,跌破
2022-03-10,82.87,89.296,跌破,104.6532,跌破,148.0683,跌破
2022-03-11,80.67,88.766,跌破,103.7333,跌破,146.7958,跌破
2022-03-12,81.38,88.299,跌破,102.753,跌破,145.57,跌破
2022-03-13,78.73,88.0875,跌破,101.54,跌破,144.2128,跌破
2022-03-14,81.22,87.8295,跌破,100.458,跌破,142.901,跌破
2022-03-15,82.84,87.742,跌破,99.4025,跌破,141.6063,跌破
2022-03-16,87.77,87.6625,站上,98.4047,跌破,140.5124,跌破
2022-03-17,87.8,87.417,站上,97.4017,跌破,139.4196,跌破
2022-03-18,89.8,87.3955,站上,96.5683,跌破,138.5428,跌破
2022-03-19,92.31,87.7295,站上,95.7532,跌破,137.5183,跌破
2022-03-20,88.62,87.1765,站上,94.976,跌破,136.4433,跌破
2022-03-21,88.59,86.673,站上,94.3268,跌破,135.2606,跌破
2022-03-22,90.43,86.1605,站上,93.9628,跌破,134.2176,跌破
2022-03-23,94.89,86.124,站上,93.9687,站上,133.1604,跌破
2022-03-24,102.32,86.824,站上,94.011,站上,132.2989,跌破
2022-03-25,98.6,87.2725,站上,94.1222,站上,131.3708,跌破
2022-03-26,101.73,88.1305,站上,94.2398,站上,130.6151,跌破
2022-03-27,107.04,89.3995,站上,94.4885,站上,129.9009,跌破
2022-03-28,105.75,90.571,站上,94.7592,站上,129.1097,跌破
2022-03-29,111.62,91.749,站上,95.0972,站上,128.3392,跌破
2022-03-30,120.82,93.6465,站上,95.5087,站上,127.6082,跌破
2022-03-31,122.77,95.7515,站上,96.0,站上,126.7163,跌破
2022-04-01,134.52,98.4085,站上,96.5838,站上,125.8906,站上
2022-04-02,132.49,101.0965,站上,96.9583,站上,125.2309,站上
2022-04-03,136.9,103.8805,站上,97.542,站上,124.6995,站上
2022-04-04,132.14,106.3455,站上,98.0482,站上,124.1637,站上
2022-04-05,126.87,108.3005,站上,98.2857,站上,123.608,站上
2022-04-06,112.95,109.558,站上,98.2723,站上,122.9643,跌破
2022-04-07,118.48,110.992,站上,98.3257,站上,122.3299,跌破
2022-04-08,109.92,111.8725,跌破,98.1985,站上,121.7367,跌破
2022-04-09,112.96,113.0895,跌破,98.1903,站上,121.2831,跌破
2022-04-10,111.07,114.2135,跌破,98.1427,站上,120.7741,跌破
2022-04-11,99.67,114.6755,跌破,98.0343,站上,120.1647,跌破
2022-04-12,103.22,115.092,跌破,98.1458,站上,119.7314,跌破
2022-04-13,104.94,115.223,跌破,98.2955,站上,119.2621,跌破
2022-04-14,100.77,115.3315,跌破,98.4275,站上,118.6142,跌破
2022-04-15,101.31,115.3105,跌破,98.5098,站上,117.9846,跌破
2022-04-16,102.06,115.0615,跌破,98.4522,站上,117.3725,跌破
2022-04-17,100.15,114.7815,跌破,98.4237,站上,116.6839,跌破
2022-04-18,102.33,114.317,跌破,98.5705,站上,116.0373,跌破
2022-04-19,108.51,113.7015,跌破,98.8813,站上,115.4923,跌破
2022-04-20,105.59,112.8425,跌破,99.12,站上,114.8753,跌破
2022-04-21,101.78,111.2055,跌破,99.3043,站上,114.2368,跌破
2022-04-22,100.55,109.6085,跌破,99.5975,站上,113.4912,跌破
2022-04-23,100.63,107.795,跌破,99.835,站上,112.7434,跌破
2022-04-24,99.23,106.1495,跌破,100.079,跌破,111.9612,跌破
2022-04-25,100.99,104.8555,跌破,100.2728,站上,111.1543,跌破
2022-04-26,95.7,103.993,跌破,100.3227,跌破,110.3212,跌破
2022-04-27,98.36,102.987,跌破,100.4582,跌破,109.6633,跌破
2022-04-28,98.24,102.403,跌破,100.6683,跌破,109.06,跌破
2022-04-29,93.96,101.453,跌破,100.573,跌破,108.4053,跌破
2022-04-30,84.63,100.131,跌破,100.3392,跌破,107.694,跌破
2022-05-01,89.68,99.6315,跌破,100.1558,跌破,106.9492,跌破
2022-05-02,87.5,98.8455,跌破,100.0205,跌破,106.2087,跌破
2022-05-03,85.86,97.8915,跌破,99.9795,跌破,105.5063,跌破
2022-05-04,92.77,97.4915,跌破,100.0318,跌破,104.8817,跌破
2022-05-05,84.52,96.652,跌破,100.031,跌破,104.2984,跌破
2022-05-06,81.68,95.633,跌破,100.0313,跌破,103.7269,跌破
2022-05-07,78.86,94.5685,跌破,99.9737,跌破,103.247,跌破
2022-05-08,75.38,93.221,跌破,99.7623,跌破,102.6907,跌破
2022-05-09,62.16,90.9035,跌破,99.4172,跌破,102.0352,跌破
2022-05-10,66.9,88.969,跌破,99.1877,跌破,101.4605,跌破
2022-05-11,50.9,86.425,跌破,98.6797,跌破,100.7163,跌破
2022-05-12,44.64,83.6295,跌破,98.1115,跌破,99.8257,跌破
2022-05-13,48.92,81.044,跌破,97.5732,跌破,99.0156,跌破
2022-05-14,52.43,78.704,跌破,97.0663,跌破,98.2344,跌破
2022-05-15,58.83,76.596,跌破,96.584,跌破,97.4943,跌破
2022-05-16,53.79,74.5005,跌破,96.0172,跌破,96.7094,跌破
2022-05-17,57.02,72.4335,跌破,95.4708,跌破,96.0196,跌破
2022-05-18,49.93,70.018,跌破,94.7645,跌破,95.2588,跌破
2022-05-19,52.2,67.93,跌破,94.1575,跌破,94.5667,跌破
2022-05-20,49.43,66.17,跌破,93.5048,跌破,93.9158,跌破
2022-05-21,50.31,64.2015,跌破,92.8362,跌破,93.3995,跌破
2022-05-22,52.48,62.4505,跌破,92.1293,跌破,93.049,跌破
2022-05-23,49.17,60.616,跌破,91.2435,跌破,92.6273,跌破
2022-05-24,49.67,58.461,跌破,90.428,跌破,92.2751,跌破
2022-05-25,47.98,56.634,跌破,89.5322,跌破,91.886,跌破
2022-05-26,43.44,54.722,跌破,88.4722,跌破,91.4803,跌破
2022-05-27,41.17,52.8375,跌破,87.3958,跌破,91.0775,跌破
2022-05-28,44.25,51.281,跌破,86.273,跌破,90.6851,跌破
2022-05-29,44.98,50.422,跌破,85.009,跌破,90.2588,跌破
2022-05-30,47.22,49.438,跌破,83.7498,跌破,89.8749,跌破
2022-05-31,45.77,49.1815,跌破,82.2707,跌破,89.4273,跌破
2022-06-01,40.11,48.955,跌破,80.731,跌破,88.8447,跌破
2022-06-02,40.85,48.5515,跌破,79.1302,跌破,88.3361,跌破
2022-06-03,38.28,47.844,跌破,77.5658,跌破,87.807,跌破
2022-06-04,39.0,46.8525,跌破,76.1013,跌破,87.1935,跌破
2022-06-05,38.52,46.089,跌破,74.8608,跌破,86.5666,跌破
2022-06-06,42.39,45.3575,跌破,73.5927,跌破,85.9592,跌破
2022-06-07,39.31,44.8265,跌破,72.4158,跌破,85.3072,跌破
2022-06-08,38.83,44.158,跌破,71.1803,跌破,84.6853,跌破
2022-06-09,39.96,43.6845,跌破,69.9952,跌破,84.0689,跌破
2022-06-10,37.17,43.0275,跌破,68.9535,跌破,83.4939,跌破
2022-06-11,33.93,42.1,跌破,67.7987,跌破,82.9723,跌破
2022-06-12,30.61,41.172,跌破,66.5598,跌破,82.4277,跌破
2022-06-13,28.6,40.1185,跌破,65.357,跌破,81.8923,跌破
2022-06-14,29.59,39.199,跌破,64.1617,跌破,81.3358,跌破
2022-06-15,34.76,38.765,跌破,63.04,跌破,80.7461,跌破
2022-06-16,30.12,38.2125,跌破,61.8728,跌破,80.1483,跌破
2022-06-17,30.71,37.5355,跌破,60.6792,跌破,79.6248,跌破
2022-06-18,32.02,36.8875,跌破,59.4043,跌破,79.1428,跌破
2022-06-19,34.19,36.236,跌破,58.2143,跌破,78.6672,跌破
2022-06-20,35.24,35.7095,跌破,57.1053,跌破,78.2048,跌破
2022-06-21,36.42,35.525,站上,56.0365,跌破,77.817,跌破
2022-06-22,34.12,35.1885,跌破,54.928,跌破,77.3815,跌破
2022-06-23,38.15,35.182,站上,53.91,跌破,76.9945,跌破
2022-06-24,41.91,35.3275,站上,52.9253,跌破,76.5991,跌破
2022-06-25,42.22,35.5125,站上,52.034,跌破,76.1783,跌破
2022-06-26,39.39,35.3625,站上,51.0512,跌破,75.7547,跌破
2022-06-27,38.52,35.323,站上,50.0558,跌破,75.3621,跌破
2022-06-28,35.35,35.149,站上,49.079,跌破,74.826,跌破
2022-06-29,34.05,34.8535,跌破,48.236,跌破,74.2876,跌破
2022-06-30,33.76,34.683,跌破,47.304,跌破,73.7299,跌破
2022-07-01,32.84,34.6285,跌破,46.393,跌破,73.2067,跌破
2022-07-02,33.36,34.766,跌破,45.518,跌破,72.7488,跌破
2022-07-03,33.39,35.0055,跌破,44.5283,跌破,72.2801,跌破
2022-07-04,36.71,35.3615,站上,43.7315,跌破,71.8812,跌破
2022-07-05,35.4,35.3935,站上,42.9602,跌破,71.4958,跌破
2022-07-06,37.04,35.7395,站上,42.2632,跌破,71.1184,跌破
2022-07-07,38.46,36.127,站上,41.6478,跌破,70.7051,跌破
2022-07-08,38.12,36.432,站上,41.2472,跌破,70.3322,跌破
2022-07-09,38.06,36.6255,站上,40.7665,跌破,69.9771,跌破
2022-07-10,36.71,36.699,站上,40.53,跌破,69.6048,跌破
2022-07-11,33.42,36.549,跌破,40.343,跌破,69.2272,跌破
2022-07-12,32.68,36.477,跌破,40.0723,跌破,68.8227,跌破
2022-07-13,34.94,36.3165,跌破,39.7808,跌破,68.4236,跌破
2022-07-14,37.15,36.0785,站上,39.4195,跌破,68.0018,跌破
2022-07-15,37.36,35.8355,站上,39.1457,跌破,67.5814,跌破
2022-07-16,39.58,35.845,站上,38.855,站上,67.1629,跌破
2022-07-17,38.62,35.85,站上,38.6665,跌破,66.7155,跌破
2022-07-18,43.52,36.2585,站上,38.5218,站上,66.3397,跌破
2022-07-19,44.87,36.7995,站上,38.4458,站上,65.9753,跌破
2022-07-20,42.04,37.2135,站上,38.308,站上,65.5721,跌破
2022-07-21,43.11,37.727,站上,38.1518,站上,65.1406,跌破
2022-07-22,40.54,38.086,站上,38.008,站上,64.6257,跌破
2022-07-23,39.97,38.415,站上,37.8463,站上,64.1372,跌破
2022-07-24,40.93,38.626,站上,37.7288,站上,63.6305,跌破
2022-07-25,36.65,38.6885,跌破,37.6157,跌破,63.0439,跌破
2022-07-26,36.25,38.649,跌破,37.5337,跌破,62.4648,跌破
2022-07-27,40.23,38.7375,站上,37.4667,站上,61.8698,跌破
2022-07-28,42.91,38.977,站上,37.4322,站上,61.2206,跌破
2022-07-29,41.91,39.1695,站上,37.3437,站上,60.5467,跌破
2022-07-30,43.84,39.526,站上,37.3115,站上,59.7911,跌破
2022-07-31,42.35,39.9725,站上,37.3488,站上,59.0399,跌破
2022-08-01,41.65,40.421,站上,37.3622,站上,58.2462,跌破
2022-08-02,39.79,40.6635,跌破,37.3873,站上,57.4766,跌破
2022-08-03,38.54,40.733,跌破,37.3797,站上,56.7405,跌破
2022-08-04,38.83,40.8065,跌破,37.3848,站上,56.1228,跌破
2022-08-05,40.55,40.855,跌破,37.3542,站上,55.4734,跌破
2022-08-06,40.07,40.9275,跌破,37.3668,站上,54.8913,跌破
2022-08-07,40.6,40.7815,跌破,37.3963,站上,54.2883,跌破
2022-08-08,42.18,40.647,站上,37.4333,站上,53.7142,跌破
2022-08-09,40.33,40.5615,跌破,37.486,站上,53.2197,跌破
2022-08-10,42.47,40.5295,站上,37.6283,站上,52.7135,跌破
2022-08-11,42.77,40.641,站上,37.831,站上,52.1954,跌破
2022-08-12,45.48,40.9165,站上,38.1123,站上,51.7347,跌破
2022-08-13,46.6,41.2,站上,38.3958,站上,51.2787,跌破
2022-08-14,44.87,41.611,站上,38.5643,站上,50.8022,跌破
2022-08-15,43.72,41.9845,站上,38.791,站上,50.3319,跌破
2022-08-16,43.08,42.127,站上,38.9972,站上,49.8382,跌破
2022-08-17,40.54,42.0085,跌破,39.1392,站上,49.2717,跌破
2022-08-18,39.52,41.889,跌破,39.228,站上,48.7212,跌破
2022-08-19,35.81,41.4875,跌破,39.2375,跌破,48.1714,跌破
2022-08-20,35.28,41.134,跌破,39.2185,跌破,47.6275,跌破
2022-08-21,36.47,40.875,跌破,39.2577,跌破,47.0928,跌破
2022-08-22,35.41,40.656,跌破,39.212,跌破,46.561,跌破
2022-08-23,35.68,40.513,跌破,39.1082,跌破,46.0168,跌破
2022-08-24,34.89,40.316,跌破,38.986,跌破,45.51,跌破
2022-08-25,35.27,40.052,跌破,38.9173,跌破,44.9842,跌破
2022-08-26,31.72,39.6345,跌破,38.804,跌破,44.4299,跌破
2022-08-27,31.53,39.181,跌破,38.7403,跌破,43.9097,跌破
2022-08-28,30.44,38.594,跌破,38.6802,跌破,43.4581,跌破
2022-08-29,32.42,38.1985,跌破,38.6578,跌破,42.9809,跌破
2022-08-30,31.47,37.6485,跌破,38.635,跌破,42.514,跌破
2022-08-31,31.5,37.085,跌破,38.604,跌破,42.061,跌破
2022-09-01,31.61,36.3915,跌破,38.5743,跌破,41.5513,跌破
2022-09-02,31.23,35.623,跌破,38.483,跌破,41.1073,跌破
2022-09-03,31.12,34.9355,跌破,38.4117,跌破,40.6859,跌破
2022-09-04,32.16,34.3575,跌破,38.3303,跌破,40.2967,跌破
2022-09-05,32.18,33.8125,跌破,38.2257,跌破,39.9367,跌破
2022-09-06,30.88,33.3295,跌破,38.105,跌破,39.6761,跌破
2022-09-07,32.69,32.988,跌破,38.0155,跌破,39.391,跌破
2022-09-08,33.61,32.878,站上,37.9638,跌破,39.2469,跌破
2022-09-09,34.67,32.8475,站上,37.9847,跌破,39.1638,跌破
2022-09-10,35.03,32.7755,站上,38.0238,跌破,39.0481,跌破
2022-09-11,34.99,32.7545,站上,38.0247,跌破,38.9027,跌破
2022-09-12,37.44,32.8425,站上,38.0295,跌破,38.7245,跌破
2022-09-13,33.0,32.748,站上,37.9568,跌破,38.5512,跌破
2022-09-14,34.12,32.6905,站上,37.8658,跌破,38.3604,跌破
2022-09-15,33.07,32.758,站上,37.7733,跌破,38.2199,跌破
2022-09-16,32.25,32.794,跌破,37.5855,跌破,38.0537,跌破
2022-09-17,33.68,32.956,站上,37.399,跌破,37.9224,跌破
2022-09-18,31.1,32.89,跌破,37.2167,跌破,37.7623,跌破
2022-09-19,32.62,32.9475,跌破,37.0418,跌破,37.5968,跌破
2022-09-20,31.41,32.943,跌破,36.8897,跌破,37.4488,跌破
2022-09-21,30.65,32.895,跌破,36.7343,跌破,37.2903,跌破
2022-09-22,32.43,32.955,跌破,36.5927,跌破,37.1608,跌破
2022-09-23,33.66,33.082,站上,36.5428,跌破,37.0793,跌破
2022-09-24,33.38,33.143,站上,36.495,跌破,37.0143,跌破
2022-09-25,32.34,33.151,跌破,36.3635,跌破,36.9151,跌破
2022-09-26,33.88,33.301,站上,36.213,跌破,36.8226,跌破
2022-09-27,32.69,33.301,跌破,36.0593,跌破,36.7015,跌破
2022-09-28,33.22,33.2815,跌破,35.8823,跌破,36.5969,跌破
2022-09-29,33.93,33.2445,站上,35.742,跌破,36.5454,跌破
2022-09-30,33.25,33.1555,站上,35.602,跌破,36.4821,跌破
2022-10-01,32.44,33.028,跌破,35.4795,跌破,36.4334,跌破
2022-10-02,32.06,32.759,跌破,35.3715,跌破,36.3756,跌破
2022-10-03,32.89,32.7535,站上,35.2725,跌破,36.3287,跌破
2022-10-04,34.09,32.752,站上,35.1648,跌破,36.2595,跌破
2022-10-05,34.04,32.8005,站上,35.0643,跌破,36.2156,跌破
2022-10-06,33.36,32.856,站上,34.9437,跌破,36.17,跌破
2022-10-07,32.98,32.821,站上,34.7903,跌破,36.1118,跌破
2022-10-08,32.58,32.895,跌破,34.6612,跌破,36.0736,跌破
2022-10-09,32.92,32.91,站上,34.502,跌破,36.0652,跌破
2022-10-10,31.96,32.9375,跌破,34.3218,跌破,36.0764,跌破
2022-10-11,30.8,32.945,跌破,34.0772,跌破,36.0947,跌破
2022-10-12,31.16,32.8815,跌破,33.8198,跌破,36.1078,跌破
2022-10-13,30.49,32.723,跌破,33.5802,跌破,36.0723,跌破
2022-10-14,30.0,32.554,跌破,33.3515,跌破,36.0712,跌破
2022-10-15,29.59,32.4165,跌破,33.1267,跌破,36.0619,跌破
2022-10-16,30.17,32.231,跌破,32.9538,跌破,36.0465,跌破
2022-10-17,31.21,32.157,跌破,32.8153,跌破,36.0217,跌破
2022-10-18,30.15,32.0035,跌破,32.721,跌破,35.9793,跌破
2022-10-19,28.86,31.75,跌破,32.614,跌破,35.9162,跌破
2022-10-20,28.01,31.488,跌破,32.473,跌破,35.8653,跌破
2022-10-21,28.1,31.271,跌破,32.3512,跌破,35.7816,跌破
2022-10-22,28.01,31.0685,跌破,32.2233,跌破,35.6658,跌破
2022-10-23,29.28,30.888,跌破,32.1298,跌破,35.5579,跌破
2022-10-24,28.3,30.5985,跌破,32.0137,跌破,35.4655,跌破
2022-10-25,30.86,30.4395,站上,31.9993,跌破,35.4017,跌破
2022-10-26,31.29,30.336,站上,31.9953,跌破,35.3678,跌破
2022-10-27,30.58,30.216,站上,31.9977,跌破,35.3389,跌破
2022-10-28,32.07,30.1905,站上,31.9918,站上,35.3248,跌破
2022-10-29,32.87,30.188,站上,32.0152,站上,35.3251,跌破
2022-10-30,32.94,30.237,站上,32.0392,站上,35.3216,跌破
2022-10-31,32.56,30.325,站上,32.055,站上,35.3147,跌破
2022-11-01,32.2,30.377,站上,32.0712,站上,35.2771,跌破
2022-11-02,30.8,30.3925,站上,32.0658,跌破,35.2387,跌破
2022-11-03,30.85,30.435,站上,32.044,跌破,35.1872,跌破
2022-11-04,33.74,30.6425,站上,32.07,站上,35.1478,跌破
2022-11-05,36.9,30.979,站上,32.1703,站上,35.1377,站上
2022-11-06,32.62,31.0495,站上,32.1692,站上,35.0923,跌破
2022-11-07,29.62,31.023,跌破,32.1027,跌破,35.0332,跌破
2022-11-08,24.38,30.799,跌破,31.9312,跌破,34.9579,跌破
2022-11-09,14.08,30.1025,跌破,31.582,跌破,34.8029,跌破
2022-11-10,17.66,29.5805,跌破,31.2932,跌破,34.6589,跌破
2022-11-11,16.45,29.0025,跌破,30.9433,跌破,34.4864,跌破
2022-11-12,14.58,28.2675,跌破,30.6363,跌破,34.2966,跌破
2022-11-13,13.18,27.5115,跌破,30.2873,跌破,34.0766,跌破
2022-11-14,14.0,26.6685,跌破,29.9695,跌破,33.8714,跌破
2022-11-15,14.32,25.82,跌破,29.6707,跌破,33.6281,跌破
2022-11-16,14.27,25.0045,跌破,29.3472,跌破,33.3731,跌破
2022-11-17,13.65,24.0835,跌破,29.0563,跌破,33.1365,跌破
2022-11-18,13.27,23.1035,跌破,28.7338,跌破,32.8878,跌破
2022-11-19,12.84,22.0985,跌破,28.4243,跌破,32.657,跌破
2022-11-20,12.27,21.084,跌破,28.118,跌破,32.4262,跌破
2022-11-21,11.83,20.0655,跌破,27.7747,跌破,32.1837,跌破
2022-11-22,12.44,19.1475,跌破,27.421,跌破,31.9819,跌破
2022-11-23,14.36,18.323,跌破,27.104,跌破,31.7995,跌破
2022-11-24,14.59,17.3655,跌破,26.8082,跌破,31.5858,跌破
2022-11-25,14.03,16.222,跌破,26.4773,跌破,31.3452,跌破
2022-11-26,14.17,15.2995,跌破,26.1687,跌破,31.114,跌破
2022-11-27,14.12,14.5245,跌破,25.8503,跌破,30.8663,跌破
2022-11-28,13.32,13.9715,跌破,25.5068,跌破,30.6244,跌破
2022-11-29,13.34,13.9345,跌破,25.175,跌破,30.3885,跌破
2022-11-30,14.16,13.7595,站上,24.8703,跌破,30.1749,跌破
2022-12-01,13.51,13.6125,跌破,24.5612,跌破,29.9663,跌破
2022-12-02,13.71,13.569,站上,24.2415,跌破,29.757,跌破
2022-12-03,13.29,13.5745,跌破,23.8948,跌破,29.5298,跌破
2022-12-04,13.71,13.56,站上,23.556,跌破,29.3102,跌破
2022-12-05,13.82,13.535,站上,23.2303,跌破,29.087,跌破
2022-12-06,14.3,13.5365,站上,22.919,跌破,28.8547,跌破
2022-12-07,13.49,13.5285,跌破,22.6008,跌破,28.631,跌破
2022-12-08,13.69,13.5495,站上,22.2803,跌破,28.3912,跌破
2022-12-09,13.59,13.587,站上,21.9742,跌破,28.148,跌破
2022-12-10,13.58,13.6525,跌破,21.6872,跌破,27.8822,跌破
2022-12-11,13.42,13.732,跌破,21.3915,跌破,27.6057,跌破
2022-12-12,13.31,13.7755,跌破,21.1052,跌破,27.3427,跌破
2022-12-13,13.89,13.752,站上,20.8367,跌破,27.0941,跌破
2022-12-14,14.12,13.7285,站上,20.5788,跌破,26.8528,跌破
2022-12-15,14.04,13.729,站上,20.31,跌破,26.6319,跌破
2022-12-16,12.25,13.633,跌破,19.994,跌破,26.4047,跌破
2022-12-17,12.51,13.5525,跌破,19.7,跌破,26.2105,跌破
2022-12-18,12.38,13.5055,跌破,19.4253,跌破,26.0197,跌破
2022-12-19,11.94,13.4355,跌破,19.1575,跌破,25.8152,跌破
2022-12-20,12.26,13.3405,跌破,18.8935,跌破,25.6223,跌破
2022-12-21,12.14,13.272,跌破,18.629,跌破,25.4262,跌破
2022-12-22,11.82,13.1775,跌破,18.338,跌破,25.2339,跌破
2022-12-23,11.78,13.102,跌破,18.0627,跌破,25.0382,跌破
2022-12-24,11.45,12.989,跌破,17.7392,跌破,24.8693,跌破
2022-12-25,11.38,12.867,跌破,17.4073,跌破,24.7013,跌破
2022-12-26,11.32,12.718,跌破,17.0863,跌破,24.542,跌破
2022-12-27,11.09,12.598,跌破,16.7367,跌破,24.3643,跌破
2022-12-28,9.76,12.4015,跌破,16.3515,跌破,24.1833,跌破
2022-12-29,9.64,12.204,跌破,15.9632,跌破,24.0012,跌破
2022-12-30,9.9,12.02,跌破,15.5855,跌破,23.8202,跌破
2022-12-31,9.97,11.8475,跌破,15.215,跌破,23.6431,跌破
2023-01-01,9.99,11.6815,跌破,14.8682,跌破,23.467,跌破
2023-01-02,11.28,11.551,跌破,14.542,跌破,23.293,跌破
2023-01-03,13.37,11.5135,站上,14.2025,跌破,23.1363,跌破
2023-01-04,13.43,11.483,站上,13.8113,跌破,22.9908,跌破
2023-01-05,13.43,11.542,站上,13.4915,跌破,22.8303,跌破
2023-01-06,13.5,11.5915,站上,13.2228,站上,22.6628,跌破
2023-01-07,13.1,11.6275,站上,13.0348,站上,22.483,跌破
2023-01-08,14.45,11.753,站上,13.041,站上,22.3115,跌破
2023-01-09,16.25,11.9525,站上,13.0175,站上,22.1553,跌破
2023-01-10,16.2,12.1555,站上,13.0133,站上,21.9783,跌破
2023-01-11,16.36,12.3825,站上,13.043,站上,21.8397,跌破
2023-01-12,16.59,12.623,站上,13.0998,站上,21.6936,跌破
2023-01-13,18.29,12.965,站上,13.1713,站上,21.5704,跌破
2023-01-14,24.24,13.608,站上,13.3367,站上,21.5037,站上
2023-01-15,22.89,14.1865,站上,13.4803,站上,21.4138,站上
2023-01-16,23.58,14.811,站上,13.6458,站上,21.3511,站上
2023-01-17,22.86,15.466,站上,13.8057,站上,21.2697,站上
2023-01-18,20.79,16.0235,站上,13.9382,站上,21.1812,跌破
2023-01-19,21.4,16.5985,站上,14.0903,站上,21.1042,站上
2023-01-20,25.51,17.3755,站上,14.3183,站上,21.0465,站上
2023-01-21,24.57,18.1045,站上,14.5205,站上,20.9707,站上
2023-01-22,24.21,18.751,站上,14.6847,站上,20.8943,站上
2023-01-23,24.33,19.299,站上,14.847,站上,20.8276,站上
2023-01-24,22.78,19.7665,站上,14.9928,站上,20.7351,站上
2023-01-25,24.52,20.321,站上,15.1653,站上,20.667,站上
2023-01-26,24.33,20.8625,站上,15.3355,站上,20.5929,站上
2023-01-27,24.43,21.429,站上,15.5207,站上,20.5138,站上
2023-01-28,24.0,21.9065,站上,15.6983,站上,20.4367,站上
2023-01-29,26.07,22.3975,站上,15.8968,站上,20.3836,站上
2023-01-30,23.96,22.7855,站上,16.071,站上,20.3161,站上
2023-01-31,23.92,23.1635,站上,16.2412,站上,20.2413,站上
2023-02-01,25.0,23.584,站上,16.4363,站上,20.1656,站上
2023-02-02,24.32,23.8855,站上,16.6132,站上,20.0846,站上
2023-02-03,24.69,23.908,站上,16.7943,站上,20.0123,站上
2023-02-04,24.34,23.9805,站上,16.9617,站上,19.9403,站上
2023-02-05,23.47,23.975,跌破,17.128,站上,19.8644,站上
2023-02-06,22.66,23.965,跌破,17.2775,站上,19.7789,站上
2023-02-07,23.82,24.1165,跌破,17.448,站上,19.7111,站上
2023-02-08,23.22,24.2075,跌破,17.6087,站上,19.6479,站上
2023-02-09,20.48,23.956,跌破,17.7263,站上,19.5589,站上
2023-02-10,20.11,23.733,跌破,17.8397,站上,19.4724,站上
2023-02-11,20.81,23.563,跌破,17.955,站上,19.3958,站上
2023-02-12,21.49,23.421,跌破,18.0778,站上,19.3283,站上
2023-02-13,20.77,23.3205,跌破,18.19,站上,19.25,站上
2023-02-14,21.84,23.1865,跌破,18.3498,站上,19.1719,站上
2023-02-15,23.86,23.163,站上,18.539,站上,19.1195,站上
2023-02-16,22.24,23.0535,跌破,18.7033,站上,19.0643,站上
2023-02-17,23.14,23.0105,站上,18.89,站上,19.0237,站上
2023-02-18,23.45,22.8795,站上,19.0765,站上,18.985,站上
2023-02-19,24.84,22.9235,站上,19.2882,站上,18.9586,站上
2023-02-20,26.26,23.0405,站上,19.5288,站上,18.9334,站上
2023-02-21,24.98,23.0395,站上,19.7488,站上,18.9058,站上
2023-02-22,24.16,23.0315,站上,19.9607,站上,18.8499,站上
2023-02-23,23.91,22.9925,站上,20.1695,站上,18.7884,站上
2023-02-24,23.07,22.929,站上,20.3653,站上,18.7258,站上
2023-02-25,22.37,22.874,跌破,20.5533,站上,18.645,站上
2023-02-26,23.25,22.9035,站上,20.7782,站上,18.5648,站上
2023-02-27,22.68,22.8465,跌破,20.9955,站上,18.4793,站上
2023-02-28,21.89,22.78,跌破,21.1953,站上,18.3904,站上
2023-03-01,22.51,22.8815,跌破,21.4043,站上,18.3097,站上
2023-03-02,22.0,22.976,跌破,21.6045,站上,18.2363,站上
2023-03-03,21.42,23.0065,跌破,21.7735,跌破,18.1578,站上
2023-03-04,20.98,22.981,跌破,21.9003,跌破,18.0514,站上
2023-03-05,20.97,22.991,跌破,22.026,跌破,17.9187,站上
2023-03-06,20.63,22.9305,跌破,22.146,跌破,17.8188,站上
2023-03-07,20.25,22.75,跌破,22.2585,跌破,17.7407,站上
2023-03-08,18.41,22.5585,跌破,22.347,跌破,17.6909,站上
2023-03-09,17.33,22.268,跌破,22.395,跌破,17.718,跌破
2023-03-10,18.17,22.004,跌破,22.427,跌破,17.7222,站上
2023-03-11,18.07,21.6655,跌破,22.4582,跌破,17.7357,站上
2023-03-12,20.2,21.3625,跌破,22.5222,跌破,17.7826,站上
2023-03-13,20.4,21.1335,跌破,22.5857,跌破,17.8428,站上
2023-03-14,20.86,20.9685,跌破,22.6285,跌破,17.8999,站上
2023-03-15,19.24,20.735,跌破,22.5452,跌破,17.9409,站上
2023-03-16,19.67,20.565,跌破,22.4915,跌破,17.9859,站上
2023-03-17,21.6,20.5265,站上,22.4585,跌破,18.0522,站上
2023-03-18,21.2,20.424,站上,22.4308,跌破,18.1182,站上
2023-03-19,21.86,20.383,站上,22.4487,跌破,18.1934,站上
2023-03-20,22.13,20.395,站上,22.4608,跌破,18.2756,站上
2023-03-21,22.53,20.396,站上,22.4112,站上,18.3648,站上
2023-03-22,21.42,20.367,站上,22.3587,跌破,18.4396,站上
2023-03-23,22.16,20.404,站上,22.3245,跌破,18.5046,站上
2023-03-24,20.66,20.388,站上,22.2633,跌破,18.5552,站上
2023-03-25,20.41,20.36,站上,22.2238,跌破,18.6083,站上
2023-03-26,20.94,20.3755,站上,22.1642,跌破,18.6648,站上
2023-03-27,19.91,20.3585,跌破,22.0905,跌破,18.713,站上
2023-03-28,20.45,20.4605,跌破,22.0242,跌破,18.7724,站上
2023-03-29,21.1,20.649,站上,21.9758,跌破,18.8371,站上
2023-03-30,20.55,20.768,跌破,21.8838,跌破,18.8903,站上
2023-03-31,21.16,20.9225,站上,21.8372,跌破,18.9541,站上
2023-04-01,21.08,20.9665,站上,21.7898,跌破,19.0155,站上
2023-04-02,20.52,20.9725,跌破,21.7152,跌破,19.0758,站上
2023-04-03,20.45,20.952,跌破,21.6507,跌破,19.1319,站上
2023-04-04,20.92,21.036,跌破,21.5878,跌破,19.1911,站上
2023-04-05,20.97,21.101,跌破,21.5317,跌破,19.2467,站上
2023-04-06,20.62,21.052,跌破,21.4842,跌破,19.3061,站上
2023-04-07,20.44,21.014,跌破,21.4472,跌破,19.3623,站上
2023-04-08,20.04,20.923,跌破,21.3842,跌破,19.4161,站上
2023-04-09,20.28,20.8305,跌破,21.3352,跌破,19.4719,站上
2023-04-10,20.89,20.7485,站上,21.342,跌破,19.5342,站上
2023-04-11,22.98,20.8265,站上,21.3898,站上,19.6148,站上
2023-04-12,23.8,20.9085,站上,21.4397,站上,19.6973,站上
2023-04-13,24.43,21.097,站上,21.4887,站上,19.7832,站上
2023-04-14,24.71,21.312,站上,21.5543,站上,19.8722,站上
2023-04-15,24.05,21.4675,站上,21.5912,站上,19.9705,站上
2023-04-16,25.34,21.739,站上,21.6158,站上,20.0774,站上
2023-04-17,24.58,21.9455,站上,21.6548,站上,20.1791,站上
2023-04-18,24.82,22.1315,站上,21.6828,站上,20.2864,站上
2023-04-19,22.66,22.237,站上,21.6697,站上,20.3731,站上
2023-04-20,22.2,22.289,跌破,21.6257,站上,20.4569,站上
2023-04-21,21.25,22.2975,跌破,21.5422,跌破,20.5355,站上
2023-04-22,21.79,22.361,跌破,21.489,站上,20.6189,站上
2023-04-23,21.47,22.412,跌破,21.4442,站上,20.7024,站上
2023-04-24,21.38,22.435,跌破,21.402,跌破,20.7858,站上
2023-04-25,21.93,22.483,跌破,21.383,站上,20.8742,站上
2023-04-26,21.28,22.516,跌破,21.3648,跌破,20.9591,站上
2023-04-27,22.33,22.6105,跌破,21.3495,站上,21.0638,站上
2023-04-28,23.34,22.7755,站上,21.3605,站上,21.178,站上
2023-04-29,23.19,22.921,站上,21.3822,站上,21.2888,站上
2023-04-30,22.74,23.0135,跌破,21.386,站上,21.3952,站上
2023-05-01,21.96,22.9625,跌破,21.3853,站上,21.4949,站上
2023-05-02,22.25,22.885,跌破,21.3992,站上,21.5863,站上
2023-05-03,22.24,22.7755,跌破,21.4202,站上,21.6603,站上
2023-05-04,21.74,22.627,跌破,21.433,站上,21.7295,站上
2023-05-05,22.82,22.5655,站上,21.4695,站上,21.8077,站上
2023-05-06,21.91,22.394,跌破,21.4972,站上,21.8778,站上
2023-05-07,21.66,22.248,跌破,21.5513,站上,21.9492,跌破
2023-05-08,20.62,22.038,跌破,21.6062,跌破,22.0006,跌破
2023-05-09,20.65,21.9375,跌破,21.6475,跌破,22.0372,跌破
2023-05-10,20.91,21.873,跌破,21.6948,跌破,22.0765,跌破
2023-05-11,20.17,21.819,跌破,21.6943,跌破,22.1082,跌破
2023-05-12,20.9,21.7745,跌破,21.7027,跌破,22.1442,跌破
2023-05-13,20.84,21.743,跌破,21.7023,跌破,22.1654,跌破
2023-05-14,20.93,21.7205,跌破,21.7305,跌破,22.1378,跌破
2023-05-15,20.99,21.6735,跌破,21.7525,跌破,22.122,跌破
2023-05-16,20.67,21.643,跌破,21.737,跌破,22.0978,跌破
2023-05-17,21.06,21.5795,跌破,21.7347,跌破,22.0827,跌破
2023-05-18,20.34,21.4295,跌破,21.7093,跌破,22.079,跌破
2023-05-19,20.36,21.288,跌破,21.6798,跌破,22.0703,跌破
2023-05-20,20.28,21.165,跌破,21.6423,跌破,22.0267,跌破
2023-05-21,19.61,21.0475,跌破,21.6122,跌破,21.9854,跌破
2023-05-22,19.53,20.9115,跌破,21.5683,跌破,21.9464,跌破
2023-05-23,20.02,20.8005,跌破,21.5577,跌破,21.9105,跌破
2023-05-24,19.22,20.6745,跌破,21.5378,跌破,21.8808,跌破
2023-05-25,19.25,20.496,跌破,21.5097,跌破,21.8369,跌破
2023-05-26,19.35,20.368,跌破,21.5003,跌破,21.7954,跌破
2023-05-27,20.43,20.3065,站上,21.5,跌破,21.7621,跌破
2023-05-28,20.81,20.316,站上,21.4952,跌破,21.7355,跌破
2023-05-29,20.57,20.312,站上,21.4955,跌破,21.6897,跌破
2023-05-30,21.25,20.329,站上,21.497,跌破,21.6671,跌破
2023-05-31,20.81,20.361,站上,21.4925,跌破,21.6412,跌破
2023-06-01,20.49,20.3405,站上,21.492,跌破,21.6036,跌破
2023-06-02,21.26,20.3615,站上,21.5055,跌破,21.5781,跌破
2023-06-03,21.19,20.3745,站上,21.51,跌破,21.5489,跌破
2023-06-04,21.82,20.416,站上,21.5242,站上,21.5279,站上
2023-06-05,20.0,20.3825,跌破,21.5138,跌破,21.499,跌破
2023-06-06,20.38,20.3485,站上,21.5128,跌破,21.48,跌破
2023-06-07,18.64,20.2635,跌破,21.4895,跌破,21.4368,跌破
2023-06-08,18.89,20.19,跌破,21.4663,跌破,21.4008,跌破
2023-06-09,17.4,20.046,跌破,21.4082,跌破,21.3751,跌破
2023-06-10,15.61,19.846,跌破,21.2853,跌破,21.3376,跌破
2023-06-11,15.55,19.647,跌破,21.1478,跌破,21.2937,跌破
2023-06-12,15.19,19.4055,跌破,20.9938,跌破,21.2412,跌破
2023-06-13,15.04,19.1965,跌破,20.8327,跌破,21.1935,跌破
2023-06-14,14.48,18.958,跌破,20.6732,跌破,21.1322,跌破
2023-06-15,14.77,18.729,跌破,20.497,跌破,21.0564,跌破
2023-06-16,15.31,18.473,跌破,20.3425,跌破,20.9987,跌破
2023-06-17,15.64,18.2145,跌破,20.1895,跌破,20.9362,跌破
2023-06-18,15.45,17.9585,跌破,20.0693,跌破,20.8695,跌破
2023-06-19,16.1,17.701,跌破,19.9677,跌破,20.7967,跌破
2023-06-20,16.64,17.4925,跌破,19.8908,跌破,20.7165,跌破
2023-06-21,17.23,17.3295,跌破,19.8148,跌破,20.6519,跌破
2023-06-22,16.62,17.0975,跌破,19.734,跌破,20.5891,跌破
2023-06-23,17.13,16.8945,站上,19.6632,跌破,20.5326,跌破
2023-06-24,16.64,16.6355,站上,19.575,跌破,20.479,跌破
2023-06-25,16.96,16.4835,站上,19.503,跌破,20.4339,跌破
2023-06-26,16.27,16.278,跌破,19.402,跌破,20.3758,跌破
2023-06-27,16.63,16.1775,站上,19.2902,跌破,20.3253,跌破
2023-06-28,15.97,16.0315,跌破,19.1698,跌破,20.276,跌破
2023-06-29,17.99,16.061,站上,19.0907,跌破,20.2383,跌破
2023-06-30,18.86,16.2235,站上,19.039,跌破,20.2122,跌破
2023-07-01,18.7,16.381,站上,18.9798,跌破,20.1895,跌破
2023-07-02,19.45,16.594,站上,18.9333,站上,20.1768,跌破
2023-07-03,19.26,16.805,站上,18.892,站上,20.1625,跌破
2023-07-04,19.13,17.0375,站上,18.8305,站上,20.15,跌破
2023-07-05,19.0,17.249,站上,18.782,站上,20.1396,跌破
2023-07-06,19.61,17.464,站上,18.7478,站上,20.1496,跌破
2023-07-07,21.5,17.757,站上,18.7625,站上,20.1843,站上
2023-07-08,21.81,18.075,站上,18.7818,站上,20.2147,站上
2023-07-09,21.32,18.336,站上,18.7887,站上,20.2418,站上
2023-07-10,21.3,18.569,站上,18.8075,站上,20.2509,站上
2023-07-11,22.07,18.811,站上,18.827,站上,20.2648,站上
2023-07-12,21.94,19.077,站上,18.8453,站上,20.2738,站上
2023-07-13,26.01,19.521,站上,18.93,站上,20.3302,站上
2023-07-14,26.67,20.0225,站上,19.0247,站上,20.3886,站上
2023-07-15,27.46,20.5475,站上,19.1378,站上,20.4374,站上
2023-07-16,27.42,21.105,站上,19.2438,站上,20.4893,站上
2023-07-17,26.8,21.6135,站上,19.3515,站上,20.5304,站上
2023-07-18,25.54,22.092,站上,19.4378,站上,20.5588,站上
2023-07-19,26.31,22.508,站上,19.5383,站上,20.5903,站上
2023-07-20,25.38,22.834,站上,19.6345,站上,20.6233,站上
2023-07-21,25.5,23.174,站上,19.734,站上,20.6512,站上
2023-07-22,24.52,23.4275,站上,19.809,站上,20.6833,站上
2023-07-23,24.76,23.7025,站上,19.9013,站上,20.7196,站上
2023-07-24,23.37,23.9145,跌破,19.97,站上,20.7398,站上
2023-07-25,23.27,24.128,跌破,20.0353,站上,20.7678,站上
2023-07-26,25.17,24.406,站上,20.1143,站上,20.8072,站上
2023-07-27,25.1,24.586,站上,20.1858,站上,20.8405,站上
2023-07-28,24.82,24.7365,站上,20.2567,站上,20.8761,站上
2023-07-29,25.17,24.929,站上,20.322,站上,20.9095,站上
2023-07-30,24.25,25.0765,跌破,20.3793,站上,20.9359,站上
2023-07-31,23.73,25.1595,跌破,20.4333,站上,20.9627,站上
2023-08-01,24.05,25.265,跌破,20.4798,站上,20.9927,站上
2023-08-02,23.15,25.122,跌破,20.5125,站上,21.0113,站上
2023-08-03,22.65,24.921,跌破,20.5263,站上,21.0253,站上
2023-08-04,22.8,24.688,跌破,20.573,站上,21.0434,站上
2023-08-05,22.65,24.4495,跌破,20.6108,站上,21.0618,站上
2023-08-06,23.2,24.2695,跌破,20.6868,站上,21.0882,站上
2023-08-07,23.12,24.1485,跌破,20.7573,站上,21.1118,站上
2023-08-08,24.22,24.044,站上,20.871,站上,21.1396,站上
2023-08-09,24.38,23.994,站上,21.0172,站上,21.1513,站上
2023-08-10,24.62,23.95,站上,21.1683,站上,21.1581,站上
2023-08-11,24.62,23.955,站上,21.3255,站上,21.1597,站上
2023-08-12,24.91,23.9625,站上,21.49,站上,21.1613,站上
2023-08-13,24.23,24.0055,站上,21.6525,站上,21.1628,站上
2023-08-14,25.18,24.101,站上,21.826,站上,21.1615,站上
2023-08-15,23.9,24.0375,跌破,21.9692,站上,21.1558,站上
2023-08-16,22.82,23.9235,跌破,22.0888,站上,21.1392,站上
2023-08-17,21.66,23.7655,跌破,22.1923,跌破,21.1308,站上
2023-08-18,21.34,23.574,跌破,22.2797,跌破,21.1237,站上
2023-08-19,21.9,23.4565,跌破,22.3673,跌破,21.1291,站上
2023-08-20,21.77,23.3585,跌破,22.443,跌破,21.1289,站上
2023-08-21,21.2,23.216,跌破,22.5193,跌破,21.1267,站上
2023-08-22,20.59,23.088,跌破,22.577,跌破,21.1201,跌破
2023-08-23,21.74,23.0425,跌破,22.662,跌破,21.1185,站上
2023-08-24,21.06,22.9555,跌破,22.7303,跌破,21.1167,跌破
2023-08-25,20.42,22.844,跌破,22.7995,跌破,21.1008,跌破
2023-08-26,20.29,22.6985,跌破,22.8605,跌破,21.0753,跌破
2023-08-27,20.79,22.582,跌破,22.9408,跌破,21.0553,跌破
2023-08-28,20.56,22.399,跌破,22.9837,跌破,21.0372,跌破
2023-08-29,21.79,22.2695,跌破,23.0325,跌破,21.0358,站上
2023-08-30,20.82,22.0795,跌破,23.0678,跌破,21.0238,跌破
2023-08-31,19.74,21.8355,跌破,23.0727,跌破,21.003,跌破
2023-09-01,19.33,21.5565,跌破,23.0738,跌破,20.9829,跌破
2023-09-02,19.5,21.32,跌破,23.08,跌破,20.9552,跌破
2023-09-03,19.57,21.0395,跌破,23.0895,跌破,20.9357,跌破
2023-09-04,19.52,20.8205,跌破,23.088,跌破,20.9179,跌破
2023-09-05,20.26,20.6925,跌破,23.0673,跌破,20.9149,跌破
2023-09-06,19.64,20.5915,跌破,23.0312,跌破,20.9065,跌破
2023-09-07,19.92,20.5205,跌破,23.0078,跌破,20.8983,跌破
2023-09-08,19.61,20.406,跌破,22.9797,跌破,20.8936,跌破
2023-09-09,19.44,20.2895,跌破,22.9358,跌破,20.8814,跌破
2023-09-10,18.24,20.1415,跌破,22.8742,跌破,20.8598,跌破
2023-09-11,17.72,19.998,跌破,22.736,跌破,20.833,跌破
2023-09-12,17.92,19.807,跌破,22.5902,跌破,20.8074,跌破
2023-09-13,18.4,19.674,跌破,22.4392,跌破,20.7885,跌破
2023-09-14,18.85,19.5955,跌破,22.2963,跌破,20.7701,跌破
2023-09-15,19.14,19.538,跌破,22.1687,跌破,20.7601,跌破
2023-09-16,19.12,19.4545,跌破,22.0617,跌破,20.7497,跌破
2023-09-17,18.81,19.367,跌破,21.9367,跌破,20.7375,跌破
2023-09-18,19.64,19.2595,站上,21.841,跌破,20.7378,跌破
2023-09-19,20.03,19.22,站上,21.7498,跌破,20.7419,跌破
2023-09-20,20.29,19.2475,站上,21.6793,跌破,20.7442,跌破
2023-09-21,19.46,19.254,站上,21.591,跌破,20.7462,跌破
2023-09-22,19.43,19.2505,站上,21.5253,跌破,20.7477,跌破
2023-09-23,19.49,19.2465,站上,21.4623,跌破,20.7488,跌破
2023-09-24,19.36,19.2385,站上,21.3655,跌破,20.7399,跌破
2023-09-25,19.39,19.195,站上,21.2703,跌破,20.7281,跌破
2023-09-26,19.03,19.1645,跌破,21.1738,跌破,20.7153,跌破
2023-09-27,19.14,19.1255,站上,21.0733,跌破,20.6977,跌破
2023-09-28,19.96,19.143,站上,21.0018,跌破,20.6906,跌破
2023-09-29,20.28,19.185,站上,20.9443,跌破,20.6888,跌破
2023-09-30,21.37,19.3415,站上,20.8997,站上,20.6898,站上
2023-10-01,23.87,19.649,站上,20.9117,站上,20.7121,站上
2023-10-02,23.37,19.9215,站上,20.9237,站上,20.725,站上
2023-10-03,23.6,20.1815,站上,20.937,站上,20.755,站上
2023-10-04,23.13,20.3955,站上,20.945,站上,20.7779,站上
2023-10-05,22.7,20.5735,站上,20.9367,站上,20.8117,站上
2023-10-06,23.41,20.788,站上,20.9415,站上,20.8494,站上
2023-10-07,23.3,21.0125,站上,20.9262,站上,20.8986,站上
2023-10-08,23.22,21.1915,站上,20.9068,站上,20.962,站上
2023-10-09,22.1,21.295,站上,20.8648,站上,21.0166,站上
2023-10-10,22.11,21.386,站上,20.823,站上,21.0742,站上
2023-10-11,22.01,21.5135,站上,20.7747,站上,21.1323,站上
2023-10-12,21.28,21.606,跌破,20.7255,站上,21.189,站上
2023-10-13,21.84,21.7235,站上,20.6698,站上,21.2479,站上
2023-10-14,22.0,21.8555,站上,20.6382,站上,21.3037,站上
2023-10-15,21.93,21.9825,跌破,20.6233,站上,21.3561,站上
2023-10-16,23.95,22.2285,站上,20.6615,站上,21.4269,站上
2023-10-17,23.93,22.468,站上,20.7047,站上,21.4922,站上
2023-10-18,23.42,22.641,站上,20.73,站上,21.5487,站上
2023-10-19,24.93,22.8735,站上,20.7827,站上,21.6128,站上
2023-10-20,27.03,23.1565,站上,20.8798,站上,21.6996,站上
2023-10-21,29.32,23.429,站上,21.0253,站上,21.8012,站上
2023-10-22,29.05,23.713,站上,21.1472,站上,21.9046,站上
2023-10-23,31.88,24.127,站上,21.3275,站上,22.0289,站上
2023-10-24,30.17,24.479,站上,21.49,站上,22.1447,站上
2023-10-25,32.44,24.966,站上,21.6925,站上,22.2765,站上
2023-10-26,32.77,25.434,站上,21.8922,站上,22.4165,站上
2023-10-27,31.73,25.8555,站上,22.0783,站上,22.531,站上
2023-10-28,31.63,26.276,站上,22.2423,站上,22.6374,站上
2023-10-29,32.83,26.8125,站上,22.4425,站上,22.7552,站上
2023-10-30,34.94,27.454,站上,22.6958,站上,22.8843,站上
2023-10-31,38.4,28.2735,站上,23.0137,站上,23.0437,站上
2023-11-01,41.15,29.267,站上,23.3745,站上,23.2273,站上
2023-11-02,40.23,30.1865,站上,23.7188,站上,23.4042,站上
2023-11-03,39.45,31.059,站上,24.051,站上,23.5695,站上
2023-11-04,42.41,32.083,站上,24.4202,站上,23.7437,站上
2023-11-05,41.15,32.943,站上,24.7787,站上,23.9049,站上
2023-11-06,42.16,33.8545,站上,25.1493,站上,24.0786,站上
2023-11-07,42.93,34.83,站上,25.538,站上,24.2588,站上
2023-11-08,43.13,35.74,站上,25.9328,站上,24.4343,站上
2023-11-09,45.29,36.653,站上,26.3837,站上,24.6289,站上
2023-11-10,56.67,38.0205,站上,27.0328,站上,24.8844,站上
2023-11-11,56.34,39.385,站上,27.6732,站上,25.1317,站上
2023-11-12,56.28,40.605,站上,28.3045,站上,25.3718,站上
2023-11-13,51.6,41.6765,站上,28.8503,站上,25.5733,站上
2023-11-14,56.81,42.895,站上,29.4782,站上,25.8234,站上
2023-11-15,65.43,44.528,站上,30.25,站上,26.1558,站上
2023-11-16,57.8,45.8315,站上,30.8998,站上,26.4183,站上
2023-11-17,58.51,47.1755,站上,31.5477,站上,26.6943,站上
2023-11-18,58.56,48.462,站上,32.1898,站上,26.9698,站上
2023-11-19,61.1,49.77,站上,32.87,站上,27.2747,站上
2023-11-20,56.57,50.6785,站上,33.4885,站上,27.5398,站上
2023-11-21,51.65,51.2035,站上,34.0255,站上,27.7754,站上
2023-11-22,57.56,52.07,站上,34.66,站上,28.0612,站上
2023-11-23,56.51,52.923,站上,35.2792,站上,28.3223,站上
2023-11-24,56.86,53.6455,站上,35.9037,站上,28.587,站上
2023-11-25,58.82,54.529,站上,36.5668,站上,28.8703,站上
2023-11-26,57.57,55.2995,站上,37.2073,站上,29.1403,站上
2023-11-27,55.06,55.906,跌破,37.7923,站上,29.3971,站上
2023-11-28,58.18,56.6585,站上,38.424,站上,29.6842,站上
2023-11-29,59.31,57.3595,站上,39.0563,站上,29.978,站上
2023-11-30,59.3,57.491,站上,39.6468,站上,30.2793,站上
2023-12-01,59.75,57.6615,站上,40.2532,站上,30.5884,站上
2023-12-02,63.66,58.0305,站上,40.9208,站上,30.9289,站上
2023-12-03,62.98,58.5995,站上,41.585,站上,31.265,站上
2023-12-04,61.64,58.841,站上,42.234,站上,31.5853,站上
2023-12-05,61.03,58.621,站上,42.861,站上,31.9013,站上
2023-12-06,61.85,58.8235,站上,43.5035,站上,32.2148,站上
2023-12-07,67.74,59.285,站上,44.2455,站上,32.5762,站上
2023-12-08,74.94,60.104,站上,45.1262,站上,32.9955,站上
2023-12-09,72.3,60.664,站上,45.9627,站上,33.3928,站上
2023-12-10,74.87,61.579,站上,46.8437,站上,33.8092,站上
2023-12-11,70.25,62.509,站上,47.6598,站上,34.1927,站上
2023-12-12,68.6,63.061,站上,48.4392,站上,34.5545,站上
2023-12-13,70.62,63.7665,站上,49.2495,站上,34.9438,站上
2023-12-14,75.68,64.7075,站上,50.1453,站上,35.3843,站上
2023-12-15,72.51,65.392,站上,50.9547,站上,35.8081,站上
2023-12-16,73.72,66.1995,站上,51.7845,站上,36.2446,站上
2023-12-17,70.87,66.99,站上,52.5753,站上,36.6527,站上
2023-12-18,74.42,67.802,站上,53.4002,站上,37.0914,站上
2023-12-19,73.0,68.4865,站上,54.1663,站上,37.5231,站上
2023-12-20,82.21,69.632,站上,55.0478,站上,38.0366,站上
2023-12-21,93.84,71.3365,站上,56.1277,站上,38.6374,站上
2023-12-22,97.9,73.0485,站上,57.228,站上,39.2777,站上
2023-12-23,107.88,75.2935,站上,58.5232,站上,40.0066,站上
2023-12-24,112.45,77.834,站上,59.8567,站上,40.7746,站上
2023-12-25,120.91,80.828,站上,61.3257,站上,41.6089,站上
2023-12-26,112.49,83.36,站上,62.6717,站上,42.375,站上
2023-12-27,106.91,85.3185,站上,63.9263,站上,43.0843,站上
2023-12-28,101.8,86.6615,站上,65.0758,站上,43.7592,站上
2023-12-29,106.17,88.355,站上,66.263,站上,44.4794,站上
2023-12-30,101.9,89.7065,站上,67.3213,站上,45.1675,站上
2023-12-31,101.72,91.28,站上,68.3308,站上,45.8527,站上
2024-01-01,109.91,93.3455,站上,69.4922,站上,46.6055,站上
2024-01-02,106.73,95.151,站上,70.6135,站上,47.3323,站上
2024-01-03,98.52,96.293,站上,71.5487,站上,47.9844,站上
2024-01-04,104.91,97.913,站上,72.6113,站上,48.695,站上
2024-01-05,99.94,99.224,站上,73.5743,站上,49.3618,站上
2024-01-06,93.77,100.369,跌破,74.4217,站上,49.9798,站上
2024-01-07,89.44,101.12,跌破,75.1935,站上,50.5632,站上
2024-01-08,97.88,102.364,跌破,76.07,站上,51.2268,站上
2024-01-09,99.36,103.2215,跌破,76.7815,站上,51.9072,站上
2024-01-10,102.0,103.6295,跌破,77.5425,站上,52.6078,站上
2024-01-11,99.9,103.7295,跌破,78.2695,站上,53.287,站上
2024-01-12,92.12,102.9415,跌破,78.9448,站上,53.8976,站上
2024-01-13,95.85,102.1115,跌破,79.5955,站上,54.5368,站上
2024-01-14,93.81,100.7565,跌破,80.0685,站上,55.1593,站上
2024-01-15,94.36,99.85,跌破,80.6778,站上,55.7888,站上
2024-01-16,97.61,99.385,跌破,81.3295,站上,56.4386,站上
2024-01-17,102.1,99.4,站上,82.0552,站上,57.1225,站上
2024-01-18,94.4,98.8115,跌破,82.6102,站上,57.7401,站上
2024-01-19,93.62,98.3975,跌破,83.2277,站上,58.3581,站上
2024-01-20,92.88,97.9555,跌破,83.9148,站上,58.9702,站上
2024-01-21,91.09,97.0145,跌破,84.4737,站上,59.5668,站上
2024-01-22,83.84,95.87,跌破,84.9292,跌破,60.1042,站上
2024-01-23,84.35,95.1615,跌破,85.3873,跌破,60.6455,站上
2024-01-24,88.77,94.3545,跌破,85.8865,站上,61.2267,站上
2024-01-25,86.91,93.703,跌破,86.3755,站上,61.7914,站上
2024-01-26,92.28,93.6285,跌破,86.9958,站上,62.3941,站上
2024-01-27,94.28,93.8705,站上,87.5975,站上,63.0108,站上
2024-01-28,95.98,93.7755,站上,88.2087,站上,63.6325,站上
2024-01-29,101.68,93.8915,站上,88.915,站上,64.2809,站上
2024-01-30,101.4,93.8615,站上,89.6092,站上,64.9312,站上
2024-01-31,96.96,93.7145,站上,90.1642,站上,65.5425,站上
2024-02-01,97.81,93.999,站上,90.7447,站上,66.1648,站上
2024-02-02,100.58,94.2355,站上,91.3937,站上,66.8138,站上
2024-02-03,97.96,94.443,站上,92.0092,站上,67.4351,站上
2024-02-04,95.49,94.4995,站上,92.5698,站上,68.0367,站上
2024-02-05,95.66,94.402,站上,93.0352,站上,68.6403,站上
2024-02-06,96.88,94.141,站上,93.4008,站上,69.2635,站上
2024-02-07,101.14,94.478,站上,93.8815,站上,69.9221,站上
2024-02-08,102.76,94.935,站上,94.3463,站上,70.595,站上
2024-02-09,106.94,95.638,站上,94.9578,站上,71.3088,站上
2024-02-10,109.01,96.534,站上,95.6313,站上,72.0352,站上
2024-02-11,107.46,97.715,站上,96.2453,站上,72.7474,站上
2024-02-12,111.64,99.0795,站上,96.8447,站上,73.495,站上
2024-02-13,112.48,100.265,站上,97.5108,站上,74.2327,站上
2024-02-14,116.97,101.768,站上,98.2317,站上,75.0081,站上
2024-02-15,113.5,102.829,站上,98.9422,站上,75.7587,站上
2024-02-16,110.33,103.6315,站上,99.5407,站上,76.4704,站上
2024-02-17,108.92,104.2785,站上,100.1393,站上,77.1528,站上
2024-02-18,112.24,104.8065,站上,100.6398,站上,77.8438,站上
2024-02-19,111.53,105.313,站上,100.9347,站上,78.5312,站上
2024-02-20,108.31,105.8805,站上,101.1082,站上,79.1681,站上
2024-02-21,105.03,106.2415,跌破,101.0607,站上,79.7919,站上
2024-02-22,101.76,106.3005,跌破,100.8825,站上,80.3696,站上
2024-02-23,99.9,106.3975,跌破,100.5323,跌破,80.929,站上
2024-02-24,104.01,106.8235,跌破,100.391,站上,81.5313,站上
2024-02-25,103.47,107.214,跌破,100.3337,站上,82.13,站上
2024-02-26,109.9,107.865,站上,100.4687,站上,82.7722,站上
2024-02-27,108.36,108.226,站上,100.5052,站上,83.3841,站上
2024-02-28,119.03,109.0395,站上,100.7907,站上,84.056,站上
2024-02-29,125.68,109.9765,站上,101.19,站上,84.7604,站上
2024-03-01,129.43,110.9975,站上,101.5153,站上,85.5038,站上
2024-03-02,130.02,112.1255,站上,101.9035,站上,86.2585,站上
2024-03-03,130.16,113.0515,站上,102.4308,站上,86.9898,站上
2024-03-04,133.27,114.091,站上,102.9035,站上,87.7574,站上
2024-03-05,125.31,114.508,站上,103.3263,站上,88.4503,站上
2024-03-06,130.79,115.3725,站上,103.9433,站上,89.1825,站上
2024-03-07,143.82,117.047,站上,104.8497,站上,90.0216,站上
2024-03-08,144.79,118.8405,站上,105.6315,站上,90.8508,站上
2024-03-09,144.29,120.443,站上,106.3803,站上,91.5809,站上
2024-03-10,144.39,122.086,站上,107.0868,站上,92.3147,站上
2024-03-11,148.83,124.112,站上,107.9023,站上,93.0859,站上
2024-03-12,151.05,126.413,站上,108.8845,站上,93.9147,站上
2024-03-13,163.9,129.52,站上,110.0187,站上,94.8071,站上
2024-03-14,176.65,133.3575,站上,111.3993,站上,95.7339,站上
2024-03-15,183.95,137.3545,站上,112.8925,站上,96.7852,站上
2024-03-16,182.05,141.2835,站上,114.2998,站上,97.8147,站上
2024-03-17,201.86,145.8815,站上,115.9625,站上,99.0088,站上
2024-03-18,195.92,150.2595,站上,117.6545,站上,100.1323,站上
2024-03-19,169.82,152.799,站上,118.9245,站上,101.0761,站上
2024-03-20,191.77,156.1035,站上,120.5727,站上,102.2438,站上
2024-03-21,179.46,158.605,站上,122.0455,站上,103.2596,站上
2024-03-22,175.21,160.8645,站上,123.5683,站上,104.2488,站上
2024-03-23,172.65,162.989,站上,125.04,站上,105.2137,站上
2024-03-24,183.88,165.5195,站上,126.6252,站上,106.2558,站上
2024-03-25,188.99,168.7035,站上,128.3265,站上,107.351,站上
2024-03-26,190.46,171.687,站上,129.9628,站上,108.4793,站上
2024-03-27,186.33,173.8125,站上,131.497,站上,109.5473,站上
2024-03-28,189.63,176.0545,站上,133.0578,站上,110.6333,站上
2024-03-29,192.01,178.4405,站上,134.5633,站上,111.7392,站上
2024-03-30,194.2,180.931,站上,136.11,站上,112.8596,站上
2024-03-31,202.45,183.612,站上,137.8682,站上,114.0162,站上
2024-04-01,192.24,185.6715,站上,139.442,站上,115.0933,站上
2024-04-02,181.53,186.553,跌破,140.7912,站上,116.0924,站上
2024-04-03,185.05,186.973,跌破,142.2427,站上,117.1259,站上
2024-04-04,184.0,186.9755,跌破,143.7178,站上,118.1438,站上
2024-04-05,174.37,186.5915,跌破,145.0297,站上,119.0324,站上
2024-04-06,178.68,185.4325,跌破,146.393,站上,119.8969,站上
2024-04-07,179.52,184.6125,跌破,147.6993,站上,120.7904,站上
2024-04-08,180.68,185.1555,跌破,148.998,站上,121.6722,站上
2024-04-09,172.42,184.188,跌破,150.0893,站上,122.5236,站上
2024-04-10,173.31,183.8805,跌破,151.161,站上,123.3962,站上
2024-04-11,172.37,183.7385,跌破,152.2428,站上,124.2441,站上
2024-04-12,153.16,182.764,跌破,152.9348,站上,124.8898,站上
2024-04-13,138.47,180.4935,跌破,153.368,跌破,125.4394,站上
2024-04-14,151.25,178.6065,跌破,153.9393,跌破,126.0855,站上
2024-04-15,138.51,176.009,跌破,154.3562,跌破,126.6492,站上
2024-04-16,136.22,173.5035,跌破,154.7877,跌破,127.1642,站上
2024-04-17,131.84,170.614,跌破,155.1697,跌破,127.6545,站上
2024-04-18,142.07,168.117,跌破,155.6668,跌破,128.1533,站上
2024-04-19,142.5,165.532,跌破,156.183,跌破,128.5588,站上
2024-04-20,151.22,162.9705,跌破,156.8982,跌破,129.0032,站上
2024-04-21,148.8,160.7985,跌破,157.6277,跌破,129.3442,站上
2024-04-22,156.95,159.5695,跌破,158.5475,跌破,129.715,站上
2024-04-23,154.75,158.0545,跌破,159.4617,跌破,129.997,站上
2024-04-24,147.78,156.2435,跌破,160.1912,跌破,130.2911,站上
2024-04-25,144.84,154.767,跌破,160.8807,跌破,130.6072,站上
2024-04-26,139.23,152.7945,跌破,161.3695,跌破,130.9191,站上
2024-04-27,141.31,150.884,跌破,161.9187,跌破,131.2119,站上
2024-04-28,137.99,148.7495,跌破,162.2347,跌破,131.5127,站上
2024-04-29,137.77,147.017,跌破,162.4362,跌破,131.8131,站上
2024-04-30,126.77,144.69,跌破,162.3918,跌破,131.9536,跌破
2024-05-01,134.64,142.8035,跌破,162.4688,跌破,132.1862,站上
2024-05-02,137.58,142.0245,跌破,162.5925,跌破,132.5117,站上
2024-05-03,143.69,142.2855,站上,162.7662,跌破,132.8348,站上
2024-05-04,146.05,142.0255,站上,163.1118,跌破,133.2191,站上
2024-05-05,145.73,142.3865,站上,163.3608,跌破,133.6521,站上
2024-05-06,152.82,143.2165,站上,163.5108,跌破,134.1803,站上
2024-05-07,148.03,144.026,站上,163.5648,跌破,134.5982,站上
2024-05-08,142.18,144.0315,跌破,163.5297,跌破,134.955,站上
2024-05-09,152.57,144.535,站上,163.666,跌破,135.3764,站上
2024-05-10,146.01,144.2745,站上,163.619,跌破,135.7607,站上
2024-05-11,145.42,144.1055,站上,163.5252,跌破,136.2048,站上
2024-05-12,143.43,143.4295,站上,163.184,跌破,136.6013,站上
2024-05-13,147.54,143.069,站上,162.6988,跌破,137.0491,站上
2024-05-14,142.03,142.7815,跌破,162.0002,跌破,137.4463,站上
2024-05-15,158.52,143.4655,站上,161.608,跌破,137.9539,站上
2024-05-16,159.37,144.4725,站上,160.8998,跌破,138.4312,站上
2024-05-17,169.44,145.879,站上,160.4585,站上,139.0565,站上
2024-05-18,172.4,147.5995,站上,160.5015,站上,139.713,站上
2024-05-19,169.93,149.2075,站上,160.1375,站上,140.3551,站上
2024-05-20,186.7,152.204,站上,160.2582,站上,141.1518,站上
2024-05-21,178.15,154.3795,站上,160.3072,站上,141.9377,站上
2024-05-22,176.95,156.348,站上,160.3788,站上,142.7094,站上
2024-05-23,176.16,157.9715,站上,160.2502,站上,143.4377,站上
2024-05-24,167.7,159.054,站上,159.8953,站上,144.1109,站上
2024-05-25,168.35,160.185,站上,159.5268,站上,144.7448,站上
2024-05-26,163.41,160.7145,站上,159.1448,站上,145.3209,站上
2024-05-27,170.15,161.8205,站上,158.8202,站上,145.939,站上
2024-05-28,168.68,163.1455,站上,158.4313,站上,146.4973,站上
2024-05-29,168.32,163.933,站上,158.0,站上,147.055,站上
2024-05-30,166.88,164.9765,站上,157.4072,站上,147.6377,站上
2024-05-31,165.65,165.988,跌破,156.964,站上,148.203,站上
2024-06-01,166.14,167.1235,跌破,156.7075,站上,148.7493,站上
2024-06-02,163.15,167.904,跌破,156.3425,站上,149.2926,站上
2024-06-03,164.89,169.047,跌破,156.024,站上,149.8709,站上
2024-06-04,171.78,169.71,站上,155.9808,站上,150.5053,站上
2024-06-05,173.54,170.4185,站上,155.8952,站上,151.1441,站上
2024-06-06,170.15,170.454,跌破,155.739,站上,151.7192,站上
2024-06-07,162.5,169.959,跌破,155.436,站上,152.217,站上
2024-06-08,157.83,169.354,跌破,155.1928,站上,152.6411,站上
2024-06-09,162.12,168.125,跌破,155.0063,站上,153.0837,站上
2024-06-10,159.05,167.17,跌破,154.7843,站上,153.5136,站上
2024-06-11,149.31,165.788,跌破,154.7202,跌破,153.8275,跌破
2024-06-12,155.22,164.741,跌破,154.9993,站上,154.1837,站上
2024-06-13,147.29,163.7205,跌破,154.9333,跌破,154.4363,跌破
2024-06-14,143.05,162.4555,跌破,155.009,跌破,154.6826,跌破
2024-06-15,145.52,161.561,跌破,155.164,跌破,154.9758,跌破
2024-06-16,151.3,160.6185,跌破,155.4883,跌破,155.329,跌破
2024-06-17,143.27,159.348,跌破,155.5083,跌破,155.5876,跌破
2024-06-18,137.41,157.8025,跌破,155.4235,跌破,155.8032,跌破
2024-06-19,135.62,156.2395,跌破,155.1635,跌破,156.0308,跌破
2024-06-20,133.55,154.6345,跌破,154.9093,跌破,156.2685,跌破
2024-06-21,134.6,153.0575,跌破,154.5368,跌破,156.5422,跌破
2024-06-22,133.69,151.5845,跌破,154.1858,跌破,156.8237,跌破
2024-06-23,128.69,149.7745,跌破,153.8677,跌破,157.0294,跌破
2024-06-24,132.33,147.802,跌破,153.6592,跌破,157.2699,跌破
2024-06-25,136.58,145.954,跌破,153.615,跌破,157.4922,跌破
2024-06-26,136.81,144.287,跌破,153.54,跌破,157.7293,跌破
2024-06-27,149.71,143.6475,站上,153.7353,跌破,157.985,跌破
2024-06-28,140.03,142.7575,跌破,153.773,跌破,158.1046,跌破
2024-06-29,140.28,141.6655,跌破,153.9982,跌破,158.195,跌破
2024-06-30,146.61,141.0435,站上,154.1977,跌破,158.3333,跌破
2024-07-01,146.67,140.9115,站上,154.3492,跌破,158.4708,跌破
2024-07-02,154.03,140.852,站上,154.5215,跌破,158.6438,跌破
2024-07-03,140.84,140.5295,站上,154.4347,跌破,158.7733,跌破
2024-07-04,127.86,139.77,跌破,154.1368,跌破,158.7488,跌破
2024-07-05,134.32,139.21,跌破,153.8285,跌破,158.6697,跌破
2024-07-06,143.05,138.7975,站上,153.7455,跌破,158.6552,跌破
2024-07-07,131.64,138.216,跌破,153.5698,跌破,158.5498,跌破
2024-07-08,139.81,138.336,站上,153.3572,跌破,158.5116,跌破
2024-07-09,141.42,138.626,站上,153.2807,跌破,158.4498,跌破
2024-07-10,141.98,139.0475,站上,153.2233,跌破,158.3742,跌破
2024-07-11,135.73,139.104,跌破,153.095,跌破,158.1395,跌破
2024-07-12,139.46,139.3925,站上,152.9603,跌破,157.8296,跌破
2024-07-13,141.9,140.053,站上,152.9582,跌破,157.4792,跌破
2024-07-14,147.66,140.8195,站上,152.7772,跌破,157.1926,跌破
2024-07-15,159.38,141.9595,站上,152.7773,站上,156.8386,站上
2024-07-16,160.62,143.15,站上,152.6303,站上,156.5444,站上
2024-07-17,155.5,143.4395,站上,152.3487,站上,156.4251,跌破
2024-07-18,159.22,144.399,站上,152.1702,站上,156.1538,站上
2024-07-19,169.13,145.8415,站上,151.8773,站上,156.0678,站上
2024-07-20,173.6,147.191,站上,151.8015,站上,156.0543,站上
2024-07-21,184.49,149.082,站上,151.9272,站上,156.153,站上
2024-07-22,178.9,150.3255,站上,151.9728,站上,156.1115,站上
2024-07-23,173.03,151.935,站上,152.0617,站上,155.9785,站上
2024-07-24,178.06,154.445,站上,152.2235,站上,155.8752,站上
2024-07-25,171.85,156.3215,站上,152.3642,站上,155.7545,站上
2024-07-26,183.06,158.322,站上,152.5793,站上,155.6998,站上
2024-07-27,183.92,160.936,站上,152.8333,站上,155.6323,站上
2024-07-28,184.9,163.1905,站上,153.1097,站上,155.5548,站上
2024-07-29,182.57,165.248,站上,153.3712,站上,155.3892,站上
2024-07-30,179.16,167.107,站上,153.5963,站上,155.2802,站上
2024-07-31,171.71,168.906,站上,153.6892,站上,155.1983,站上
2024-08-01,167.37,170.3015,跌破,153.7595,站上,155.051,站上
2024-08-02,152.77,170.845,跌破,153.5575,跌破,154.7908,跌破
2024-08-03,142.52,170.588,跌破,153.0698,跌破,154.5253,跌破
2024-08-04,138.33,169.5355,跌破,152.483,跌破,154.1891,跌破
2024-08-05,129.78,167.9935,跌破,151.8102,跌破,153.7746,跌破
2024-08-06,144.4,167.4385,跌破,151.5085,跌破,153.4722,跌破
2024-08-07,144.77,166.716,跌破,151.2908,跌破,153.2418,跌破
2024-08-08,163.13,166.416,跌破,151.3077,站上,153.157,站上
2024-08-09,156.28,165.55,跌破,151.2615,站上,153.0229,站上
2024-08-10,154.01,164.026,跌破,151.3398,站上,153.03,站上
2024-08-11,141.57,162.1595,跌破,151.1123,跌破,153.0558,跌破
2024-08-12,146.29,160.8225,跌破,151.0957,跌破,153.0145,跌破
2024-08-13,146.65,159.252,跌破,151.1557,跌破,153.0823,跌破
2024-08-14,143.71,157.845,跌破,151.1255,跌破,153.1447,跌破
2024-08-15,142.58,155.821,跌破,150.9802,跌破,153.2343,跌破
2024-08-16,139.04,153.577,跌破,150.9097,跌破,153.209,跌破
2024-08-17,141.93,151.4285,跌破,150.985,跌破,153.2042,跌破
2024-08-18,142.42,149.421,跌破,151.0983,跌破,153.1309,跌破
2024-08-19,144.29,147.6775,跌破,151.2773,跌破,153.0933,跌破
2024-08-20,142.27,146.2055,跌破,151.4052,跌破,152.971,跌破
2024-08-21,142.79,144.9765,跌破,151.5568,跌破,152.8713,跌破
2024-08-22,143.22,144.499,跌破,151.799,跌破,152.8333,跌破
2024-08-23,153.26,145.036,站上,152.1478,站上,152.9035,站上
2024-08-24,160.67,146.153,站上,152.5493,站上,153.0822,站上
2024-08-25,158.92,147.61,站上,152.9178,站上,153.2289,站上
2024-08-26,157.12,148.246,站上,153.0413,站上,153.3883,站上
2024-08-27,146.79,148.347,跌破,153.154,跌破,153.4635,跌破
2024-08-28,143.95,147.388,跌破,153.2152,跌破,153.6067,跌破
2024-08-29,140.0,146.574,跌破,153.105,跌破,153.6513,跌破
2024-08-30,137.99,145.773,跌破,152.9603,跌破,153.6548,跌破
2024-08-31,135.35,145.462,跌破,152.649,跌破,153.5853,跌破
2024-09-01,128.5,144.5725,跌破,152.4433,跌破,153.439,跌破
2024-09-02,134.94,143.987,跌破,152.5613,跌破,153.3491,跌破
2024-09-03,127.54,143.1785,跌破,152.4483,跌破,153.1384,跌破
2024-09-04,133.64,142.7315,跌破,152.2915,跌破,153.0185,跌破
2024-09-05,129.41,142.25,跌破,152.2543,跌破,152.9121,跌破
2024-09-06,125.05,141.406,跌破,152.0083,跌破,152.6827,跌破
2024-09-07,127.71,140.6705,跌破,151.7798,跌破,152.5302,跌破
2024-09-08,130.15,139.9635,跌破,151.5827,跌破,152.403,跌破
2024-09-09,135.08,139.604,跌破,151.5718,跌破,152.3334,跌破
2024-09-10,135.63,139.246,跌破,151.508,跌破,152.2342,跌破
2024-09-11,132.42,138.706,跌破,151.35,跌破,152.1541,跌破
2024-09-12,136.05,137.8455,跌破,151.1565,跌破,151.9668,跌破
2024-09-13,139.02,136.763,站上,150.8172,跌破,151.7972,跌破
2024-09-14,137.14,135.674,站上,150.4258,跌破,151.5281,跌破
2024-09-15,131.37,134.3865,跌破,150.0237,跌破,151.1862,跌破
2024-09-16,131.47,133.6205,跌破,149.5612,跌破,150.8657,跌破
2024-09-17,131.54,133.0,跌破,148.9347,跌破,150.406,跌破
2024-09-18,134.34,132.717,站上,148.2803,跌破,150.0409,跌破
2024-09-19,142.89,132.962,站上,147.587,跌破,149.7571,跌破
2024-09-20,146.66,133.5275,站上,147.0497,跌破,149.5112,跌破
2024-09-21,149.41,134.573,站上,146.656,站上,149.3588,站上
2024-09-22,144.63,135.0575,站上,146.0988,跌破,149.1612,跌破
2024-09-23,144.79,135.92,站上,145.6478,跌破,149.006,跌破
2024-09-24,152.73,136.8745,站上,145.1423,站上,148.8608,站上
2024-09-25,147.98,137.803,站上,144.5433,站上,148.6883,跌破
2024-09-26,155.55,139.328,站上,144.0542,站上,148.5819,站上
2024-09-27,157.64,140.8245,站上,143.6387,站上,148.5049,站上
2024-09-28,156.75,142.1545,站上,143.2652,站上,148.4307,站上
2024-09-29,158.46,143.3235,站上,143.0443,站上,148.3667,站上
2024-09-30,152.49,144.1665,站上,142.7963,站上,148.2779,站上
2024-10-01,145.13,144.802,站上,142.669,站上,148.1132,跌破
2024-10-02,140.18,145.0085,跌破,142.63,跌破,147.8499,跌破
2024-10-03,136.82,144.8985,跌破,142.6048,跌破,147.5439,跌破
2024-10-04,143.24,145.2035,跌破,142.8292,站上,147.3197,跌破
2024-10-05,142.59,145.7645,跌破,142.799,跌破,147.1538,跌破
2024-10-06,146.48,146.515,跌破,142.8275,站上,147.0592,跌破
2024-10-07,143.96,147.136,跌破,142.508,站上,146.9078,跌破
2024-10-08,143.49,147.5935,跌破,142.2948,站上,146.7782,跌破
2024-10-09,139.33,147.4155,跌破,142.0502,跌破,146.695,跌破
2024-10-10,139.03,147.034,跌破,142.0078,跌破,146.5601,跌破
2024-10-11,145.53,146.84,跌破,141.9952,站上,146.5454,跌破
2024-10-12,146.4,146.9285,跌破,141.991,站上,146.5733,跌破
2024-10-13,147.74,147.076,站上,142.0582,站上,146.5918,站上
2024-10-14,157.59,147.319,站上,142.3083,站上,146.6442,站上
2024-10-15,154.76,147.658,站上,142.5703,站上,146.74,站上
2024-10-16,154.28,147.5945,站上,142.7762,站上,146.8806,站上
2024-10-17,150.5,147.2375,站上,142.9108,站上,147.0046,站上
2024-10-18,154.94,147.147,站上,143.0883,站上,147.1828,站上
2024-10-19,159.79,147.2135,站上,143.3803,站上,147.3928,站上
2024-10-20,167.4,147.959,站上,143.7905,站上,147.6737,站上
2024-10-21,166.17,149.011,站上,144.173,站上,147.986,站上
2024-10-22,167.59,150.3815,站上,144.4118,站上,148.2798,站上
2024-10-23,170.85,152.083,站上,144.5815,站上,148.5654,站上
2024-10-24,177.19,153.7805,站上,144.886,站上,148.9019,站上
2024-10-25,164.9,154.896,站上,145.0157,站上,149.0285,站上
2024-10-26,170.88,156.116,站上,145.4172,站上,149.2856,站上
2024-10-27,176.63,157.7495,站上,145.9618,站上,149.5885,站上
2024-10-28,178.29,159.4895,站上,146.6,站上,149.8525,站上
2024-10-29,179.42,161.494,站上,147.2905,站上,150.1254,站上
2024-10-30,174.87,163.286,站上,147.9492,站上,150.2991,站上
2024-10-31,168.69,164.444,站上,148.619,站上,150.5312,站上
2024-11-01,166.1,165.429,站上,149.1383,站上,150.8498,站上
2024-11-02,166.17,166.3505,跌破,149.7822,站上,151.1152,站上
2024-11-03,162.53,166.5975,跌破,150.2637,站上,151.2776,站上
2024-11-04,157.95,166.757,跌破,150.7393,站上,151.4968,站上
2024-11-05,166.62,167.374,跌破,151.4322,站上,151.7202,站上
2024-11-06,186.59,169.1785,站上,152.4135,站上,152.0967,站上
2024-11-07,196.35,171.249,站上,153.5168,站上,152.5498,站上
2024-11-08,199.85,173.252,站上,154.5963,站上,153.0841,站上
2024-11-09,199.89,174.8765,站上,155.6673,站上,153.5877,站上
2024-11-10,210.07,177.0715,站上,156.9615,站上,154.1557,站上
2024-11-11,222.13,179.7985,站上,158.3962,站上,154.7763,站上
2024-11-12,211.64,181.838,站上,159.6065,站上,155.2118,站上
2024-11-13,215.13,183.735,站上,160.9063,站上,155.6661,站上
2024-11-14,209.57,185.9685,站上,162.2097,站上,156.1167,站上
2024-11-15,218.45,188.347,站上,163.6593,站上,156.6103,站上
2024-11-16,215.71,190.301,站上,165.0622,站上,156.9984,站上
2024-11-17,237.47,193.26,站上,166.781,站上,157.5307,站上
2024-11-18,239.79,196.2785,站上,168.396,站上,157.9915,站上
2024-11-19,237.63,199.4165,站上,169.9122,站上,158.4809,站上
2024-11-20,235.48,202.756,站上,171.3467,站上,159.0013,站上
2024-11-21,256.37,207.2695,站上,173.209,站上,159.6539,站上
2024-11-22,256.9,211.806,站上,175.0775,站上,160.3627,站上
2024-11-23,254.89,216.424,站上,176.7802,站上,160.9612,站上
2024-11-24,252.73,221.163,站上,178.526,站上,161.5347,站上
2024-11-25,234.18,224.541,站上,179.8365,站上,161.9453,站上
2024-11-26,230.69,226.746,站上,181.054,站上,162.3463,站上
2024-11-27,241.96,229.0265,站上,182.4742,站上,162.8697,站上
2024-11-28,237.59,230.9135,站上,183.793,站上,163.4187,站上
2024-11-29,243.33,233.0855,站上,185.307,站上,164.0517,站上
2024-11-30,237.6,234.462,站上,186.8482,站上,164.7586,站上
2024-12-01,236.8,235.1955,站上,188.4585,站上,165.5443,站上
2024-12-02,225.72,235.8995,跌破,189.9402,站上,166.2725,站上
2024-12-03,233.92,236.839,跌破,191.4515,站上,167.1403,站上
2024-12-04,229.15,237.818,跌破,192.8942,站上,167.8466,站上
2024-12-05,235.84,238.6875,跌破,194.3835,站上,168.6055,站上
2024-12-06,236.87,239.7455,跌破,195.932,站上,169.22,站上
2024-12-07,238.14,239.779,跌破,197.5095,站上,169.9022,站上
2024-12-08,237.02,239.6405,跌破,199.1377,站上,170.5939,站上
2024-12-09,216.63,238.5905,跌破,200.431,站上,171.2194,站上
2024-12-10,213.6,237.4965,跌破,201.5655,站上,171.7803,站上
2024-12-11,227.29,236.0425,跌破,202.9137,站上,172.4523,站上
2024-12-12,226.96,234.5455,跌破,204.234,站上,173.1461,站上
2024-12-13,224.79,233.0405,跌破,205.354,站上,173.8312,站上
2024-12-14,219.93,231.4005,跌破,206.4402,站上,174.5053,站上
2024-12-15,224.27,230.905,跌破,207.6067,站上,175.1914,站上
2024-12-16,216.19,230.18,跌破,208.7015,站上,175.8062,站上
2024-12-17,223.15,229.2395,跌破,209.8383,站上,176.4633,站上
2024-12-18,206.53,227.6865,跌破,210.6173,跌破,176.9988,站上
2024-12-19,193.81,225.2105,跌破,211.0575,跌破,177.424,站上
2024-12-20,194.48,223.0545,跌破,211.5293,跌破,177.8512,站上
2024-12-21,181.45,220.287,跌破,211.7603,跌破,178.0861,站上
2024-12-22,180.52,218.027,跌破,211.9215,跌破,178.2515,站上
2024-12-23,190.11,215.8365,跌破,212.1368,跌破,178.5114,站上
2024-12-24,197.09,214.2335,跌破,212.6733,跌破,178.8445,站上
2024-12-25,197.44,212.3135,跌破,213.116,跌破,179.2666,站上
2024-12-26,188.46,209.893,跌破,213.3132,跌破,179.6375,站上
2024-12-27,184.22,207.197,跌破,213.412,跌破,180.006,站上
2024-12-28,195.5,205.121,跌破,213.68,跌破,180.4853,站上
2024-12-29,189.94,203.7865,跌破,213.9312,跌破,180.9402,站上
2024-12-30,191.38,202.6755,跌破,214.3093,跌破,181.4642,站上
2024-12-31,189.31,200.7765,跌破,214.6962,跌破,181.9172,站上
2025-01-01,194.28,199.1425,跌破,215.1647,跌破,182.4734,站上
2025-01-02,208.31,198.3185,站上,215.9277,跌破,183.0957,站上
2025-01-03,217.99,198.2215,站上,216.9283,站上,183.8338,站上
2025-01-04,216.67,197.8415,站上,217.7625,跌破,184.5973,站上
2025-01-05,213.41,197.7025,站上,218.2095,跌破,185.3115,站上
2025-01-06,218.22,197.456,站上,218.574,跌破,186.0454,站上
2025-01-07,202.17,197.238,站上,218.6127,跌破,186.6045,站上
2025-01-08,197.48,197.4215,站上,218.5725,跌破,187.1199,站上
2025-01-09,184.95,196.945,跌破,218.1538,跌破,187.5577,跌破
2025-01-10,187.68,197.2565,跌破,217.5797,跌破,187.9879,跌破
2025-01-11,188.09,197.635,跌破,217.1872,跌破,188.3968,跌破
2025-01-12,188.51,197.555,跌破,216.7435,跌破,188.8249,跌破
2025-01-13,182.87,196.844,跌破,216.2985,跌破,189.2541,跌破
2025-01-14,187.57,196.3505,跌破,215.7838,跌破,189.7216,跌破
2025-01-15,205.86,197.2205,站上,215.6197,跌破,190.3409,站上
2025-01-16,211.14,198.5665,站上,215.1808,跌破,190.9809,站上
2025-01-17,219.51,199.767,站上,214.8428,站上,191.6194,站上
2025-01-18,261.97,203.3685,站上,215.2485,站上,192.5803,站上
2025-01-19,252.42,206.4205,站上,215.5308,站上,193.4387,站上
2025-01-20,242.19,209.0645,站上,215.2945,站上,194.2517,站上
2025-01-21,250.33,211.867,站上,215.185,站上,195.1312,站上
2025-01-22,257.36,214.3195,站上,215.2262,站上,196.0032,站上
2025-01-23,253.11,216.0755,站上,215.2325,站上,196.8792,站上
2025-01-24,253.37,217.9105,站上,215.5523,站上,197.6944,站上
2025-01-25,256.41,220.0605,站上,215.981,站上,198.5175,站上
2025-01-26,240.5,221.1745,站上,215.9567,站上,199.2154,站上
2025-01-27,234.89,222.8105,站上,215.9117,站上,199.8523,站上
2025-01-28,227.06,224.2895,站上,215.6405,站上,200.4737,站上
2025-01-29,228.16,226.45,站上,215.4832,站上,201.1657,站上
2025-01-30,238.31,228.9815,站上,215.5083,站上,201.9834,站上
2025-01-31,231.77,231.1655,站上,215.6092,站上,202.7747,站上
2025-02-01,213.03,232.3915,跌破,215.261,跌破,203.3562,站上
2025-02-02,203.51,233.4235,跌破,214.8337,跌破,203.8639,跌破
2025-02-03,216.28,234.859,跌破,214.5077,站上,204.4456,站上
2025-02-04,206.64,234.898,跌破,214.0038,跌破,204.9679,站上
2025-02-05,196.12,234.147,跌破,213.3035,跌破,205.4065,跌破
2025-02-06,189.54,232.6485,跌破,212.5122,跌破,205.8249,跌破
2025-02-07,191.99,229.1495,跌破,212.1015,跌破,206.2663,跌破
2025-02-08,199.32,226.4945,跌破,211.8635,跌破,206.7145,跌破
2025-02-09,200.47,224.4085,跌破,211.4165,跌破,207.1651,跌破
2025-02-10,200.47,221.9155,跌破,210.975,跌破,207.6045,跌破
2025-02-11,197.96,218.9455,跌破,210.5278,跌破,207.9409,跌破
2025-02-12,196.78,216.129,跌破,210.142,跌破,208.2911,跌破
2025-02-13,194.25,213.173,跌破,209.6417,跌破,208.6242,跌破
2025-02-14,199.39,210.322,跌破,209.3617,跌破,209.0316,跌破
2025-02-15,194.48,208.021,跌破,208.8838,跌破,209.3611,跌破
2025-02-16,188.27,205.69,跌破,208.5795,跌破,209.5984,跌破
2025-02-17,177.53,203.2135,跌破,208.3082,跌破,209.6828,跌破
2025-02-18,169.32,200.2715,跌破,207.8888,跌破,209.7091,跌破
2025-02-19,168.93,196.8025,跌破,207.6802,跌破,209.7202,跌破
2025-02-20,176.0,194.014,跌破,207.6048,跌破,209.7632,跌破
2025-02-21,168.94,191.8095,跌破,207.252,跌破,209.6944,跌破
2025-02-22,172.07,190.2375,跌破,206.835,跌破,209.7542,跌破
2025-02-23,167.94,187.8205,跌破,206.3433,跌破,209.7297,跌破
2025-02-24,141.81,184.579,跌破,205.5658,跌破,209.4395,跌破
2025-02-25,144.33,181.9895,跌破,204.901,跌破,209.1565,跌破
2025-02-26,135.32,179.2785,跌破,203.898,跌破,208.789,跌破
2025-02-27,137.68,176.563,跌破,203.027,跌破,208.4791,跌破
2025-02-28,148.18,174.006,跌破,202.307,跌破,208.3082,跌破
2025-03-01,143.66,171.1655,跌破,201.5462,跌破,208.1212,跌破
2025-03-02,178.71,170.0775,站上,201.2867,跌破,208.2257,跌破
2025-03-03,142.16,167.2875,跌破,200.1842,跌破,208.0559,跌破
2025-03-04,144.79,164.688,跌破,198.9642,跌破,207.9462,跌破
2025-03-05,146.28,162.2895,跌破,197.791,跌破,207.7767,跌破
2025-03-06,143.31,159.4855,跌破,196.6227,跌破,207.4161,跌破
2025-03-07,139.39,156.731,跌破,195.3088,跌破,206.9414,跌破
2025-03-08,137.01,154.168,跌破,194.2228,跌破,206.4178,跌破
2025-03-09,126.51,151.617,跌破,193.04,跌破,205.8063,跌破
2025-03-10,118.32,149.067,跌破,191.9295,跌破,205.0417,跌破
2025-03-11,125.35,146.888,跌破,190.8907,跌破,204.2352,跌破
2025-03-12,126.62,144.419,跌破,189.8662,跌破,203.5267,跌破
2025-03-13,123.37,142.1405,跌破,188.7805,跌破,202.762,跌破
2025-03-14,133.54,140.214,跌破,187.9583,跌破,202.1284,跌破
2025-03-15,135.86,138.61,跌破,187.0965,跌破,201.4402,跌破
2025-03-16,126.13,137.826,跌破,185.7677,跌破,200.6937,跌破
2025-03-17,128.01,137.01,跌破,184.3822,跌破,199.7815,跌破
2025-03-18,125.33,136.5105,跌破,182.8125,跌破,198.8277,跌破
2025-03-19,135.33,136.393,跌破,180.7018,跌破,197.9752,跌破
2025-03-20,127.6,135.364,跌破,178.6215,跌破,197.0762,跌破
2025-03-21,128.48,134.605,跌破,176.7263,跌破,196.0104,跌破
2025-03-22,128.51,132.095,跌破,174.696,跌破,194.9405,跌破
2025-03-23,132.84,131.629,站上,172.6207,跌破,193.9234,跌破
2025-03-24,141.01,131.44,站上,170.7523,跌破,192.9924,跌破
2025-03-25,143.64,131.308,站上,168.9235,跌破,192.2379,跌破
2025-03-26,137.34,131.0095,站上,166.939,跌破,191.46,跌破
2025-03-27,138.43,130.9615,站上,165.2378,跌破,190.5972,跌破
2025-03-28,129.49,130.5855,跌破,163.4812,跌破,189.6964,跌破
2025-03-29,124.58,130.489,跌破,161.7732,跌破,188.7068,跌破
2025-03-30,124.82,130.814,跌破,160.0508,跌破,187.767,跌破
2025-03-31,124.54,130.7735,跌破,158.1547,跌破,186.8315,跌破
2025-04-01,126.67,130.776,跌破,156.403,跌破,186.0061,跌破
2025-04-02,117.42,130.4785,跌破,154.8095,跌破,185.0352,跌破
2025-04-03,117.17,129.66,跌破,153.3705,跌破,184.1021,跌破
2025-04-04,122.79,129.0065,跌破,151.8123,跌破,183.16,跌破
2025-04-05,120.32,128.716,跌破,150.3737,跌破,182.1887,跌破
2025-04-06,105.91,127.611,跌破,148.8702,跌破,181.0868,跌破
2025-04-07,106.99,126.694,跌破,147.4943,跌破,180.0033,跌破
2025-04-08,105.4,125.1975,跌破,146.0512,跌破,179.0763,跌破
2025-04-09,119.05,124.77,跌破,144.7133,跌破,178.2884,跌破
2025-04-10,112.81,123.9865,跌破,143.2523,跌破,177.3344,跌破
2025-04-11,121.41,123.6315,跌破,141.9347,跌破,176.4548,跌破
2025-04-12,132.24,123.6015,站上,140.8393,跌破,175.6836,跌破
2025-04-13,128.38,122.97,站上,139.6993,跌破,174.9207,跌破
2025-04-14,129.42,122.259,站上,138.6188,跌破,174.1303,跌破
2025-04-15,126.11,121.6975,站上,137.3975,跌破,173.3796,跌破
2025-04-16,131.33,121.3425,站上,136.345,跌破,172.6144,跌破
2025-04-17,134.83,121.6095,站上,135.4543,跌破,172.0169,跌破
2025-04-18,134.04,122.0825,站上,134.7295,跌破,171.5188,跌破
2025-04-19,139.87,122.835,站上,134.2387,站上,171.0637,跌破
2025-04-20,137.86,123.501,站上,133.7208,站上,170.7005,跌破
2025-04-21,136.56,123.9955,站上,133.0635,站上,170.3342,跌破
2025-04-22,148.79,125.564,站上,132.7277,站上,169.9898,跌破
2025-04-23,151.1,127.2605,站上,132.3782,站上,169.6066,跌破
2025-04-24,152.55,128.7485,站上,132.1217,站上,169.2325,跌破
2025-04-25,150.82,130.2735,站上,132.2718,站上,168.9188,跌破
2025-04-26,149.21,132.4385,站上,132.3532,站上,168.6271,跌破
2025-04-27,147.98,134.488,站上,132.5642,站上,168.2311,跌破
2025-04-28,147.84,136.61,站上,132.7335,站上,167.8803,跌破
2025-04-29,146.31,137.973,站上,132.7023,站上,167.5047,跌破
2025-04-30,147.54,139.7095,站上,132.767,站上,167.1566,跌破
2025-05-01,150.85,141.1815,站上,132.3027,站上,166.7947,跌破
2025-05-02,148.05,141.972,站上,132.4008,站上,166.2925,跌破
2025-05-03,146.71,142.8885,站上,132.4328,站上,165.6985,跌破
2025-05-04,143.95,143.615,站上,132.394,站上,165.0925,跌破
2025-05-05,146.72,144.6455,站上,132.4508,站上,164.5368,跌破
2025-05-06,146.88,145.423,站上,132.5757,站上,163.9423,跌破
2025-05-07,147.32,146.0475,站上,132.7475,站上,163.4852,跌破
2025-05-08,164.46,147.5685,站上,133.38,站上,163.21,站上
2025-05-09,172.78,149.214,站上,134.2877,站上,163.1086,站上
2025-05-10,177.89,151.2155,站上,135.1633,站上,163.027,站上
2025-05-11,173.19,153.047,站上,135.9395,站上,162.9028,站上
2025-05-12,174.22,154.3185,站上,136.787,站上,162.7837,站上
2025-05-13,183.75,155.951,站上,137.6238,站上,162.7911,站上
2025-05-14,176.64,157.1555,站上,138.3035,站上,162.7,站上
2025-05-15,169.16,158.0725,站上,139.0207,站上,162.3942,站上
2025-05-16,167.4,158.982,站上,139.6772,站上,162.0297,站上
2025-05-17,165.94,159.88,站上,140.354,站上,161.5833,站上
2025-05-18,173.3,161.153,站上,140.9868,站上,160.8443,站上
2025-05-19,166.86,162.1805,站上,141.6412,站上,160.1313,站上
2025-05-20,168.59,163.233,站上,142.3097,站上,159.518,站上
2025-05-21,173.53,164.367,站上,143.06,站上,158.878,站上
2025-05-22,179.68,165.9485,站上,143.8407,站上,158.2307,站上
2025-05-23,174.01,167.3135,站上,144.3907,站上,157.5715,站上
2025-05-24,175.87,168.9095,站上,144.9278,站上,156.9257,站上
2025-05-25,175.74,170.3605,站上,145.5678,站上,156.2534,站上
2025-05-26,174.91,171.762,站上,146.1758,站上,155.7068,站上
2025-05-27,176.71,173.2315,站上,146.9628,站上,155.222,站上
2025-05-28,172.21,173.619,跌破,147.7567,站上,154.7649,站上
2025-05-29,166.71,173.3155,跌破,148.4548,站上,154.2528,站上
2025-05-30,156.2,172.231,跌破,148.9825,站上,153.5686,站上
2025-05-31,156.45,171.394,跌破,149.4788,站上,152.9409,站上
2025-06-01,157.68,170.567,跌破,150.1498,站上,152.4797,站上
2025-06-02,156.83,169.221,跌破,150.8108,站上,152.0907,站上
2025-06-03,155.19,168.1485,跌破,151.3508,站上,151.5816,站上
2025-06-04,153.26,167.3535,跌破,151.8998,站上,151.1368,站上
2025-06-05,144.29,166.198,跌破,152.5395,跌破,150.7048,跌破
2025-06-06,147.83,165.2925,跌破,153.2202,跌破,150.3572,跌破
2025-06-07,150.06,164.1305,跌破,153.9645,跌破,150.0078,站上
2025-06-08,152.45,163.41,跌破,154.5212,跌破,149.6172,站上
2025-06-09,161.16,163.0385,跌破,155.327,站上,149.2897,站上
2025-06-10,165.12,162.618,站上,156.0555,站上,148.9951,站上
2025-06-11,160.97,161.6825,跌破,156.5343,站上,148.6868,站上
2025-06-12,152.32,160.598,跌破,156.9333,跌破,148.3163,站上
2025-06-13,148.6,159.2345,跌破,157.253,跌破,147.9359,站上
2025-06-14,144.64,157.6795,跌破,157.5618,跌破,147.4797,跌破
2025-06-15,152.97,156.5825,跌破,157.9225,跌破,147.1337,站上
2025-06-16,150.72,155.283,跌破,158.1873,跌破,146.8208,站上
2025-06-17,147.57,154.051,跌破,158.4128,跌破,146.5712,站上
2025-06-18,146.34,153.0325,跌破,158.5207,跌破,146.3797,跌破
2025-06-19,147.04,152.5745,跌破,158.6737,跌破,146.1972,站上
2025-06-20,140.11,151.7575,跌破,158.7328,跌破,145.8982,跌破
2025-06-21,135.43,150.645,跌破,158.5102,跌破,145.6189,跌破
2025-06-22,131.71,149.389,跌破,158.187,跌破,145.2826,跌破
2025-06-23,144.51,148.855,跌破,158.053,跌破,145.0873,跌破
2025-06-24,145.92,148.488,跌破,157.9713,跌破,145.1216,站上
2025-06-25,143.57,148.452,跌破,157.8773,跌破,145.1153,跌破
2025-06-26,139.06,148.0135,跌破,157.7287,跌破,145.1464,跌破
2025-06-27,142.09,147.615,跌破,157.6328,跌破,145.1832,跌破
2025-06-28,150.72,147.5285,站上,157.7063,跌破,145.2043,站上
2025-06-29,153.32,147.1365,站上,157.8027,跌破,145.2848,站上
2025-06-30,154.81,146.621,站上,157.8687,跌破,145.0857,站上
2025-07-01,146.88,145.9165,站上,157.8492,跌破,145.125,站上
2025-07-02,152.27,145.914,站上,157.9418,跌破,145.1873,站上
2025-07-03,152.36,146.102,站上,158.082,跌破,145.238,站上
2025-07-04,147.7,146.255,站上,158.0983,跌破,145.2746,站上
2025-07-05,147.55,145.984,站上,158.1095,跌破,145.3426,站上
2025-07-06,151.86,146.041,站上,158.1852,跌破,145.4663,站上
2025-07-07,148.88,146.1065,站上,157.9255,跌破,145.6528,站上
2025-07-08,151.67,146.373,站上,157.5737,跌破,145.9307,站上
2025-07-09,157.05,146.8735,站上,157.2263,跌破,146.1948,站上
2025-07-10,164.34,148.085,站上,157.0788,站上,146.5092,站上
2025-07-11,162.93,149.46,站上,156.8907,站上,146.8388,站上
2025-07-12,160.69,150.909,站上,156.5063,站上,147.0651,站上
2025-07-13,161.15,151.741,站上,156.2482,站上,147.2758,站上
2025-07-14,162.21,152.5555,站上,156.1323,站上,147.5765,站上
2025-07-15,163.98,153.576,站上,156.0753,站上,147.8762,站上
2025-07-16,173.63,155.3045,站上,156.2035,站上,148.2788,站上
2025-07-17,175.87,156.9935,站上,156.2463,站上,148.6166,站上
2025-07-18,177.28,158.3215,站上,156.42,站上,149.0306,站上
2025-07-19,176.96,159.5035,站上,156.5595,站上,149.4346,站上
2025-07-20,181.43,160.8345,站上,156.6912,站上,149.8756,站上
2025-07-21,195.72,163.2765,站上,156.9585,站上,150.3996,站上
2025-07-22,205.7,165.948,站上,157.4867,站上,150.9387,站上
2025-07-23,189.4,167.8,站上,157.7122,站上,151.32,站上
2025-07-24,182.87,169.5585,站上,157.831,站上,151.6994,站上
2025-07-25,186.76,171.519,站上,158.0285,站上,152.1022,站上
2025-07-26,184.88,173.17,站上,158.1647,站上,152.5637,站上
2025-07-27,188.64,175.158,站上,158.4385,站上,153.0976,站上
2025-07-28,183.11,176.73,站上,158.7118,站上,153.5833,站上
2025-07-29,181.48,177.9515,站上,159.1332,站上,154.0578,站上
2025-07-30,177.77,178.623,跌破,159.4885,站上,154.4837,站上
2025-07-31,172.22,179.0875,跌破,159.7308,站上,154.9403,站上
2025-08-01,162.71,179.1885,跌破,159.8288,站上,155.3198,站上
2025-08-02,158.48,179.055,跌破,159.8837,跌破,155.6172,站上
2025-08-03,161.97,179.043,跌破,160.0288,站上,155.9643,站上
2025-08-04,169.55,179.3215,跌破,160.4498,站上,156.4947,站上
2025-08-05,164.09,178.8445,跌破,160.7208,站上,156.9705,站上
2025-08-06,168.09,178.4555,跌破,161.0213,站上,157.4929,站上
2025-08-07,175.36,178.3595,跌破,161.4032,站上,157.9622,站上
2025-08-08,176.78,178.3505,跌破,161.6635,站上,158.4952,站上
2025-08-09,179.95,178.2765,站上,161.9107,站上,158.9831,站上
2025-08-10,182.66,177.6235,站上,162.2722,站上,159.4032,站上
2025-08-11,174.84,176.0805,跌破,162.6475,站上,159.7904,站上
2025-08-12,191.78,176.1995,站上,163.3672,站上,160.3101,站上
2025-08-13,201.51,177.1315,站上,164.315,站上,160.9384,站上
2025-08-14,192.47,177.417,站上,164.9733,站上,161.4479,站上
2025-08-15,185.72,177.459,站上,165.5567,站上,161.872,站上
2025-08-16,189.6,177.507,站上,166.2572,站上,162.335,站上
2025-08-17,190.99,177.901,站上,167.0013,站上,162.761,站上
2025-08-18,182.94,177.974,站上,167.5997,站上,163.1367,站上
2025-08-19,176.22,177.8965,跌破,168.2015,站上,163.4672,站上
2025-08-20,187.94,178.6825,站上,169.0767,站上,163.7934,站上
2025-08-21,180.29,179.5615,站上,169.8863,站上,164.0367,站上
2025-08-22,200.69,181.672,站上,170.8227,站上,164.4378,站上
2025-08-23,204.14,183.7805,站上,171.793,站上,164.8822,站上
2025-08-24,205.98,185.602,站上,172.8332,站上,165.3553,站上
2025-08-25,187.2,186.7575,站上,173.6355,站上,165.6821,站上
2025-08-26,195.86,188.146,站上,174.5317,站上,166.0822,站上
2025-08-27,202.95,189.5255,站上,175.4022,站上,166.5542,站上
2025-08-28,214.43,191.408,站上,176.4207,站上,167.1117,站上
2025-08-29,205.08,192.6645,站上,177.2585,站上,167.5636,站上
2025-08-30,202.7,193.6665,站上,178.1888,站上,168.019,站上
2025-08-31,200.62,194.9555,站上,178.9947,站上,168.4682,站上
2025-09-01,197.32,195.2325,站上,179.744,站上,168.913,站上
2025-09-02,209.65,195.6395,站上,180.7765,站上,169.4374,站上
2025-09-03,210.77,196.5545,站上,181.8302,站上,169.9698,站上
2025-09-04,202.32,197.3845,站上,182.6712,站上,170.4282,站上
2025-09-05,203.36,198.0725,站上,183.5792,站上,170.7523,站上
2025-09-06,200.16,198.531,站上,184.3873,站上,170.9805,站上
2025-09-07,206.35,199.7015,站上,185.209,站上,171.2177,站上
2025-09-08,214.11,201.596,站上,186.0385,站上,171.5587,站上
2025-09-09,217.21,203.0595,站上,186.9432,站上,171.9169,站上
2025-09-10,224.07,205.2485,站上,187.9995,站上,172.2529,站上
2025-09-11,228.73,206.6505,站上,189.1258,站上,172.687,站上
2025-09-12,242.18,208.5525,站上,190.4587,站上,173.2955,站上
2025-09-13,242.38,210.3725,站上,191.7653,站上,173.9203,站上
2025-09-14,239.76,213.0005,站上,192.8675,站上,174.5355,站上
2025-09-15,234.31,214.923,站上,193.8415,站上,175.0439,站上
2025-09-16,236.96,216.6235,站上,194.8362,站上,175.6281,站上
2025-09-17,244.84,218.144,站上,195.9675,站上,176.2635,站上
2025-09-18,247.5,220.265,站上,197.0687,站上,176.8799,站上
2025-09-19,238.53,222.0565,站上,197.7822,站上,177.3703,站上
2025-09-20,239.48,223.9995,站上,198.3452,站上,177.9159,站上
2025-09-21,236.16,225.9415,站上,199.1245,站上,178.4183,站上
2025-09-22,220.38,226.478,跌破,199.7497,站上,178.7903,站上
2025-09-23,213.3,226.6045,跌破,200.192,站上,179.1103,站上
2025-09-24,211.6,227.0685,跌破,200.6373,站上,179.401,站上
2025-09-25,192.74,226.5375,跌破,200.7057,跌破,179.5721,站上
2025-09-26,205.17,226.788,跌破,201.0733,站上,179.8926,站上
2025-09-27,203.46,226.6435,跌破,201.4397,站上,180.2864,站上
2025-09-28,210.83,226.4795,跌破,201.9907,站上,180.7396,站上
2025-09-29,212.75,226.2565,跌破,202.6662,站上,181.1985,站上
2025-09-30,208.68,225.487,跌破,203.4323,站上,181.6306,站上
2025-10-01,222.04,225.1525,跌破,204.4917,站上,182.1877,站上
2025-10-02,234.74,224.7805,站上,205.7045,站上,182.8667,站上
2025-10-03,232.84,224.3035,站上,206.7593,站上,183.6046,站上
2025-10-04,227.86,223.7085,站上,207.8222,站上,184.2715,站上
2025-10-05,228.56,223.421,站上,208.83,站上,184.9257,站上
2025-10-06,232.35,223.1905,站上,209.7798,站上,185.5915,站上
2025-10-07,219.97,221.947,跌破,210.4997,站上,186.0816,站上
2025-10-08,229.02,221.023,站上,211.3175,站上,186.6141,站上
2025-10-09,220.93,220.143,站上,211.9553,站上,187.1138,站上
2025-10-10,188.43,217.5905,跌破,212.1818,跌破,187.4147,站上
2025-10-11,177.62,214.6635,跌破,211.9458,跌破,187.6565,跌破
2025-10-12,197.0,213.4945,跌破,211.8707,跌破,188.0928,站上
2025-10-13,208.69,213.264,跌破,212.141,跌破,188.5572,站上
2025-10-14,202.44,212.806,跌破,212.4197,跌破,188.9882,站上
2025-10-15,193.84,212.861,跌破,212.4903,跌破,189.3738,站上
2025-10-16,184.85,211.845,跌破,212.388,跌破,189.6947,跌破
2025-10-17,181.96,210.77,跌破,212.3717,跌破,189.9857,跌破
2025-10-18,187.56,209.6065,跌破,212.5607,跌破,190.3811,跌破
2025-10-19,187.86,208.362,跌破,212.5593,跌破,190.818,跌破
2025-10-20,189.71,207.4135,跌破,212.7163,跌破,191.3013,跌破
2025-10-21,185.63,205.593,跌破,212.4653,跌破,191.644,跌破
2025-10-22,180.12,202.862,跌破,212.065,跌破,191.929,跌破
2025-10-23,191.35,200.7875,跌破,211.8212,跌破,192.3272,跌破
2025-10-24,193.59,199.074,跌破,211.9277,跌破,192.7816,站上
2025-10-25,193.84,197.338,跌破,211.894,跌破,193.2128,站上
2025-10-26,200.03,195.722,站上,211.8453,跌破,193.6238,站上
2025-10-27,198.7,194.6585,站上,211.5832,跌破,194.0019,站上
2025-10-28,194.15,192.915,站上,211.401,跌破,194.3297,跌破
2025-10-29,193.88,191.5625,站上,211.254,跌破,194.7214,跌破
2025-10-30,184.69,191.3755,跌破,210.9885,跌破,194.9916,跌破
2025-10-31,187.21,191.855,跌破,210.82,跌破,195.282,跌破
2025-11-01,186.35,191.3225,跌破,210.4317,跌破,195.6041,跌破
2025-11-02,187.71,190.2735,跌破,210.0473,跌破,195.9387,跌破
2025-11-03,166.06,188.4545,跌破,209.443,跌破,196.0571,跌破
2025-11-04,155.03,186.514,跌破,208.6375,跌破,196.1083,跌破
2025-11-05,162.37,185.39,跌破,208.0077,跌破,196.1975,跌破
2025-11-06,155.28,184.056,跌破,207.1565,跌破,196.1827,跌破
2025-11-07,161.79,182.7675,跌破,206.2845,跌破,196.1615,跌破
2025-11-08,158.02,181.2755,跌破,205.298,跌破,196.1206,跌破
2025-11-09,164.53,180.0165,跌破,204.3057,跌破,196.1526,跌破
2025-11-10,167.31,179.1005,跌破,203.282,跌破,196.2039,跌破
2025-11-11,154.63,177.826,跌破,201.8228,跌破,196.1407,跌破
2025-11-12,153.42,175.9295,跌破,200.3402,跌破,196.0528,跌破
2025-11-13,144.73,173.4865,跌破,198.7563,跌破,195.8119,跌破
2025-11-14,138.92,170.7405,跌破,197.1665,跌破,195.504,跌破
2025-11-15,139.61,167.7195,跌破,195.544,跌破,195.1901,跌破
2025-11-16,137.17,164.643,跌破,193.7495,跌破,194.8585,跌破
2025-11-17,130.99,161.485,跌破,191.8077,跌破,194.4382,跌破
2025-11-18,140.69,158.8255,跌破,190.177,跌破,193.9796,跌破
2025-11-19,137.06,156.444,跌破,188.47,跌破,193.4076,跌破
2025-11-20,133.67,153.767,跌破,186.7618,跌破,192.9432,跌破
2025-11-21,128.68,150.8835,跌破,185.2335,跌破,192.4916,跌破
2025-11-22,127.59,147.8775,跌破,183.805,跌破,191.9985,跌破
2025-11-23,130.58,146.1035,跌破,182.4547,跌破,191.546,跌破
2025-11-24,138.44,145.274,跌破,181.5497,跌破,191.1277,跌破
2025-11-25,138.96,144.1035,跌破,180.4462,跌破,190.7597,跌破
2025-11-26,143.02,143.4905,跌破,179.4388,跌破,190.4392,跌破
2025-11-27,140.85,142.4435,跌破,178.2725,跌破,190.1316,跌破
2025-11-28,137.33,141.409,跌破,177.0155,跌破,189.8408,跌破
2025-11-29,135.91,139.978,跌破,175.8027,跌破,189.6175,跌破
2025-11-30,133.48,138.2865,跌破,174.3267,跌破,189.4092,跌破
2025-12-01,126.66,136.888,跌破,172.5253,跌破,189.1149,跌破
2025-12-02,138.68,136.151,站上,170.956,跌破,188.8577,跌破
2025-12-03,144.67,136.148,站上,169.5695,跌破,188.6958,跌破
2025-12-04,139.01,136.1525,站上,168.077,跌破,188.4535,跌破
2025-12-05,133.29,135.8365,跌破,166.426,跌破,188.1029,跌破
2025-12-06,132.19,135.5875,跌破,164.963,跌破,187.7313,跌破
2025-12-07,132.24,135.65,跌破,163.35,跌破,187.3337,跌破
2025-12-08,133.25,135.278,跌破,161.8887,跌破,186.922,跌破
2025-12-09,137.88,135.319,站上,161.0462,跌破,186.614,跌破
2025-12-10,136.26,135.4485,站上,160.3568,跌破,186.1513,跌破
2025-12-11,136.41,135.835,站上,159.347,跌破,185.6088,跌破
2025-12-12,132.27,136.069,跌破,158.0733,跌破,185.1072,跌破
2025-12-13,133.14,136.197,跌破,156.9183,跌破,184.669,跌破
2025-12-14,129.4,135.745,跌破,155.8443,跌破,184.1673,跌破
2025-12-15,127.81,135.1875,跌破,154.8937,跌破,183.6408,跌破
2025-12-16,129.15,134.494,跌破,154.0135,跌破,183.1926,跌破
2025-12-17,123.27,133.615,跌破,152.942,跌破,182.7513,跌破
2025-12-18,119.6,132.7285,跌破,151.8043,跌破,182.1818,跌破
2025-12-19,126.27,132.2465,跌破,150.747,跌破,181.7317,跌破
2025-12-20,125.81,131.863,跌破,149.75,跌破,181.1077,跌破
2025-12-21,126.03,131.8315,跌破,148.8485,跌破,180.4567,跌破
2025-12-22,125.93,131.194,跌破,147.7582,跌破,179.7897,跌破
2025-12-23,124.01,130.161,跌破,146.5985,跌破,179.2631,跌破
2025-12-24,122.53,129.337,跌破,145.41,跌破,178.652,跌破
2025-12-25,120.06,128.6755,跌破,144.0772,跌破,177.9612,跌破
2025-12-26,122.26,128.179,跌破,142.8032,跌破,177.1932,跌破
2025-12-27,124.73,127.8035,跌破,141.6462,跌破,176.5236,跌破
2025-12-28,125.27,127.4045,跌破,140.5027,跌破,175.8783,跌破
2025-12-29,123.28,126.6745,跌破,139.4792,跌破,175.2338,跌破
2025-12-30,125.01,126.112,跌破,138.4425,跌破,174.6312,跌破
2025-12-31,124.65,125.524,跌破,137.4142,跌破,173.9229,跌破
2026-01-01,126.9,125.2555,站上,136.4007,跌破,173.224,跌破
2026-01-02,132.29,125.213,站上,135.8378,跌破,172.6404,跌破
2026-01-03,133.37,125.4115,站上,135.4768,跌破,172.0572,跌破
2026-01-04,134.12,125.727,站上,135.006,跌破,171.5068,跌破
2026-01-05,137.9,126.1645,站上,134.7163,站上,170.9364,跌破
2026-01-06,141.08,127.055,站上,134.3712,站上,170.3278,跌破
2026-01-07,136.39,127.8945,站上,134.0107,站上,169.6543,跌破
2026-01-08,138.37,128.4995,站上,133.5747,站上,168.9402,跌破
2026-01-09,135.97,129.0075,站上,133.0523,站上,168.1672,跌破
2026-01-10,135.84,129.498,站上,132.7392,站上,167.281,跌破
2026-01-11,139.7,130.1865,站上,132.5105,站上,166.4253,跌破
2026-01-12,139.22,130.947,站上,132.4187,站上,165.5875,跌破
2026-01-13,145.51,132.096,站上,132.5285,站上,164.8475,跌破
2026-01-14,146.69,133.4275,站上,132.6465,站上,164.0952,跌破
2026-01-15,142.4,134.4345,站上,132.7337,站上,163.2416,跌破
2026-01-16,144.89,135.4425,站上,132.9653,站上,162.3865,跌破
2026-01-17,143.72,136.365,站上,133.0158,站上,161.5964,跌破
2026-01-18,137.87,137.0945,站上,133.0293,站上,160.7497,跌破
2026-01-19,133.44,137.516,跌破,133.0255,站上,159.8937,跌破
2026-01-20,125.8,137.5735,跌破,132.9775,跌破,159.1055,跌破
2026-01-21,129.54,137.7055,跌破,133.01,跌破,158.4075,跌破
2026-01-22,128.47,137.5145,跌破,132.9748,跌破,157.7148,跌破
2026-01-23,127.43,137.2175,跌破,132.7913,跌破,157.1705,跌破
2026-01-24,127.21,136.872,跌破,132.5955,跌破,156.5208,跌破
2026-01-25,118.85,135.9195,跌破,132.1927,跌破,155.8158,跌破
2026-01-26,124.24,135.0775,跌破,131.9158,跌破,155.0942,跌破
2026-01-27,127.19,134.6175,跌破,131.7468,跌破,154.3812,跌破
2026-01-28,125.35,133.9665,跌破,131.5708,跌破,153.6867,跌破
2026-01-29,117.82,133.059,跌破,131.3098,跌破,152.8182,跌破
2026-01-30,117.59,132.1465,跌破,131.1587,跌破,151.842,跌破
2026-01-31,105.58,130.4405,跌破,130.607,跌破,150.7815,跌破
2026-02-01,100.79,128.519,跌破,129.8757,跌破,149.7226,跌破
2026-02-02,104.55,126.471,跌破,129.3013,跌破,148.6892,跌破
2026-02-03,97.89,124.031,跌破,128.7113,跌破,147.5687,跌破
2026-02-04,92.12,121.517,跌破,128.0435,跌破,146.5033,跌破
2026-02-05,78.35,118.19,跌破,127.1453,跌破,145.2477,跌破
2026-02-06,87.46,115.377,跌破,126.3822,跌破,144.1354,跌破
2026-02-07,87.59,112.863,跌破,125.544,跌破,143.2951,跌破
2026-02-08,86.99,110.5405,跌破,124.7228,跌破,142.5398,跌破
2026-02-09,86.77,108.589,跌破,123.8955,跌破,141.6213,跌破
2026-02-10,82.99,106.2615,跌破,123.0742,跌破,140.5737,跌破
2026-02-11,79.3,103.803,跌破,122.1768,跌破,139.5476,跌破
2026-02-12,78.4,101.3515,跌破,121.3268,跌破,138.5856,跌破
2026-02-13,84.33,99.2075,跌破,120.6022,跌破,137.7479,跌破
2026-02-14,88.06,97.668,跌破,119.9173,跌破,136.9654,跌破
2026-02-15,86.16,95.764,跌破,119.2988,跌破,136.1204,跌破
2026-02-16,86.45,93.727,跌破,118.7463,跌破,135.2753,跌破
2026-02-17,85.08,91.7135,跌破,118.0598,跌破,134.4034,跌破
2026-02-18,81.61,89.903,跌破,117.3232,跌破,133.5366,跌破
2026-02-19,82.5,88.1485,跌破,116.5977,跌破,132.7231,跌破
2026-02-20,84.67,87.103,跌破,115.91,跌破,131.8341,跌破
2026-02-21,85.17,86.322,跌破,115.2627,跌破,130.9306,跌破
2026-02-22,82.79,85.234,跌破,114.6003,跌破,130.0052,跌破
2026-02-23,77.9,84.2345,跌破,113.8977,跌破,128.9874,跌破
2026-02-24,78.99,83.578,跌破,113.1765,跌破,127.9898,跌破
2026-02-25,88.06,84.0635,站上,112.5653,跌破,127.1058,跌破
2026-02-26,85.91,83.986,站上,111.9093,跌破,126.206,跌破
2026-02-27,81.85,83.699,跌破,111.2188,跌破,125.349,跌破
2026-02-28,84.35,83.567,站上,110.5412,跌破,124.4918,跌破
2026-03-01,83.6,83.4085,站上,109.857,跌破,123.6356,跌破
2026-03-02,86.64,83.591,站上,109.186,跌破,122.7933,跌破
2026-03-03,86.97,83.9745,站上,108.4307,跌破,122.1343,跌破
2026-03-04,90.85,84.597,站上,107.722,跌破,121.5994,跌破
2026-03-05,88.77,84.819,站上,106.9662,跌破,120.9861,跌破
2026-03-06,84.7,84.651,站上,106.0795,跌破,120.3979,跌破
2026-03-07,83.22,84.504,跌破,105.1152,跌破,119.7432,跌破
2026-03-08,81.59,84.261,跌破,104.2018,跌破,119.1063,跌破
2026-03-09,84.96,84.255,站上,103.3117,跌破,118.4432,跌破
2026-03-10,85.88,84.4685,站上,102.4768,跌破,117.7646,跌破
2026-03-11,86.58,84.6725,站上,101.6558,跌破,117.1975,跌破
2026-03-12,86.84,84.781,站上,100.7748,跌破,116.6427,跌破
2026-03-13,88.18,84.9315,站上,99.9242,跌破,116.1714,跌破
2026-03-14,88.03,85.1935,站上,98.9662,跌破,115.7473,跌破
2026-03-15,92.3,85.9135,站上,98.0597,跌破,115.3531,跌破
2026-03-16,96.2,86.774,站上,97.2897,跌破,115.0117,跌破
2026-03-17,94.62,87.102,站上,96.4518,跌破,114.7086,跌破
2026-03-18,90.08,87.3105,站上,95.5578,跌破,114.2868,跌破
2026-03-19,88.89,87.6625,站上,94.7415,跌破,113.8854,跌破
2026-03-20,89.84,87.937,站上,94.0148,跌破,113.5202,跌破
2026-03-21,87.56,88.135,跌破,93.3775,跌破,113.1775,跌破
2026-03-22,86.2,88.113,跌破,92.6552,跌破,112.8326,跌破
2026-03-23,91.43,88.336,站上,92.0378,跌破,112.5063,跌破
2026-03-24,90.8,88.3335,站上,91.4273,跌破,112.1093,跌破
2026-03-25,91.7,88.48,站上,90.8355,站上,111.7155,跌破
2026-03-26,86.53,88.5715,跌破,90.2968,跌破,111.2448,跌破
2026-03-27,83.11,88.566,跌破,89.6113,跌破,110.7636,跌破
2026-03-28,82.09,88.591,跌破,88.8597,跌破,110.3032,跌破
2026-03-29,81.44,88.415,跌破,88.1278,跌破,109.8493,跌破
2026-03-30,82.54,88.248,跌破,87.5398,跌破,109.4248,跌破
2026-03-31,83.2,88.079,跌破,86.9667,跌破,109.0627,跌破
2026-04-01,81.18,87.796,跌破,86.56,跌破,108.5835,跌破
2026-04-02,78.94,87.334,跌破,86.1958,跌破,108.0358,跌破
2026-04-03,80.4,86.9525,跌破,85.7933,跌破,107.5473,跌破
2026-04-04,80.83,86.379,跌破,85.509,跌破,107.1102,跌破
2026-04-05,81.89,85.6635,跌破,85.3385,跌破,106.691,跌破
2026-04-06,80.03,84.934,跌破,85.3665,跌破,106.2559,跌破
2026-04-07,85.56,84.708,站上,85.3348,站上,105.8585,跌破
2026-04-08,82.57,84.392,跌破,85.2512,跌破,105.3976,跌破
2026-04-09,83.33,84.0665,跌破,85.1902,跌破,104.9565,跌破
2026-04-10,84.83,83.93,站上,85.1578,跌破,104.5267,跌破
2026-04-11,84.93,83.8665,站上,85.1902,跌破,104.1322,跌破
2026-04-12,81.53,83.3715,跌破,85.2273,跌破,103.7021,跌破
2026-04-13,86.51,83.157,站上,85.3625,站上,103.3447,跌破
2026-04-14,83.72,82.758,站上,85.3523,跌破,102.9772,跌破
2026-04-15,84.9,82.6765,站上,85.2997,跌破,102.6085,跌破
2026-04-16,89.05,82.9735,站上,85.3478,站上,102.3233,跌破
2026-04-17,88.76,83.307,站上,85.3863,站上,102.0663,跌破
2026-04-18,86.16,83.543,站上,85.4043,站上,101.7321,跌破
2026-04-19,83.47,83.5895,跌破,85.4353,跌破,101.3792,跌破
2026-04-20,85.28,83.6935,站上,85.4817,跌破,101.0397,跌破
2026-04-21,86.03,83.936,站上,85.5043,站上,100.7072,跌破
2026-04-22,86.87,84.3325,站上,85.5327,站上,100.3977,跌破
2026-04-23,86.12,84.6185,站上,85.5882,站上,100.0943,跌破
2026-04-24,86.18,84.886,站上,85.7262,站上,99.8119,跌破
2026-04-25,86.18,85.1005,站上,85.846,站上,99.5113,跌破
2026-04-26,86.93,85.4455,站上,85.8272,站上,99.1962,跌破
2026-04-27,84.82,85.4085,跌破,85.809,跌破,98.8592,跌破
2026-04-28,84.06,85.483,跌破,85.8458,跌破,98.5323,跌破
2026-04-29,83.04,85.4685,跌破,85.824,跌破,98.1826,跌破
2026-04-30,83.09,85.3815,跌破,85.8155,跌破,97.8363,跌破
2026-05-01,83.76,85.323,跌破,85.7675,跌破,97.4767,跌破
2026-05-02,84.26,85.4595,跌破,85.7223,跌破,97.0765,跌破
2026-05-03,83.91,85.3295,跌破,85.6067,跌破,96.6643,跌破
2026-05-04,84.1,85.3485,跌破,85.5288,跌破,96.2475,跌破
2026-05-05,86.29,85.418,站上,85.5553,站上,95.8174,跌破
2026-05-06,89.16,85.4235,站上,85.6543,站上,95.3847,跌破
2026-05-07,88.42,85.4065,站上,85.7682,站上,94.985,跌破
2026-05-08,92.01,85.699,站上,85.8857,站上,94.5987,跌破
2026-05-09,93.13,86.182,站上,86.0065,站上,94.2417,跌破
2026-05-10,96.47,86.7415,站上,86.1713,站上,93.9136,站上
2026-05-11,97.37,87.3085,站上,86.3468,站上,93.5608,站上
2026-05-12,94.28,87.679,站上,86.4485,站上,93.1863,站上
2026-05-13,91.17,87.9315,站上,86.5008,站上,92.7335,跌破
2026-05-14,92.15,88.23,站上,86.4983,站上,92.279,跌破
2026-05-15,89.24,88.383,站上,86.3823,站上,91.836,跌破
2026-05-16,86.54,88.3635,跌破,86.2477,站上,91.3498,跌破
2026-05-17,85.24,88.3845,跌破,86.167,跌破,90.8624,跌破
2026-05-18,85.38,88.4505,跌破,86.1085,跌破,90.425,跌破
2026-05-19,84.29,88.513,跌破,86.016,跌破,90.0154,跌破
2026-05-20,86.17,88.667,跌破,85.9928,站上,89.6852,跌破
2026-05-21,87.36,88.847,跌破,86.0122,站上,89.3337,跌破
2026-05-22,84.4,88.854,跌破,85.895,跌破,88.9664,跌破
2026-05-23,85.75,88.946,跌破,85.8108,跌破,88.6191,跌破
2026-05-24,85.27,89.0045,跌破,85.7037,跌破,88.2696,跌破
2026-05-25,85.06,88.943,跌破,85.6792,跌破,87.988,跌破
2026-05-26,83.72,88.671,跌破,85.6893,跌破,87.6503,跌破
2026-05-27,82.44,88.372,跌破,85.6952,跌破,87.2774,跌破
2026-05-28,82.11,87.877,跌破,85.7063,跌破,86.9171,跌破
2026-05-29,82.04,87.3225,跌破,85.698,跌破,86.6189,跌破
2026-05-30,82.73,86.6355,跌破,85.6902,跌破,86.3284,跌破
2026-05-31,82.44,85.889,跌破,85.7112,跌破,86.1356,跌破
