date,ratio,percentile_90d
2021-06-01,2606.42065691,
2021-06-02,2642.5349087,
2021-06-03,2734.21052632,
2021-06-04,2777.55860787,
2021-06-05,2846.9447454,
2021-06-06,2863.69588173,
2021-06-07,3007.71640752,
2021-06-08,2871.6412782,
2021-06-09,2831.61206335,
2021-06-10,2844.9113516,
2021-06-11,2778.9044977,
2021-06-12,2847.39370646,
2021-06-13,2841.17980072,
2021-06-14,2897.78800808,
2021-06-15,2936.09604063,
2021-06-16,2846.02163462,
2021-06-17,2818.9571208,
2021-06-18,2802.42097341,
2021-06-19,2855.01187022,
2021-06-20,2898.16561168,
2021-06-21,3107.77979232,
2021-06-22,3436.86905633,
2021-06-23,3083.4090553,
2021-06-24,2955.75694548,
2021-06-25,2959.94108984,
2021-06-26,2969.23076923,
2021-06-27,3057.18692165,
2021-06-28,3234.65238982,
2021-06-29,3065.73693898,
2021-06-30,3221.97366558,
2021-07-01,3195.88833257,
2021-07-02,3285.73825503,
2021-07-03,3308.06595365,
2021-07-04,3337.19827586,
2021-07-05,3365.8136684,
2021-07-06,3493.53188929,
2021-07-07,3551.93192272,
2021-07-08,3405.19710378,
2021-07-09,3371.00015701,
2021-07-10,3379.26673071,
2021-07-11,3363.37209302,
2021-07-12,3230.88422392,
2021-07-13,3133.31718346,
2021-07-14,3218.62191383,
2021-07-15,3210.41980264,
2021-07-16,3183.87917869,
2021-07-17,3263.33963237,
2021-07-18,3224.75281282,
2021-07-19,3265.22441652,
2021-07-20,3380.07191522,
2021-07-21,3489.24637174,
2021-07-22,3419.86486486,
2021-07-23,3487.52257429,
2021-07-24,3590.38619556,
2021-07-25,3608.15620366,
2021-07-26,3574.07763876,
2021-07-27,3564.54813207,
2021-07-28,3140.30298894,
2021-07-29,3182.31837607,
2021-07-30,3273.24823827,
2021-07-31,3392.82841823,
2021-08-01,3528.98370616,
2021-08-02,3532.42547425,
2021-08-03,3516.03139013,
2021-08-04,3727.46922025,
2021-08-05,3858.31854784,
2021-08-06,3868.85202034,
2021-08-07,3871.97990689,
2021-08-08,3867.29583975,
2021-08-09,3868.44553244,
2021-08-10,3691.29362002,
2021-08-11,3127.65957447,
2021-08-12,3153.16770186,
2021-08-13,3047.72039262,
2021-08-14,2551.13751857,
2021-08-15,2575.81587351,
2021-08-16,2654.17967102,
2021-08-17,2743.41410093,
2021-08-18,2637.17085119,
2021-08-19,2578.86126184,
2021-08-20,2601.01354026,
2021-08-21,2651.28310577,
2021-08-22,2641.10929853,
2021-08-23,2666.19571325,
2021-08-24,2792.75962301,
2021-08-25,2749.78270132,
2021-08-26,2887.60268857,
2021-08-27,2746.64373217,
2021-08-28,2831.3814469,
2021-08-29,2825.62237027,23.33
2021-08-30,2935.50263588,37.78
2021-08-31,2892.37516869,34.44
2021-09-01,3095.63177479,47.78
2021-09-02,3020.6814011,42.22
2021-09-03,3051.14279073,43.33
2021-09-04,3096.52534268,47.78
2021-09-05,3021.0232487,40.0
2021-09-06,2826.23434576,20.0
2021-09-07,3041.59582005,40.0
2021-09-08,3181.48754319,53.33
2021-09-09,3151.38940007,51.11
2021-09-10,3040.9969674,36.67
2021-09-11,3028.8402707,35.56
2021-09-12,3044.63822556,37.78
2021-09-13,3086.86460584,43.33
2021-09-14,3132.69178145,47.78
2021-09-15,3224.36869814,60.0
2021-09-16,3272.7756375,65.56
2021-09-17,3189.01603977,53.33
2021-09-18,3195.64691657,53.33
2021-09-19,3175.25517505,47.78
2021-09-20,3230.55555556,61.11
2021-09-21,3163.55941896,46.67
2021-09-22,3066.79956145,35.56
2021-09-23,3147.46405751,43.33
2021-09-24,3102.25635593,37.78
2021-09-25,3108.22340426,37.78
2021-09-26,3242.23187791,63.33
2021-09-27,3173.77956173,46.67
2021-09-28,3141.70026882,42.22
2021-09-29,3075.58264998,32.22
2021-09-30,3147.60306304,45.56
2021-10-01,3175.88754558,52.22
2021-10-02,3270.3542813,68.89
2021-10-03,3238.94048522,65.56
2021-10-04,3248.25899281,67.78
2021-10-05,3243.16818895,67.78
2021-10-06,3320.84533209,75.56
2021-10-07,3359.68346132,76.67
2021-10-08,3350.06581422,76.67
2021-10-09,3080.67907618,33.33
2021-10-10,3007.59337562,22.22
2021-10-11,3116.96585709,41.11
2021-10-12,3168.86912325,52.22
2021-10-13,3199.48558758,62.22
2021-10-14,3344.05434016,76.67
2021-10-15,3389.98510471,80.0
2021-10-16,3376.49651768,77.78
2021-10-17,3515.03106725,84.44
2021-10-18,3458.90828484,81.11
2021-10-19,3553.32233526,87.78
2021-10-20,3632.60584897,92.22
2021-10-21,3723.12144038,93.33
2021-10-22,3649.24207625,91.11
2021-10-23,3811.15785623,94.44
2021-10-24,3772.5995749,93.33
2021-10-25,3853.86722674,94.44
2021-10-26,3730.49209932,91.11
2021-10-27,3941.70854271,100.0
2021-10-28,4051.44153512,100.0
2021-10-29,4082.11547344,100.0
2021-10-30,3985.50617739,97.78
2021-10-31,3852.63299784,88.89
2021-11-01,3957.33394411,96.67
2021-11-02,4044.31227421,97.78
2021-11-03,3804.10709859,85.56
2021-11-04,3775.67477507,85.56
2021-11-05,3863.4314826,91.11
2021-11-06,3925.28236316,93.33
2021-11-07,3781.43138219,86.67
2021-11-08,3751.83769021,83.33
2021-11-09,3764.4817437,83.33
2021-11-10,3889.07746597,92.22
2021-11-11,3886.50963597,91.11
2021-11-12,3926.16342674,93.33
2021-11-13,3905.38176926,91.11
2021-11-14,3894.68810506,90.0
2021-11-15,3894.01023891,88.89
2021-11-16,3870.33189299,85.56
2021-11-17,3914.72655893,91.11
2021-11-18,3840.95714011,80.0
2021-11-19,3943.04076386,94.44
2021-11-20,4023.86684907,96.67
2021-11-21,4029.05667518,96.67
2021-11-22,3946.27197218,92.22
2021-11-23,4070.3873933,98.89
2021-11-24,4134.57292272,100.0
2021-11-25,4334.97796513,100.0
2021-11-26,4301.89482648,98.89
2021-11-27,4332.72323318,98.89
2021-11-28,4433.55011872,100.0
2021-11-29,4490.33138008,100.0
2021-11-30,4638.14484624,100.0
2021-12-01,4629.71007172,98.89
2021-12-02,4643.07328119,100.0
2021-12-03,4576.84290522,96.67
2021-12-04,4873.06190082,100.0
2021-12-05,5216.20882536,100.0
2021-12-06,5266.61417323,100.0
2021-12-07,5281.33431445,100.0
2021-12-08,5146.03340292,96.67
2021-12-09,4783.45566818,94.44
2021-12-10,4877.3023023,95.56
2021-12-11,4872.93851287,93.33
2021-12-12,4920.76730609,95.56
2021-12-13,4837.46482476,91.11
2021-12-14,4762.42132544,88.89
2021-12-15,4864.53643186,91.11
2021-12-16,4916.29611228,94.44
2021-12-17,4864.95104193,90.0
2021-12-18,4792.94359719,86.67
2021-12-19,4699.56886228,83.33
2021-12-20,4483.66674244,76.67
2021-12-21,4240.14999472,71.11
2021-12-22,4172.70630177,70.0
2021-12-23,4135.81128659,68.89
2021-12-24,4439.23203511,75.56
2021-12-25,4425.88629486,73.33
2021-12-26,4416.91304348,72.22
2021-12-27,4355.62628115,71.11
2021-12-28,4454.19847328,75.56
2021-12-29,4442.77322237,74.44
2021-12-30,4423.16956833,70.0
2021-12-31,4430.79426299,71.11
2022-01-01,4426.40178676,70.0
2022-01-02,4458.73515024,75.56
2022-01-03,4524.13503123,77.78
2022-01-04,4600.2795333,78.89
2022-01-05,4582.74657002,77.78
2022-01-06,4372.75060968,61.11
2022-01-07,4190.77809798,54.44
2022-01-08,4134.39345142,50.0
2022-01-09,4185.88313413,53.33
2022-01-10,4166.34680362,51.11
2022-01-11,4205.78995197,54.44
2022-01-12,4220.93401778,54.44
2022-01-13,4219.54427083,53.33
2022-01-14,4277.57371961,55.56
2022-01-15,4269.07970735,54.44
2022-01-16,4299.69167523,55.56
2022-01-17,4213.82434029,48.89
2022-01-18,4208.08363297,47.78
2022-01-19,4178.3227205,43.33
2022-01-20,4169.30129185,41.11
2022-01-21,4032.89886935,31.11
2022-01-22,4043.21153201,31.11
2022-01-23,4041.07910234,30.0
2022-01-24,3987.07093822,25.56
2022-01-25,3978.68932039,23.33
2022-01-26,3977.05473922,23.33
2022-01-27,3982.01379763,25.56
2022-01-28,4164.604811,38.89
2022-01-29,4213.5244574,47.78
2022-01-30,4326.75868951,56.67
2022-01-31,4352.02461937,58.89
2022-02-01,4435.43921069,67.78
2022-02-02,4463.32001332,72.22
2022-02-03,4417.33857752,60.0
2022-02-04,4569.01601831,75.56
2022-02-05,4526.21694712,74.44
2022-02-06,4476.17582418,70.0
2022-02-07,3776.48544624,1.11
2022-02-08,3556.64726692,1.11
2022-02-09,3729.95285731,2.22
2022-02-10,3722.87652975,2.22
2022-02-11,3856.59333421,6.67
2022-02-12,3549.65341116,1.11
2022-02-13,3563.52240288,3.33
2022-02-14,3656.70244633,4.44
2022-02-15,3738.71990605,7.78
2022-02-16,3732.1300502,7.78
2022-02-17,3760.55916775,10.0
2022-02-18,3545.25510204,1.11
2022-02-19,3364.12659769,1.11
2022-02-20,3374.93885957,2.22
2022-02-21,3659.19065261,8.89
2022-02-22,3656.9427105,8.89
2022-02-23,3702.755849,11.11
2022-02-24,3728.56527359,13.33
2022-02-25,3595.90855955,7.78
2022-02-26,3702.01118807,12.22
2022-02-27,3626.87456687,8.89
2022-02-28,3740.4917403,21.11
2022-03-01,3796.82357444,24.44
2022-03-02,3834.13555353,25.56
2022-03-03,3771.11111111,23.33
2022-03-04,3679.10761891,13.33
2022-03-05,3534.68169761,3.33
2022-03-06,3518.53537443,3.33
2022-03-07,3461.33111018,3.33
2022-03-08,3574.26113501,11.11
2022-03-09,3560.95586315,10.0
2022-03-10,3541.23081103,6.67
2022-03-11,3184.53107485,1.11
2022-03-12,3269.44126257,2.22
2022-03-13,3309.1949487,3.33
2022-03-14,3342.03665462,4.44
2022-03-15,3418.74102129,7.78
2022-03-16,3502.72761712,10.0
2022-03-17,3543.69250158,14.44
2022-03-18,3689.79284369,28.89
2022-03-19,3601.22040517,23.33
2022-03-20,3551.42112449,17.78
2022-03-21,3451.60635376,8.89
2022-03-22,3549.65335883,17.78
2022-03-23,3624.64183381,27.78
2022-03-24,3690.98243949,35.56
2022-03-25,3765.18995024,46.67
2022-03-26,3776.87042152,50.0
2022-03-27,3841.08391608,53.33
2022-03-28,3857.0998727,55.56
2022-03-29,3964.68462166,56.67
2022-03-30,3931.0228724,56.67
2022-03-31,4027.38095238,63.33
2022-04-01,4174.47142685,72.22
2022-04-02,4179.33252427,74.44
2022-04-03,4176.83823529,73.33
2022-04-04,4260.89588378,85.56
2022-04-05,4173.18716316,72.22
2022-04-06,4171.83673469,72.22
2022-04-07,4100.10163893,67.78
2022-04-08,4228.89124387,86.67
2022-04-09,4275.21647861,88.89
2022-04-10,4246.3741217,85.56
2022-04-11,4288.62982153,90.0
2022-04-12,4233.30536913,83.33
2022-04-13,4311.78097345,91.11
2022-04-14,4161.36050675,68.89
2022-04-15,3869.38152202,56.67
2022-04-16,3918.16086066,57.78
2022-04-17,3974.01250166,61.11
2022-04-18,3968.77516561,61.11
2022-04-19,4002.80036134,67.78
2022-04-20,4092.11121458,73.33
2022-04-21,4071.47925764,72.22
2022-04-22,4126.46608163,74.44
2022-04-23,4156.19951821,74.44
2022-04-24,4184.21429595,82.22
2022-04-25,4337.93103448,92.22
2022-04-26,4376.43302181,93.33
2022-04-27,4429.56148421,94.44
2022-04-28,4568.9639079,98.89
2022-04-29,4606.16415958,100.0
2022-04-30,4664.94439692,100.0
2022-05-01,4653.723229,98.89
2022-05-02,4650.07325411,97.78
2022-05-03,4600.13229701,95.56
2022-05-04,4552.77906797,92.22
2022-05-05,4594.49924762,94.44
2022-05-06,4471.68714713,90.0
2022-05-07,4537.43112948,91.11
2022-05-08,4450.21193924,88.89
2022-05-09,4573.26082495,93.33
2022-05-10,4565.39961014,91.11
2022-05-11,4997.57909875,100.0
2022-05-12,5083.55809129,100.0
2022-05-13,4753.28760643,97.78
2022-05-14,4825.15251056,97.78
2022-05-15,4787.525106,96.67
2022-05-16,4782.93547625,95.56
2022-05-17,4773.33333333,94.44
2022-05-18,4721.67159763,92.22
2022-05-19,4802.73483948,96.67
2022-05-20,4777.07876128,93.33
2022-05-21,4764.94571773,91.11
2022-05-22,4843.97818872,97.78
2022-05-23,4869.99012833,97.78
2022-05-24,4844.37102301,96.67
2022-05-25,4784.80295567,91.11
2022-05-26,4572.01530612,75.56
2022-05-27,4522.83320241,70.0
2022-05-28,4639.45120373,80.0
2022-05-29,4661.1153945,82.22
2022-05-30,4773.77597325,87.78
2022-05-31,4604.93241641,75.56
2022-06-01,4567.71356784,68.89
2022-06-02,4523.00863132,64.44
2022-06-03,4546.92622951,65.56
2022-06-04,4597.65605096,73.33
2022-06-05,4569.26385024,68.89
2022-06-06,4619.57277695,76.67
2022-06-07,4448.79784102,55.56
2022-06-08,4472.99051423,57.78
2022-06-09,4469.79010495,55.56
2022-06-10,4358.87287025,50.0
2022-06-11,4259.21089191,43.33
2022-06-12,4179.55141276,37.78
2022-06-13,3880.11545863,16.67
2022-06-14,3761.35656503,10.0
2022-06-15,3601.6298021,5.56
2022-06-16,3411.55810983,1.11
2022-06-17,3386.105919,1.11
2022-06-18,3236.19512195,1.11
2022-06-19,3457.50612745,4.44
2022-06-20,3496.25038736,5.56
2022-06-21,3417.88099575,4.44
2022-06-22,3258.42382873,2.22
2022-06-23,3408.93388922,4.44
2022-06-24,3336.11111111,3.33
2022-06-25,3379.65179543,4.44
2022-06-26,3334.60467706,3.33
2022-06-27,3371.52954481,5.56
2022-06-28,3389.77777778,8.89
2022-06-29,3338.0157767,5.56
2022-06-30,3224.96236073,1.11
2022-07-01,3376.01146862,8.89
2022-07-02,3380.89353612,11.11
2022-07-03,3341.39968896,7.78
2022-07-04,3501.67325829,21.11
2022-07-05,3482.47232472,20.0
2022-07-06,3569.70517449,23.33
2022-07-07,3616.27703098,25.56
2022-07-08,3568.60670194,23.33
2022-07-09,3529.64037123,23.33
2022-07-10,3589.43164363,26.67
2022-07-11,3478.42639594,20.0
2022-07-12,3333.05519897,4.44
2022-07-13,3444.54742045,20.0
2022-07-14,3575.2546435,30.0
2022-07-15,3684.171155,34.44
2022-07-16,3868.33095578,36.67
2022-07-17,3899.35916108,38.89
2022-07-18,4328.05912948,47.78
2022-07-19,4136.01501743,42.22
2022-07-20,4185.91471802,45.56
2022-07-21,4293.94930499,46.67
2022-07-22,4290.8608161,45.56
2022-07-23,4311.44209354,46.67
2022-07-24,4455.38204127,54.44
2022-07-25,4285.51457466,44.44
2022-07-26,4297.5088968,47.78
2022-07-27,4551.30773511,63.33
2022-07-28,4612.24926451,75.56
2022-07-29,4679.74993205,82.22
2022-07-30,4374.838876,52.22
2022-07-31,4425.42194093,53.33
2022-08-01,4300.39567396,48.89
2022-08-02,4391.24932687,54.44
2022-08-03,4379.32341001,54.44
2022-08-04,4334.12398922,52.22
2022-08-05,4614.26673751,77.78
2022-08-06,4550.74024226,66.67
2022-08-07,4567.94734014,71.11
2022-08-08,4692.50066015,82.22
2022-08-09,4637.1459695,78.89
2022-08-10,4859.91085475,98.89
2022-08-11,4945.26564966,100.0
2022-08-12,5158.79873551,100.0
2022-08-13,5247.48677249,100.0
2022-08-14,5151.21107266,97.78
2022-08-15,5062.80991736,96.67
2022-08-16,4977.90450928,95.56
2022-08-17,4833.33333333,88.89
2022-08-18,4984.85421166,95.56
2022-08-19,4811.63277512,86.67
2022-08-20,4679.45368171,82.22
2022-08-21,4691.59176573,84.44
2022-08-22,4722.84883721,86.67
2022-08-23,4796.68778802,88.89
2022-08-24,4793.28703704,87.78
2022-08-25,4855.65740476,91.11
2022-08-26,4444.97494842,58.89
2022-08-27,4456.2462642,62.22
2022-08-28,4425.43424318,58.89
2022-08-29,4650.28468684,80.0
2022-08-30,4666.63605755,80.0
2022-08-31,4742.44736039,85.56
2022-09-01,4761.81326929,85.56
2022-09-02,4753.62100181,84.44
2022-09-03,4723.87018502,82.22
2022-09-04,4761.16973169,84.44
2022-09-05,4859.71763292,91.11
2022-09-06,4853.70485679,88.89
2022-09-07,4838.23092906,87.78
2022-09-08,4815.57714959,85.56
2022-09-09,4815.66704036,85.56
2022-09-10,4965.35124545,93.33
2022-09-11,4972.15653153,93.33
2022-09-12,4770.34463591,77.78
2022-09-13,4733.61395069,72.22
2022-09-14,4797.62811127,80.0
2022-09-15,4516.25268323,54.44
2022-09-16,4036.88063063,33.33
2022-09-17,3904.38596491,32.22
2022-09-18,3731.85123043,28.89
2022-09-19,3575.83160083,24.44
2022-09-20,3195.48309179,1.11
2022-09-21,3165.09146341,1.11
2022-09-22,2728.21883998,1.11
2022-09-23,2618.36654172,1.11
2022-09-24,2700.14350144,2.22
2022-09-25,2632.96725646,2.22
2022-09-26,2853.2351057,5.56
2022-09-27,2979.62755217,6.67
2022-09-28,2978.8371575,6.67
2022-09-29,2738.77383637,5.56
2022-09-30,2768.74348823,6.67
2022-10-01,2759.33950358,6.67
2022-10-02,2846.64437012,8.89
2022-10-03,2863.2114261,11.11
2022-10-04,2839.39520334,8.89
2022-10-05,2766.93267853,7.78
2022-10-06,2740.29185245,6.67
2022-10-07,2571.1802202,1.11
2022-10-08,2544.44874275,1.11
2022-10-09,2484.75117371,1.11
2022-10-10,2611.92549099,4.44
2022-10-11,2633.42933553,7.78
2022-10-12,2651.99754149,8.89
2022-10-13,2686.45376748,10.0
2022-10-14,2654.65902109,10.0
2022-10-15,2646.16023246,8.89
2022-10-16,2740.13848091,16.67
2022-10-17,2771.44046628,22.22
2022-10-18,2813.89008158,23.33
2022-10-19,2853.21936057,26.67
2022-10-20,2872.49720045,30.0
2022-10-21,2816.97009103,24.44
2022-10-22,2823.14635719,25.56
2022-10-23,2909.98293515,33.33
2022-10-24,2966.68138662,34.44
2022-10-25,3169.90228013,38.89
2022-10-26,3339.94455108,41.11
2022-10-27,3280.71505959,41.11
2022-10-28,3276.58094435,41.11
2022-10-29,3445.11805999,44.44
2022-10-30,3471.0606722,45.56
2022-10-31,3388.68778281,44.44
2022-11-01,3404.83175151,45.56
2022-11-02,3376.33978208,44.44
2022-11-03,3366.33685136,44.44
2022-11-04,3247.98578199,41.11
2022-11-05,3300.16227181,44.44
2022-11-06,3330.40985347,45.56
2022-11-07,3373.7091222,48.89
2022-11-08,3288.4207933,44.44
2022-11-09,3310.50735515,46.67
2022-11-10,3295.99188229,45.56
2022-11-11,3354.87900078,51.11
2022-11-12,3457.78327833,58.89
2022-11-13,3584.1842723,62.22
2022-11-14,3292.58474576,45.56
2022-11-15,3223.3281893,41.11
2022-11-16,3241.391258,42.22
2022-11-17,3143.30976695,37.78
2022-11-18,3166.83207104,40.0
2022-11-19,3170.19005467,42.22
2022-11-20,3165.77050998,40.0
2022-11-21,3037.96982167,37.78
2022-11-22,3033.27122704,37.78
2022-11-23,3104.9017038,40.0
2022-11-24,2995.84370333,37.78
2022-11-25,2940.90240314,34.44
2022-11-26,3044.44444444,42.22
2022-11-27,3013.32660273,40.0
2022-11-28,3003.52366255,40.0
2022-11-29,3055.73976388,45.56
2022-11-30,3174.25208436,54.44
2022-12-01,3215.94860166,56.67
2022-12-02,3270.86594294,61.11
2022-12-03,3202.96927446,56.67
2022-12-04,3284.74967908,65.56
2022-12-05,3235.06293347,60.0
2022-12-06,3248.13490036,63.33
2022-12-07,3210.37809648,57.78
2022-12-08,3248.36335955,65.56
2022-12-09,3247.87863204,63.33
2022-12-10,3276.45536869,68.89
2022-12-11,3315.85718036,78.89
2022-12-12,3292.20443986,74.44
2022-12-13,3341.82692308,83.33
2022-12-14,3393.30391902,90.0
2022-12-15,3350.63492063,84.44
2022-12-16,3323.35516947,81.11
2022-12-17,3348.82933709,85.56
2022-12-18,3381.13746785,92.22
2022-12-19,3445.91324875,96.67
2022-12-20,3494.94543366,98.89
2022-12-21,3519.22296318,98.89
2022-12-22,3487.14203895,96.67
2022-12-23,3443.38131527,91.11
2022-12-24,3470.03127666,94.44
2022-12-25,3524.76135377,98.89
2022-12-26,3357.32640787,80.0
2022-12-27,3296.73469388,67.78
2022-12-28,3344.99718943,75.56
2022-12-29,3509.17860275,96.67
2022-12-30,3477.22399305,93.33
2022-12-31,3529.44821481,98.89
2023-01-01,3543.96220844,98.89
2023-01-02,3486.50201034,91.11
2023-01-03,3534.77881257,97.78
2023-01-04,3620.10368664,100.0
2023-01-05,3701.89349112,100.0
2023-01-06,3686.14580308,98.89
2023-01-07,3672.48692621,97.78
2023-01-08,3737.42757822,100.0
2023-01-09,3783.35243553,100.0
2023-01-10,3808.44026233,100.0
2023-01-11,3726.90450644,96.67
2023-01-12,3777.80149413,97.78
2023-01-13,3761.53447382,96.67
2023-01-14,3920.81963066,100.0
2023-01-15,4037.763329,100.0
2023-01-16,4090.63553826,100.0
2023-01-17,4047.49224405,98.89
2023-01-18,3996.377578,96.67
2023-01-19,3948.80346232,95.56
2023-01-20,4016.75950593,96.67
2023-01-21,4032.37481408,96.67
2023-01-22,4064.53546454,98.89
2023-01-23,3841.02503543,90.0
2023-01-24,3815.52231486,88.89
2023-01-25,3865.56354916,90.0
2023-01-26,3912.73216031,90.0
2023-01-27,3870.20348837,88.89
2023-01-28,3855.07601766,86.67
2023-01-29,3978.51959361,92.22
2023-01-30,3981.18962888,92.22
2023-01-31,3907.64111412,86.67
2023-02-01,3974.04986686,90.0
2023-02-02,4009.56564178,93.33
2023-02-03,4040.61209619,96.67
2023-02-04,4058.40233804,97.78
2023-02-05,4088.90562249,98.89
2023-02-06,4118.08673469,100.0
2023-02-07,4140.31219029,100.0
2023-02-08,4152.02515723,100.0
2023-02-09,4046.47813564,91.11
2023-02-10,3964.00314383,80.0
2023-02-11,4013.85337855,85.56
2023-02-12,4042.78089138,90.0
2023-02-13,4064.92033486,94.44
2023-02-14,4073.60565593,94.44
2023-02-15,4175.81650461,100.0
2023-02-16,4264.09789117,100.0
2023-02-17,4288.27848101,100.0
2023-02-18,4290.18513822,100.0
2023-02-19,4348.30442661,100.0
2023-02-20,4275.27610442,96.67
2023-02-21,4235.16203113,94.44
2023-02-22,4156.69112067,92.22
2023-02-23,4251.75167439,94.44
2023-02-24,4250.06608512,93.33
2023-02-25,4220.69878242,91.11
2023-02-26,4343.37126224,98.89
2023-02-27,4315.58784676,97.78
2023-02-28,4266.95906433,93.33
2023-03-01,4342.1642764,97.78
2023-03-02,4368.66383881,100.0
2023-03-03,4158.58505564,83.33
2023-03-04,4194.72556894,84.44
2023-03-05,4265.48527808,90.0
2023-03-06,4237.72665765,85.56
2023-03-07,4109.33964746,74.44
2023-03-08,3940.29313448,50.0
2023-03-09,3878.35941716,45.56
2023-03-10,3855.24324324,42.22
2023-03-11,4046.09675646,64.44
2023-03-12,4255.06192784,87.78
2023-03-13,4493.6895811,100.0
2023-03-14,4563.37271751,100.0
2023-03-15,4597.26943438,100.0
2023-03-16,4589.33369893,98.89
2023-03-17,4711.08478146,100.0
2023-03-18,4704.03851297,98.89
2023-03-19,4616.74876847,97.78
2023-03-20,4640.54633101,97.78
2023-03-21,3835.66865417,27.78
2023-03-22,4116.61523855,64.44
2023-03-23,4086.95358269,60.0
2023-03-24,4107.93613524,62.22
2023-03-25,3932.89681644,34.44
2023-03-26,3960.43759768,36.67
2023-03-27,3580.83507307,8.89
2023-03-28,3446.71461897,1.11
2023-03-29,3305.19815668,1.11
2023-03-30,3372.08121827,2.22
2023-03-31,3389.50502419,3.33
2023-04-01,3573.68007851,7.78
2023-04-02,3464.30501931,5.56
2023-04-03,3650.95785441,10.0
2023-04-04,3721.38877835,13.33
2023-04-05,3775.84569733,16.67
2023-04-06,3723.96579157,12.22
2023-04-07,3635.81740148,8.89
2023-04-08,3662.48019017,11.11
2023-04-09,3678.11634349,12.22
2023-04-10,3690.49459042,13.33
2023-04-11,3657.55757693,11.11
2023-04-12,3797.56387403,20.0
2023-04-13,3925.87317073,32.22
2023-04-14,4017.58178688,45.56
2023-04-15,4026.57935285,46.67
2023-04-16,4067.3257823,57.78
2023-04-17,4059.50283813,54.44
2023-04-18,3950.97670924,35.56
2023-04-19,3937.54836082,33.33
2023-04-20,4088.76262626,60.0
2023-04-21,4116.63326653,64.44
2023-04-22,3971.5193897,38.89
2023-04-23,4006.88616312,42.22
2023-04-24,3994.44805899,41.11
2023-04-25,3974.65388711,37.78
2023-04-26,4040.73191858,47.78
2023-04-27,4089.7364474,60.0
2023-04-28,3942.74395329,28.89
2023-04-29,3991.21338912,37.78
2023-04-30,3974.68650372,36.67
2023-05-01,3937.90062379,26.67
2023-05-02,4026.00645856,43.33
2023-05-03,4112.95336788,62.22
2023-05-04,4073.50260417,53.33
2023-05-05,4267.39456219,82.22
2023-05-06,4138.651244,64.44
2023-05-07,4165.70155902,68.89
2023-05-08,4313.70534672,85.56
2023-05-09,4305.24597808,84.44
2023-05-10,4278.03857774,81.11
2023-05-11,4265.03446637,75.56
2023-05-12,4198.49012776,66.67
2023-05-13,4233.75,67.78
2023-05-14,4230.44909476,66.67
2023-05-15,4250.40954833,71.11
2023-05-16,4122.50847458,56.67
2023-05-17,4063.60392507,45.56
2023-05-18,3917.66753699,23.33
2023-05-19,3876.62032086,22.22
2023-05-20,3883.50053362,24.44
2023-05-21,3945.15846995,33.33
2023-05-22,3935.36162841,28.89
2023-05-23,3986.34702215,41.11
2023-05-24,3973.26710817,38.89
2023-05-25,3978.8453063,42.22
2023-05-26,3902.19897523,25.56
2023-05-27,3881.82011031,24.44
2023-05-28,3959.8340249,38.89
2023-05-29,3826.52648605,20.0
2023-05-30,3651.46974063,11.11
2023-05-31,3626.84862563,8.89
2023-06-01,3675.77492596,15.56
2023-06-02,3635.92677346,11.11
2023-06-03,3646.99306091,12.22
2023-06-04,3526.79604404,6.67
2023-06-05,3556.97445972,7.78
2023-06-06,3555.9245283,7.78
2023-06-07,3534.88327224,7.78
2023-06-08,3524.90450726,6.67
2023-06-09,3420.76208178,4.44
2023-06-10,3456.73968818,6.67
2023-06-11,3365.51459293,2.22
2023-06-12,3318.54884784,2.22
2023-06-13,3351.54083205,3.33
2023-06-14,3438.76275776,8.89
2023-06-15,3472.10997709,13.33
2023-06-16,3609.83399874,22.22
2023-06-17,3604.00500626,22.22
2023-06-18,3535.23007395,17.78
2023-06-19,3519.26661264,14.44
2023-06-20,3635.60559951,27.78
2023-06-21,3778.97579516,43.33
2023-06-22,3791.02875658,44.44
2023-06-23,3815.01713364,46.67
2023-06-24,3853.97738952,48.89
2023-06-25,3872.73098103,48.89
2023-06-26,3880.9394572,50.0
2023-06-27,3905.70483671,53.33
2023-06-28,3933.76371853,55.56
2023-06-29,3901.3903518,50.0
2023-06-30,4089.21547896,83.33
2023-07-01,4066.99070161,78.89
2023-07-02,3998.92672859,70.0
2023-07-03,3999.0593047,70.0
2023-07-04,3974.13793103,61.11
2023-07-05,3999.07891982,70.0
2023-07-06,3994.30982259,65.56
2023-07-07,3991.70044805,64.44
2023-07-08,3965.22108844,54.44
2023-07-09,3980.34188034,61.11
2023-07-10,3933.89121339,44.44
2023-07-11,3951.81990322,51.11
2023-07-12,3974.14012739,56.67
2023-07-13,2458.59192935,1.11
2023-07-14,2699.30352417,2.22
2023-07-15,2703.16305108,3.33
2023-07-16,2573.79485806,2.22
2023-07-17,2591.80905886,3.33
2023-07-18,2438.88674637,1.11
2023-07-19,2303.48823027,1.11
2023-07-20,2381.75522538,2.22
2023-07-21,2452.65136782,4.44
2023-07-22,2546.06465694,6.67
2023-07-23,2557.86836403,7.78
2023-07-24,2634.952286,11.11
2023-07-25,2620.48243758,11.11
2023-07-26,2614.16003351,11.11
2023-07-27,2607.19988794,11.11
2023-07-28,2632.28932584,14.44
2023-07-29,2640.72461733,16.67
2023-07-30,2642.33607721,17.78
2023-07-31,2660.75114679,18.89
2023-08-01,2650.26170604,18.89
2023-08-02,2685.98540146,21.11
2023-08-03,2768.94419306,24.44
2023-08-04,2879.53115167,25.56
2023-08-05,2920.61068702,26.67
2023-08-06,2933.14102564,27.78
2023-08-07,2933.13021167,27.78
2023-08-08,2892.33406045,26.67
2023-08-09,2884.11316649,26.67
2023-08-10,2926.03064287,30.0
2023-08-11,2926.30579297,31.11
2023-08-12,2947.62587635,34.44
2023-08-13,2942.34335038,34.44
2023-08-14,2909.50654265,28.89
2023-08-15,2996.36304063,37.78
2023-08-16,3069.80811683,38.89
2023-08-17,3320.4778831,41.11
2023-08-18,3282.47728171,40.0
2023-08-19,3211.52144643,40.0
2023-08-20,3130.08915305,40.0
2023-08-21,3179.31363203,41.11
2023-08-22,3138.17658349,41.11
2023-08-23,3168.47764573,42.22
2023-08-24,3202.5448236,44.44
2023-08-25,3145.30239635,42.22
2023-08-26,3148.61403173,43.33
2023-08-27,3167.16959511,44.44
2023-08-28,3159.55657492,44.44
2023-08-29,3203.81622823,50.0
2023-08-30,3227.15745647,52.22
2023-08-31,3220.66536204,52.22
2023-09-01,3271.3253012,54.44
2023-09-02,3281.93664796,55.56
2023-09-03,3241.21260155,54.44
2023-09-04,3205.24867309,51.11
2023-09-05,3232.69382911,55.56
2023-09-06,3244.88376714,57.78
2023-09-07,3263.58415842,58.89
2023-09-08,3240.47524752,56.67
2023-09-09,3246.40730449,60.0
2023-09-10,3255.02113101,61.11
2023-09-11,3271.1846543,63.33
2023-09-12,3315.92422981,67.78
2023-09-13,3327.0281457,70.0
2023-09-14,3324.75470155,70.0
2023-09-15,3279.3006993,65.56
2023-09-16,3270.10804322,63.33
2023-09-17,3294.37563452,70.0
2023-09-18,3253.7972167,61.11
2023-09-19,3196.73151751,48.89
2023-09-20,3112.54796623,40.0
2023-09-21,3123.52593177,41.11
2023-09-22,3110.26942601,40.0
2023-09-23,3139.99211978,45.56
2023-09-24,3148.19757021,47.78
2023-09-25,3141.47547468,46.67
2023-09-26,3175.95138474,54.44
2023-09-27,3201.76246745,57.78
2023-09-28,3242.4284033,68.89
2023-09-29,3197.41131352,57.78
2023-09-30,3245.07671393,72.22
2023-10-01,3308.12821981,85.56
2023-10-02,3244.97364825,72.22
2023-10-03,3073.98886827,40.0
2023-10-04,3091.5884341,41.11
2023-10-05,3083.58523053,41.11
2023-10-06,3130.40913416,47.78
2023-10-07,3131.84432515,48.89
2023-10-08,3155.8562041,56.67
2023-10-09,3143.28625423,53.33
2023-10-10,3157.36153072,58.89
2023-10-11,3205.54418985,71.11
2023-10-12,3187.59834369,63.33
2023-10-13,3199.6701711,65.56
2023-10-14,3196.17677287,62.22
2023-10-15,3196.08124744,61.11
2023-10-16,3212.97709924,72.22
2023-10-17,3186.09527687,57.78
2023-10-18,3205.08405084,67.78
2023-10-19,3014.37367712,28.89
2023-10-20,3114.95436007,35.56
2023-10-21,3127.76497696,36.67
2023-10-22,3183.50554918,55.56
2023-10-23,3224.58447489,73.33
2023-10-24,3194.30923407,56.67
2023-10-25,3218.93011527,71.11
2023-10-26,3259.31682631,85.56
2023-10-27,3276.97974217,90.0
2023-10-28,3261.47631289,84.44
2023-10-29,3228.0884733,71.11
2023-10-30,3129.82698962,27.78
2023-10-31,3026.4676451,16.67
2023-11-01,3035.31635168,16.67
2023-11-02,2974.56227288,12.22
2023-11-03,2994.13494527,12.22
2023-11-04,3017.62888275,14.44
2023-11-05,2863.19055547,1.11
2023-11-06,2659.41522104,1.11
2023-11-07,2752.2189781,2.22
2023-11-08,2748.75527733,2.22
2023-11-09,3182.77569392,46.67
2023-11-10,3150.44730857,37.78
2023-11-11,3098.65680652,18.89
2023-11-12,3091.90987449,17.78
2023-11-13,3064.23455685,12.22
2023-11-14,3143.88500635,33.33
2023-11-15,3176.17651597,45.56
2023-11-16,3206.03039712,65.56
2023-11-17,3197.16288929,56.67
2023-11-18,3214.21552571,67.78
2023-11-19,3214.23777565,67.78
2023-11-20,3301.86213656,95.56
2023-11-21,3339.68555632,100.0
2023-11-22,3377.32853167,100.0
2023-11-23,3321.30777903,95.56
2023-11-24,3349.71023825,98.89
2023-11-25,3344.71740527,97.78
2023-11-26,3349.56959558,97.78
2023-11-27,3357.34393111,98.89
2023-11-28,3353.75798264,97.78
2023-11-29,3330.83237564,92.22
2023-11-30,3384.39716312,100.0
2023-12-01,3407.73877551,100.0
2023-12-02,3487.01675258,100.0
2023-12-03,3520.54904479,100.0
2023-12-04,3592.26581265,100.0
2023-12-05,3692.96296296,100.0
2023-12-06,3488.59375,96.67
2023-12-07,3662.51554726,98.89
2023-12-08,3509.47775629,95.56
2023-12-09,3554.81470231,96.67
2023-12-10,3555.07027354,96.67
2023-12-11,3596.4441571,97.78
2023-12-12,3558.55943152,95.56
2023-12-13,3601.84860558,97.78
2023-12-14,3665.80113996,98.89
2023-12-15,3607.05003249,96.67
2023-12-16,3593.35805256,93.33
2023-12-17,3599.08241848,94.44
2023-12-18,3623.55918367,96.67
2023-12-19,3601.63717546,93.33
2023-12-20,3568.57883649,87.78
2023-12-21,3588.54350264,87.78
2023-12-22,3722.83792441,100.0
2023-12-23,3725.90799031,100.0
2023-12-24,3698.82372161,97.78
2023-12-25,3514.93345713,77.78
2023-12-26,3587.20051455,83.33
2023-12-27,3751.34069401,100.0
2023-12-28,3693.90167034,95.56
2023-12-29,3690.52969502,93.33
2023-12-30,3692.08957628,93.33
2023-12-31,3706.74139051,96.67
2024-01-01,3736.95583095,98.89
2024-01-02,3770.95741274,100.0
2024-01-03,3794.81366993,100.0
2024-01-04,3863.5139741,100.0
2024-01-05,3940.90672225,100.0
2024-01-06,3945.72988202,100.0
2024-01-07,4027.96010879,100.0
2024-01-08,4034.69529086,100.0
2024-01-09,4135.27959076,100.0
2024-01-10,4301.56458056,100.0
2024-01-11,4349.57634158,100.0
2024-01-12,4426.28531321,100.0
2024-01-13,4486.14929528,100.0
2024-01-14,4290.9422176,95.56
2024-01-15,4363.00156331,97.78
2024-01-16,4494.35469863,100.0
2024-01-17,4450.64204046,97.78
2024-01-18,4476.10507246,97.78
2024-01-19,4578.35752342,100.0
2024-01-20,4466.94976509,95.56
2024-01-21,4496.79721816,98.89
2024-01-22,4387.10900474,91.11
2024-01-23,4326.83773876,87.78
2024-01-24,4313.8776298,86.67
2024-01-25,4318.10042818,86.67
2024-01-26,4260.15404847,82.22
2024-01-27,4276.71129549,82.22
2024-01-28,4306.23926732,84.44
2024-01-29,4330.34379671,87.78
2024-01-30,4587.84021931,100.0
2024-01-31,4536.34015498,97.78
2024-02-01,4555.71372084,97.78
2024-02-02,4523.13418217,95.56
2024-02-03,4428.24913228,87.78
2024-02-04,4550.45707472,96.67
2024-02-05,4540.99427895,95.56
2024-02-06,4698.2970297,100.0
2024-02-07,4719.92993383,100.0
2024-02-08,4700.8937245,98.89
2024-02-09,4725.50361079,100.0
2024-02-10,4772.36113762,100.0
2024-02-11,4765.6529177,98.89
2024-02-12,5004.68485419,100.0
2024-02-13,5031.42748237,100.0
2024-02-14,5159.5574563,100.0
2024-02-15,5020.61543935,97.78
2024-02-16,4965.08949141,95.56
2024-02-17,5069.01382824,98.89
2024-02-18,5171.7824448,100.0
2024-02-19,5234.26946321,100.0
2024-02-20,5362.52223408,100.0
2024-02-21,5405.02640685,100.0
2024-02-22,5492.42144177,100.0
2024-02-23,5470.31074504,98.89
2024-02-24,5491.04587156,98.89
2024-02-25,5737.49308756,100.0
2024-02-26,5768.14384308,100.0
2024-02-27,5532.0934994,97.78
2024-02-28,5883.65217391,100.0
2024-02-29,5693.0117607,96.67
2024-03-01,5710.01164144,96.67
2024-03-02,5311.08351444,87.78
2024-03-03,5561.80832403,94.44
2024-03-04,5600.98811178,94.44
2024-03-05,6010.91001353,100.0
2024-03-06,6238.50677994,100.0
2024-03-07,6170.27113238,98.89
2024-03-08,6263.48387097,100.0
2024-03-09,6301.77505244,100.0
2024-03-10,6379.0625,100.0
2024-03-11,5622.13001383,87.78
2024-03-12,5784.8255814,92.22
2024-03-13,5811.62385721,92.22
2024-03-14,5802.24215247,91.11
2024-03-15,5900.64648376,93.33
2024-03-16,5841.63488642,91.11
2024-03-17,5887.11032143,92.22
2024-03-18,5455.54005889,73.33
2024-03-19,5404.00342173,71.11
2024-03-20,5758.19551335,84.44
2024-03-21,5454.16926921,71.11
2024-03-22,5456.00981194,72.22
2024-03-23,5398.94600292,66.67
2024-03-24,5462.41897233,72.22
2024-03-25,5604.77677178,78.89
2024-03-26,5678.85072028,80.0
2024-03-27,5722.76887872,82.22
2024-03-28,5702.25816784,80.0
2024-03-29,5570.13172512,73.33
2024-03-30,5643.33547972,76.67
2024-03-31,5793.53146853,86.67
2024-04-01,5734.53355155,81.11
2024-04-02,5601.22992825,71.11
2024-04-03,5765.98746082,83.33
2024-04-04,5606.40269587,71.11
2024-04-05,5651.2519162,73.33
2024-04-06,5651.92242833,73.33
2024-04-07,5811.23822342,87.78
2024-04-08,6010.42785098,93.33
2024-04-09,5709.80296369,74.44
2024-04-10,5744.71808166,78.89
2024-04-11,5755.04436411,78.89
2024-04-12,5920.68397952,92.22
2024-04-13,6280.30492899,97.78
2024-04-14,6268.84561892,96.67
2024-04-15,6232.65019088,93.33
2024-04-16,6211.92346425,92.22
2024-04-17,6029.91314886,90.0
2024-04-18,6098.30845771,90.0
2024-04-19,6076.4612326,88.89
2024-04-20,5967.83282905,84.44
2024-04-21,6000.133435,84.44
2024-04-22,5755.75539568,67.78
2024-04-23,5912.69054178,81.11
2024-04-24,5954.12322275,82.22
2024-04-25,6006.47125999,84.44
2024-04-26,5951.91028322,80.0
2024-04-27,6286.07839351,97.78
2024-04-28,6395.15970997,100.0
2024-04-29,6244.86507474,92.22
2024-04-30,6020.87495006,83.33
2024-05-01,5743.88405797,55.56
2024-05-02,5764.84555985,60.0
2024-05-03,5835.26424676,67.78
2024-05-04,5879.34741607,68.89
2024-05-05,5922.22432024,74.44
2024-05-06,5669.38171048,41.11
2024-05-07,5730.5815062,47.78
2024-05-08,5751.7114678,52.22
2024-05-09,5828.81551161,64.44
2024-05-10,5794.48426922,60.0
2024-05-11,5756.96778019,52.22
2024-05-12,5866.79351092,66.67
2024-05-13,5840.07520285,64.44
2024-05-14,5761.55537785,51.11
2024-05-15,5845.31611411,65.56
2024-05-16,5710.10277293,36.67
2024-05-17,5907.54680932,71.11
2024-05-18,5990.67715327,77.78
2024-05-19,6026.66797488,83.33
2024-05-20,6810.07997024,100.0
2024-05-21,7056.98324022,100.0
2024-05-22,7095.1594533,100.0
2024-05-23,7153.73416525,100.0
2024-05-24,6955.74626866,96.67
2024-05-25,6922.56277696,95.56
2024-05-26,7242.98693924,100.0
2024-05-27,7292.54681648,100.0
2024-05-28,7271.96898052,98.89
2024-05-29,7192.49713631,96.67
2024-05-30,7226.97647513,96.67
2024-05-31,7268.72102009,97.78
2024-06-01,7356.50665124,100.0
2024-06-02,7363.01850049,100.0
2024-06-03,7245.7395653,94.44
2024-06-04,7247.91706296,94.44
2024-06-05,7352.5865348,97.78
2024-06-06,7312.48322148,96.67
2024-06-07,7369.90583049,100.0
2024-06-08,7473.75152253,100.0
2024-06-09,7433.61411953,98.89
2024-06-10,7381.46508352,97.78
2024-06-11,7283.06955435,90.0
2024-06-12,7241.90398698,83.33
2024-06-13,7274.90039841,88.89
2024-06-14,7336.28318584,92.22
2024-06-15,7271.27139364,85.56
2024-06-16,7410.36597833,97.78
2024-06-17,6957.51931841,72.22
2024-06-18,7094.54175153,73.33
2024-06-19,7217.73768498,76.67
2024-06-20,7187.15220949,74.44
2024-06-21,7196.76825527,75.56
2024-06-22,7184.03205919,72.22
2024-06-23,7131.35292891,70.0
2024-06-24,7073.27004219,66.67
2024-06-25,7136.66176161,70.0
2024-06-26,7176.33035334,71.11
2024-06-27,7259.49926362,82.22
2024-06-28,7167.40882103,68.89
2024-06-29,7147.8739158,66.67
2024-06-30,7221.50808654,75.56
2024-07-01,7216.35220126,73.33
2024-07-02,7049.96909128,56.67
2024-07-03,7053.68150685,56.67
2024-07-04,7067.91406791,57.78
2024-07-05,7014.30251705,53.33
2024-07-06,6833.40017825,48.89
2024-07-07,6986.88915375,52.22
2024-07-08,6994.92585728,52.22
2024-07-09,7040.05968779,53.33
2024-07-10,7067.11485871,56.67
2024-07-11,6901.73680695,44.44
2024-07-12,6604.5943098,41.11
2024-07-13,6041.33536237,32.22
2024-07-14,6234.54370797,36.67
2024-07-15,6484.34475056,40.0
2024-07-16,5945.33057138,22.22
2024-07-17,5410.62300319,1.11
2024-07-18,6014.56907144,31.11
2024-07-19,6111.16343973,34.44
2024-07-20,5924.70944922,23.33
2024-07-21,5908.95721925,20.0
2024-07-22,5657.23684211,2.22
2024-07-23,5828.46861925,13.33
2024-07-24,5398.62437288,1.11
2024-07-25,5295.99733155,1.11
2024-07-26,5426.93072589,4.44
2024-07-27,5455.02014775,5.56
2024-07-28,5439.38789088,5.56
2024-07-29,5511.97873401,7.78
2024-07-30,5224.16759599,1.11
2024-07-31,5188.98876404,1.11
2024-08-01,5371.22736419,4.44
2024-08-02,5331.92438024,4.44
2024-08-03,5224.25332854,3.33
2024-08-04,5143.30527927,1.11
2024-08-05,4949.04888525,1.11
2024-08-06,4862.3666535,1.11
2024-08-07,3903.36554482,1.11
2024-08-08,4350.47032112,2.22
2024-08-09,4476.79586563,3.33
2024-08-10,4468.27598014,3.33
2024-08-11,4622.6121563,5.56
2024-08-12,4789.408867,6.67
2024-08-13,4683.60485269,6.67
2024-08-14,4679.88394584,6.67
2024-08-15,4583.36008561,5.56
2024-08-16,4598.66974104,6.67
2024-08-17,4615.19858782,7.78
2024-08-18,4638.87408986,10.0
2024-08-19,4404.94569758,3.33
2024-08-20,4333.53545562,2.22
2024-08-21,4385.24754126,4.44
2024-08-22,4389.0227577,5.56
2024-08-23,4521.98395809,10.0
2024-08-24,4517.70850335,10.0
2024-08-25,4576.88333333,12.22
2024-08-26,4563.31290432,12.22
2024-08-27,4336.97493823,3.33
2024-08-28,4441.12067451,8.89
2024-08-29,4498.32710447,12.22
2024-08-30,4457.38485971,10.0
2024-08-31,4438.37866478,8.89
2024-09-01,4432.96783626,8.89
2024-09-02,4470.68874405,14.44
2024-09-03,4352.63819095,5.56
2024-09-04,4392.74063452,8.89
2024-09-05,4351.23071271,5.56
2024-09-06,4270.25522932,2.22
2024-09-07,4332.27896341,3.33
2024-09-08,4338.62134089,6.67
2024-09-09,4373.4939759,11.11
2024-09-10,4416.64201183,16.67
2024-09-11,4376.49588631,12.22
2024-09-12,4197.93814433,2.22
2024-09-13,4258.36243017,3.33
2024-09-14,4059.4190732,2.22
2024-09-15,4059.06063792,2.22
2024-09-16,3913.53562905,2.22
2024-09-17,4010.61825655,3.33
2024-09-18,4058.01435407,4.44
2024-09-19,4201.10770279,8.89
2024-09-20,4377.71321142,22.22
2024-09-21,4371.48594378,20.0
2024-09-22,4396.18463635,27.78
2024-09-23,4527.05661023,42.22
2024-09-24,4488.58061242,38.89
2024-09-25,4424.54124507,31.11
2024-09-26,4457.67993226,36.67
2024-09-27,4576.13790761,47.78
2024-09-28,4358.43923102,20.0
2024-09-29,4144.75982533,7.78
2024-09-30,4256.18253189,11.11
2024-10-01,4102.21216692,7.78
2024-10-02,4391.78896526,31.11
2024-10-03,4504.12114242,48.89
2024-10-04,4521.3670412,51.11
2024-10-05,4561.1258028,54.44
2024-10-06,4572.76986507,56.67
2024-10-07,4583.25766175,60.0
2024-10-08,4596.77966102,62.22
2024-10-09,4519.48522402,51.11
2024-10-10,4498.56738926,48.89
2024-10-11,4527.65404603,56.67
2024-10-12,4591.87836084,65.56
2024-10-13,4639.93610224,72.22
2024-10-14,4796.26117089,76.67
2024-10-15,4813.38379177,77.78
2024-10-16,4763.04268515,75.56
2024-10-17,4789.19316302,76.67
2024-10-18,4834.71180238,81.11
2024-10-19,4868.01470588,83.33
2024-10-20,5010.78073696,85.56
2024-10-21,4893.92549092,84.44
2024-10-22,4912.54916651,85.56
2024-10-23,4801.46443515,80.0
2024-10-24,4766.57894737,76.67
2024-10-25,4859.85663082,84.44
2024-10-26,4835.43046358,84.44
2024-10-27,4852.55417957,85.56
2024-10-28,4942.21366699,92.22
2024-10-29,4993.94398183,94.44
2024-10-30,5085.46567221,96.67
2024-10-31,4943.29735034,93.33
2024-11-01,4894.73786786,91.11
2024-11-02,4887.77189888,90.0
2024-11-03,4886.14314115,90.0
2024-11-04,4763.07845084,76.67
2024-11-05,4713.13229572,74.44
2024-11-06,5023.75415282,98.89
2024-11-07,5211.42908567,100.0
2024-11-08,5349.01571248,100.0
2024-11-09,5589.50473807,100.0
2024-11-10,5409.94221618,98.89
2024-11-11,5431.91557918,98.89
2024-11-12,4607.67045455,64.44
2024-11-13,4620.41171354,65.56
2024-11-14,3954.00723888,2.22
2024-11-15,3463.36023313,1.11
2024-11-16,2794.95940762,1.11
2024-11-17,2917.57564261,2.22
2024-11-18,2880.30888031,2.22
2024-11-19,2824.17522494,2.22
2024-11-20,2780.51806902,1.11
2024-11-21,2691.10665597,1.11
2024-11-22,2259.79899497,1.11
2024-11-23,2311.14061968,2.22
2024-11-24,2345.40506594,3.33
2024-11-25,2414.43218781,4.44
2024-11-26,2377.5243135,4.44
2024-11-27,2485.90092542,6.67
2024-11-28,2320.72498541,3.33
2024-11-29,1995.00721982,1.11
2024-11-30,1898.01670681,1.11
2024-12-01,1616.43196582,1.11
2024-12-02,1337.28023491,1.11
2024-12-03,1439.92908932,2.22
2024-12-04,1627.97997794,4.44
2024-12-05,1686.3583712,5.56
2024-12-06,1648.54268871,5.56
2024-12-07,1531.17743975,3.33
2024-12-08,1539.28804828,4.44
2024-12-09,1677.81594648,8.89
2024-12-10,1530.32603653,3.33
2024-12-11,1600.52211687,6.67
2024-12-12,1659.94269586,11.11
2024-12-13,1613.24689268,7.78
2024-12-14,1612.28494064,7.78
2024-12-15,1618.00237035,11.11
2024-12-16,1604.70190411,7.78
2024-12-17,1516.38297044,3.33
2024-12-18,1569.83941479,7.78
2024-12-19,1526.13220188,4.44
2024-12-20,1523.36682315,4.44
2024-12-21,1491.92135836,3.33
2024-12-22,1489.64186828,3.33
2024-12-23,1513.25551576,5.56
2024-12-24,1503.21886565,5.56
2024-12-25,1522.22173856,8.89
2024-12-26,1546.94095273,15.56
2024-12-27,1552.92555669,16.67
2024-12-28,1558.3939935,17.78
2024-12-29,1602.75045363,21.11
2024-12-30,1632.99169379,28.89
2024-12-31,1601.92935304,21.11
2025-01-01,1440.49211248,3.33
2025-01-02,1438.42407592,2.22
2025-01-03,1470.24483644,5.56
2025-01-04,1511.04499814,10.0
2025-01-05,1515.374677,12.22
2025-01-06,1523.73966942,16.67
2025-01-07,1488.77685805,6.67
2025-01-08,1402.08587923,2.22
2025-01-09,1416.77669219,3.33
2025-01-10,1395.33612369,2.22
2025-01-11,1274.19267195,1.11
2025-01-12,1304.51968378,2.22
2025-01-13,1243.46464807,1.11
2025-01-14,1209.32403554,1.11
2025-01-15,1098.19593369,1.11
2025-01-16,1019.3984777,1.11
2025-01-17,1055.10904562,2.22
2025-01-18,1011.62491972,1.11
2025-01-19,1086.66644134,4.44
2025-01-20,1057.54677487,4.44
2025-01-21,1048.44035541,3.33
2025-01-22,1019.58934692,3.33
2025-01-23,1070.14489966,7.78
2025-01-24,1067.46105969,7.78
2025-01-25,1067.81531532,8.89
2025-01-26,1069.58607683,10.0
2025-01-27,1041.64702802,4.44
2025-01-28,1006.71202407,1.11
2025-01-29,1014.86164977,3.33
2025-01-30,1038.30093362,6.67
2025-01-31,1087.24679688,17.78
2025-02-01,1083.30669261,16.67
2025-02-02,1112.27906977,21.11
2025-02-03,1066.59012629,12.22
2025-02-04,1080.63227032,17.78
2025-02-05,1171.04157917,24.44
2025-02-06,1155.54408602,24.44
2025-02-07,1094.00033378,22.22
2025-02-08,1088.24307565,22.22
2025-02-09,1097.9521899,24.44
2025-02-10,1097.98654949,25.56
2025-02-11,1078.52554805,17.78
2025-02-12,1107.08741004,28.89
2025-02-13,1045.30255088,8.89
2025-02-14,995.45354952,1.11
2025-02-15,975.06788805,1.11
2025-02-16,975.48290144,2.22
2025-02-17,1031.63652769,10.0
2025-02-18,1042.60574372,13.33
2025-02-19,991.85477391,3.33
2025-02-20,1018.72976895,8.89
2025-02-21,1035.34077213,13.33
2025-02-22,1073.51204351,27.78
2025-02-23,1094.4726934,36.67
2025-02-24,1103.24364658,41.11
2025-02-25,1074.71363362,28.89
2025-02-26,1062.85597307,22.22
2025-02-27,1049.67932681,20.0
2025-02-28,1043.01962429,17.78
2025-03-01,1011.76765833,7.78
2025-03-02,856.61654647,1.11
2025-03-03,900.18430863,2.22
2025-03-04,884.77773703,2.22
2025-03-05,896.70773662,3.33
2025-03-06,846.96742433,1.11
2025-03-07,897.75728359,5.56
2025-03-08,947.32814582,7.78
2025-03-09,944.69069996,7.78
2025-03-10,922.58607044,7.78
2025-03-11,885.9241859,4.44
2025-03-12,852.0271477,2.22
2025-03-13,827.71341057,1.11
2025-03-14,811.25869971,1.11
2025-03-15,810.15850445,1.11
2025-03-16,822.65236725,3.33
2025-03-17,823.84312719,4.44
2025-03-18,845.2759179,6.67
2025-03-19,807.27943775,1.11
2025-03-20,814.33028201,4.44
2025-03-21,825.63316393,7.78
2025-03-22,835.34646367,10.0
2025-03-23,822.36297298,5.56
2025-03-24,849.43471695,14.44
2025-03-25,843.60199249,12.22
2025-03-26,855.33327658,17.78
2025-03-27,855.89918838,18.89
2025-03-28,859.37570788,21.11
2025-03-29,856.20345651,20.0
2025-03-30,845.96377931,14.44
2025-03-31,872.01779989,24.44
2025-04-01,890.71866087,27.78
2025-04-02,887.09789,27.78
2025-04-03,880.09976753,25.56
2025-04-04,852.91052483,18.89
2025-04-05,842.27683985,12.22
2025-04-06,822.54136747,6.67
2025-04-07,817.94912308,5.56
2025-04-08,820.24717475,6.67
2025-04-09,813.24467826,4.44
2025-04-10,774.36667006,1.11
2025-04-11,774.70951792,2.22
2025-04-12,761.26493194,1.11
2025-04-13,753.80260426,1.11
2025-04-14,763.22914219,3.33
2025-04-15,762.29728433,3.33
2025-04-16,757.0029759,2.22
2025-04-17,766.03298989,6.67
2025-04-18,770.45443523,7.78
2025-04-19,772.74991618,8.89
2025-04-20,763.6311156,6.67
2025-04-21,757.40589787,3.33
2025-04-22,793.28786305,14.44
2025-04-23,809.17327804,16.67
2025-04-24,802.59875731,15.56
2025-04-25,818.17348249,24.44
2025-04-26,830.99671413,33.33
2025-04-27,795.42184725,15.56
2025-04-28,784.29561201,14.44
2025-04-29,803.31099196,18.89
2025-04-30,818.70093117,28.89
2025-05-01,830.85928672,37.78
2025-05-02,833.83877246,40.0
2025-05-03,838.29553767,42.22
2025-05-04,838.98886827,43.33
2025-05-05,854.30864545,53.33
2025-05-06,843.15545244,45.56
2025-05-07,851.6858688,52.22
2025-05-08,948.5175318,75.56
2025-05-09,1000.48636887,81.11
2025-05-10,1045.37655295,90.0
2025-05-11,1062.34474018,92.22
2025-05-12,980.96230198,78.89
2025-05-13,1037.48112587,87.78
2025-05-14,1023.30706191,85.56
2025-05-15,1068.36435278,95.56
2025-05-16,1066.1063955,94.44
2025-05-17,1051.83800093,91.11
2025-05-18,1028.73970346,83.33
2025-05-19,1062.10981809,91.11
2025-05-20,1071.16061956,95.56
2025-05-21,1065.04258517,92.22
2025-05-22,1096.1375509,98.89
2025-05-23,1100.10450231,98.89
2025-05-24,1085.86877226,96.67
2025-05-25,1089.47345945,97.78
2025-05-26,1109.68272519,100.0
2025-05-27,1148.48497928,100.0
2025-05-28,1179.13991733,100.0
2025-05-29,1172.52918635,98.89
2025-05-30,1182.97971773,100.0
2025-05-31,1162.96807434,96.67
2025-06-01,1165.20282673,96.67
2025-06-02,1187.07489187,100.0
2025-06-03,1155.37735008,93.33
2025-06-04,1184.82439002,98.89
2025-06-05,1153.04260604,91.11
2025-06-06,1146.44874525,88.89
2025-06-07,1159.73632229,92.22
2025-06-08,1107.11513013,85.56
2025-06-09,1154.68097023,90.0
2025-06-10,1220.59460865,100.0
2025-06-11,1220.75845666,100.0
2025-06-12,1206.74460021,97.78
2025-06-13,1201.18759314,96.67
2025-06-14,1182.9297934,92.22
2025-06-15,1176.45347495,90.0
2025-06-16,1136.8051832,78.89
2025-06-17,1162.55210746,85.56
2025-06-18,1163.32642248,86.67
2025-06-19,1164.59719143,86.67
2025-06-20,1135.45814853,74.44
2025-06-21,1112.70356727,73.33
2025-06-22,1104.35256792,70.0
2025-06-23,1117.33691623,73.33
2025-06-24,1118.11580966,73.33
2025-06-25,1106.40468457,67.78
2025-06-26,1147.50641208,76.67
2025-06-27,1131.3179887,72.22
2025-06-28,1114.49620207,68.89
2025-06-29,1133.26231812,72.22
2025-06-30,1111.47035149,65.56
2025-07-01,1107.27900552,63.33
2025-07-02,1150.79244269,77.78
2025-07-03,1148.14568656,75.56
2025-07-04,1129.49335735,67.78
2025-07-05,1134.64243845,70.0
2025-07-06,1131.86401867,67.78
2025-07-07,1119.55698432,64.44
2025-07-08,1131.75090878,66.67
2025-07-09,1151.8179549,77.78
2025-07-10,1158.68634918,81.11
2025-07-11,1082.72454432,44.44
2025-07-12,1074.38583683,43.33
2025-07-13,1047.92849335,34.44
2025-07-14,1018.73436549,28.89
2025-07-15,1074.98800959,43.33
2025-07-16,1109.72679394,54.44
2025-07-17,998.69879933,24.44
2025-07-18,1039.08598213,30.0
2025-07-19,1048.94580072,32.22
2025-07-20,1087.63462652,44.44
2025-07-21,1059.96055783,32.22
2025-07-22,1055.15153222,31.11
2025-07-23,1139.60990012,70.0
2025-07-24,1178.56484278,90.0
2025-07-25,1185.42468892,94.44
2025-07-26,1181.57412671,90.0
2025-07-27,1195.4984717,95.56
2025-07-28,1216.26380663,97.78
2025-07-29,1212.84846547,96.67
2025-07-30,1230.38170897,100.0
2025-07-31,1223.66000529,98.89
2025-08-01,1177.92861243,81.11
2025-08-02,1225.4703015,98.89
2025-08-03,1186.13975577,87.78
2025-08-04,1211.41750228,92.22
2025-08-05,1219.32282348,94.44
2025-08-06,1231.54674335,100.0
2025-08-07,1177.91065458,74.44
2025-08-08,1220.2136401,93.33
2025-08-09,1320.75389814,100.0
2025-08-10,1333.72136806,100.0
2025-08-11,1349.48713852,100.0
2025-08-12,1404.85983597,100.0
2025-08-13,1450.43366724,100.0
2025-08-14,1476.63029358,100.0
2025-08-15,1442.36979759,97.78
2025-08-16,1423.92207374,96.67
2025-08-17,1448.43410953,97.78
2025-08-18,1408.73726156,94.44
2025-08-19,1424.6329698,95.56
2025-08-20,1469.28706967,98.89
2025-08-21,1481.57368772,100.0
2025-08-22,1571.71155347,100.0
2025-08-23,1567.45940627,98.89
2025-08-24,1579.79707846,100.0
2025-08-25,1530.98936468,96.67
2025-08-26,1527.28147927,95.56
2025-08-27,1518.02411749,94.44
2025-08-28,1520.71801787,94.44
2025-08-29,1546.43731158,96.67
2025-08-30,1552.00312267,96.67
2025-08-31,1582.24231725,100.0
2025-09-01,1563.8479104,95.56
2025-09-02,1511.70510133,87.78
2025-09-03,1564.69430088,95.56
2025-09-04,1537.8050526,91.11
2025-09-05,1530.34071127,88.89
2025-09-06,1520.79863335,86.67
2025-09-07,1496.76399027,82.22
2025-09-08,1450.10270398,76.67
2025-09-09,1462.3362964,77.78
2025-09-10,1457.84004827,76.67
2025-09-11,1466.81360616,77.78
2025-09-12,1517.40838539,83.33
2025-09-13,1496.01833745,80.0
2025-09-14,1520.68760527,84.44
2025-09-15,1509.47312223,80.0
2025-09-16,1481.85738741,76.67
2025-09-17,1488.45043935,76.67
2025-09-18,1492.65007321,76.67
2025-09-19,1494.46172369,76.67
2025-09-20,1506.02352941,78.89
2025-09-21,1496.57250598,76.67
2025-09-22,1472.01850943,67.78
2025-09-23,1474.23089178,67.78
2025-09-24,1419.42441125,54.44
2025-09-25,1412.19609987,53.33
2025-09-26,1448.62223819,58.89
2025-09-27,1432.73077334,55.56
2025-09-28,1444.56999372,56.67
2025-09-29,1463.51515572,63.33
2025-09-30,1456.07348602,60.0
2025-10-01,1474.65830083,67.78
2025-10-02,1475.64908355,67.78
2025-10-03,1484.44788,71.11
2025-10-04,1511.58834428,80.0
2025-10-05,1520.12661212,83.33
2025-10-06,1567.44972058,95.56
2025-10-07,1559.50210379,92.22
2025-10-08,1571.59426329,96.67
2025-10-09,1558.86299561,90.0
2025-10-10,1615.64292946,100.0
2025-10-11,1573.02573576,96.67
2025-10-12,1642.38984258,100.0
2025-10-13,1627.8404729,98.89
2025-10-14,1647.83286062,100.0
2025-10-15,1653.16271932,100.0
2025-10-16,1672.89948454,100.0
2025-10-17,1670.54848273,98.89
2025-10-18,1648.24970334,96.67
2025-10-19,1665.79387653,97.78
2025-10-20,1595.00561167,90.0
2025-10-21,1598.98026587,90.0
2025-10-22,1609.3077346,90.0
2025-10-23,1610.55664593,90.0
2025-10-24,1567.49392503,80.0
2025-10-25,1523.1018144,65.56
2025-10-26,1571.54302558,80.0
2025-10-27,1564.21791951,74.44
2025-10-28,1528.46277944,64.44
2025-10-29,1530.46427731,65.56
2025-10-30,1559.9106301,72.22
2025-10-31,1533.24700163,65.56
2025-11-01,1546.22999242,66.67
2025-11-02,1546.11944433,65.56
2025-11-03,1560.369761,72.22
2025-11-04,1490.52283136,37.78
2025-11-05,1461.37333561,22.22
2025-11-06,1498.02982377,43.33
2025-11-07,1483.99844519,33.33
2025-11-08,1487.77938153,34.44
2025-11-09,1514.43664948,47.78
2025-11-10,1412.45051465,3.33
2025-11-11,1429.12816224,7.78
2025-11-12,1430.0933875,8.89
2025-11-13,1391.4058127,1.11
2025-11-14,1386.80212093,1.11
2025-11-15,1416.00214554,6.67
2025-11-16,1397.48521378,3.33
2025-11-17,1401.04450709,4.44
2025-11-18,1408.83095797,5.56
2025-11-19,1434.01270263,14.44
2025-11-20,1417.18085904,10.0
2025-11-21,1417.73027833,11.11
2025-11-22,1419.91901174,13.33
2025-11-23,1367.5076863,1.11
2025-11-24,1325.81253367,1.11
2025-11-25,1343.69778424,2.22
2025-11-26,1361.29177349,3.33
2025-11-27,1370.62139188,5.56
2025-11-28,1390.75476027,7.78
2025-11-29,1358.15348267,3.33
2025-11-30,1388.05568445,8.89
2025-12-01,1379.05601813,7.78
2025-12-02,1391.44993498,13.33
2025-12-03,1450.83727703,33.33
2025-12-04,1494.8759542,54.44
2025-12-05,1485.34211561,48.89
2025-12-06,1495.91806588,56.67
2025-12-07,1496.84473144,58.89
2025-12-08,1507.50820305,61.11
2025-12-09,1575.36796126,85.56
2025-12-10,1628.04388285,92.22
2025-12-11,1591.63716814,84.44
2025-12-12,1536.74404703,68.89
2025-12-13,1539.8427844,68.89
2025-12-14,1548.47351395,71.11
2025-12-15,1562.0093778,75.56
2025-12-16,1535.10908431,64.44
2025-12-17,1521.17356525,58.89
2025-12-18,1564.8207568,76.67
2025-12-19,1560.60129897,73.33
2025-12-20,1540.17584691,64.44
2025-12-21,1561.68131925,73.33
2025-12-22,1580.36548863,83.33
2025-12-23,1582.69456603,83.33
2025-12-24,1582.2793644,82.22
2025-12-25,1584.6065699,83.33
2025-12-26,1588.10544015,83.33
2025-12-27,1574.08593541,76.67
2025-12-28,1581.91808727,78.89
2025-12-29,1587.36762481,82.22
2025-12-30,1583.77183639,80.0
2025-12-31,1613.00548228,88.89
2026-01-01,1598.05840736,84.44
2026-01-02,1557.35213513,54.44
2026-01-03,1549.45495987,53.33
2026-01-04,1503.99349562,37.78
2026-01-05,1373.62211432,7.78
2026-01-06,1430.79593785,26.67
2026-01-07,1463.13893891,31.11
2026-01-08,1463.19235117,32.22
2026-01-09,1473.61389446,33.33
2026-01-10,1476.40503181,34.44
2026-01-11,1505.63991323,45.56
2026-01-12,1507.18111003,46.67
2026-01-13,1535.8208266,56.67
2026-01-14,1568.159297,75.56
2026-01-15,1596.36827168,91.11
2026-01-16,1594.10000967,90.0
2026-01-17,1604.6531918,95.56
2026-01-18,1649.10615647,100.0
2026-01-19,1606.01711984,94.44
2026-01-20,1555.49206349,65.56
2026-01-21,1531.25385089,54.44
2026-01-22,1534.98128509,56.67
2026-01-23,1540.11773286,61.11
2026-01-24,1542.71535287,63.33
2026-01-25,1534.58814557,55.56
2026-01-26,1538.96854157,60.0
2026-01-27,1579.89873682,81.11
2026-01-28,1575.41729894,80.0
2026-01-29,1561.51250277,72.22
2026-01-30,1560.26970954,68.89
2026-01-31,1488.55633803,38.89
2026-02-01,1427.04928338,24.44
2026-02-02,1448.95666132,30.0
2026-02-03,1414.55259325,20.0
2026-02-04,1420.80687831,25.56
2026-02-05,1504.05894945,46.67
2026-02-06,1403.85086406,17.78
2026-02-07,1466.57297449,37.78
2026-02-08,1460.53955829,34.44
2026-02-09,1464.87125957,36.67
2026-02-10,1444.86749054,30.0
2026-02-11,1417.23005038,22.22
2026-02-12,1428.56618995,26.67
2026-02-13,1455.987492,32.22
2026-02-14,1382.39697893,10.0
2026-02-15,1333.00345692,2.22
2026-02-16,1343.3248185,3.33
2026-02-17,1350.91908024,5.56
2026-02-18,1375.56086926,12.22
2026-02-19,1385.47057151,15.56
2026-02-20,1377.60985167,13.33
2026-02-21,1379.5791387,14.44
2026-02-22,1405.26844674,21.11
2026-02-23,1373.20609558,7.78
2026-02-24,1373.63892598,8.89
2026-02-25,1434.88388312,27.78
2026-02-26,1445.55500107,28.89
2026-02-27,1422.97596225,22.22
2026-02-28,1427.4887371,23.33
2026-03-01,1434.27240461,25.56
2026-03-02,1458.52517986,32.22
2026-03-03,1457.19115161,31.11
2026-03-04,1486.67272346,42.22
2026-03-05,1476.71154805,41.11
2026-03-06,1451.39000954,30.0
2026-03-07,1451.75057124,31.11
2026-03-08,1445.59701493,28.89
2026-03-09,1462.09375688,37.78
2026-03-10,1469.02546346,43.33
2026-03-11,1481.88777352,47.78
2026-03-12,1497.55886177,51.11
2026-03-13,1495.61798556,51.11
2026-03-14,1490.54966935,51.11
2026-03-15,1503.6239387,54.44
2026-03-16,1524.93195075,61.11
2026-03-17,1526.40627058,61.11
2026-03-18,1504.32853144,57.78
2026-03-19,1476.89810017,47.78
2026-03-20,1485.06781068,50.0
2026-03-21,1480.10080931,48.89
2026-03-22,1483.16724437,51.11
2026-03-23,1502.49947637,58.89
2026-03-24,1522.76129944,66.67
2026-03-25,1533.41816896,71.11
2026-03-26,1514.02013374,66.67
2026-03-27,1503.16813759,60.0
2026-03-28,1496.09240231,57.78
2026-03-29,1494.68293418,56.67
2026-03-30,1530.34284851,74.44
2026-03-31,1569.92767131,91.11
2026-04-01,1588.03234901,94.44
2026-04-02,1558.46212121,86.67
2026-04-03,1557.82008495,85.56
2026-04-04,1570.37938113,91.11
2026-04-05,1591.02013119,94.44
2026-04-06,1594.8834393,95.56
2026-04-07,1624.72619134,98.89
2026-04-08,1630.9204647,98.89
2026-04-09,1629.85563328,97.78
2026-04-10,1655.76369939,100.0
2026-04-11,1686.83744279,100.0
2026-04-12,1654.45006417,97.78
2026-04-13,1722.49200349,100.0
2026-04-14,1705.54453991,98.89
2026-04-15,1695.12282718,97.78
2026-04-16,1616.08396421,88.89
2026-04-17,1639.22206411,92.22
2026-04-18,1640.94114362,93.33
2026-04-19,1623.34672213,87.78
2026-04-20,1624.55241171,87.78
2026-04-21,1623.51053439,86.67
2026-04-22,1660.8856863,95.56
2026-04-23,1619.81092729,83.33
2026-04-24,1615.03418446,81.11
2026-04-25,1629.09116449,87.78
2026-04-26,1656.14035088,94.44
2026-04-27,1644.65624331,91.11
2026-04-28,1658.39913075,94.44
2026-04-29,1645.53356219,90.0
2026-04-30,1650.34724761,90.0
2026-05-01,1656.53773993,93.33
2026-05-02,1662.45963981,95.56
2026-05-03,1673.37896254,95.56
2026-05-04,1686.42046271,95.56
2026-05-05,1671.22327623,93.33
2026-05-06,1649.82805811,83.33
2026-05-07,1651.92876199,84.44
2026-05-08,1626.75222113,73.33
2026-05-09,1637.76135164,76.67
2026-05-10,1609.3864531,63.33
2026-05-11,1583.56118029,58.89
2026-05-12,1583.13152401,57.78
2026-05-13,1582.46339242,56.67
2026-05-14,1537.33503905,51.11
2026-05-15,1551.36680614,51.11
2026-05-16,1542.7065648,50.0
2026-05-17,1520.40525114,42.22
2026-05-18,1532.43165468,46.67
2026-05-19,1551.06492362,50.0
2026-05-20,1557.51901697,51.11
2026-05-21,1553.06790887,50.0
2026-05-22,1548.03297115,46.67
2026-05-23,1559.06648016,53.33
2026-05-24,1554.29311621,48.89
2026-05-25,1564.84484929,53.33
2026-05-26,1560.16400843,52.22
2026-05-27,1548.51636586,42.22
2026-05-28,1527.74399514,34.44
2026-05-29,1514.69172932,28.89
2026-05-30,1508.38305489,26.67
2026-05-31,1505.63390848,25.56
