date,close,daily_return_pct,vol_20d_pct,percentile_90d
2021-06-01,2634.57,0.0,,
2021-06-02,2706.22,2.7196,,
2021-06-03,2857.25,5.5808,,
2021-06-04,2689.51,-5.8707,,
2021-06-05,2627.73,-2.2971,,
2021-06-06,2711.92,3.2039,,
2021-06-07,2592.05,-4.4201,,
2021-06-08,2507.23,-3.2723,,
2021-06-09,2610.18,4.1061,,
2021-06-10,2471.09,-5.3288,,
2021-06-11,2354.01,-4.738,,
2021-06-12,2370.74,0.7107,,
2021-06-13,2509.33,5.8459,,
2021-06-14,2580.77,2.847,,
2021-06-15,2543.54,-1.4426,,
2021-06-16,2367.89,-6.9057,,
2021-06-17,2373.28,0.2276,,
2021-06-18,2234.09,-5.8649,,
2021-06-19,2164.67,-3.1073,,
2021-06-20,2243.47,3.6403,4.0379,
2021-06-21,1885.49,-15.9565,5.2204,
2021-06-22,1879.28,-0.3294,5.1383,
2021-06-23,1968.14,4.7284,5.0812,
2021-06-24,1989.52,1.0863,5.0224,
2021-06-25,1808.82,-9.0826,5.2957,
2021-06-26,1829.64,1.151,5.219,
2021-06-27,1982.28,8.3426,5.6247,
2021-06-28,2084.41,5.1521,5.765,
2021-06-29,2165.33,3.8822,5.7558,
2021-06-30,2275.68,5.0962,5.7901,
2021-07-01,2106.41,-7.4382,5.9235,
2021-07-02,2154.13,2.2655,5.9473,
2021-07-03,2226.99,3.3823,5.8435,
2021-07-04,2322.69,4.2973,5.8923,
2021-07-05,2196.53,-5.4316,5.9928,
2021-07-06,2322.5,5.735,5.9549,
2021-07-07,2316.57,-0.2553,5.9553,
2021-07-08,2116.33,-8.6438,6.1221,
2021-07-09,2146.99,1.4487,6.0897,
2021-07-10,2110.69,-1.6907,6.0477,
2021-07-11,2140.45,1.41,4.8359,
2021-07-12,2031.58,-5.0863,4.9977,
2021-07-13,1940.15,-4.5004,5.0136,
2021-07-14,1994.58,2.8055,5.0452,
2021-07-15,1919.51,-3.7637,4.6788,
2021-07-16,1876.26,-2.2532,4.7105,
2021-07-17,1899.59,1.2434,4.3392,
2021-07-18,1891.64,-0.4185,4.1675,
2021-07-19,1818.73,-3.8543,4.1111,
2021-07-20,1786.03,-1.798,3.8866,
2021-07-21,1995.5,11.7282,4.5232,
2021-07-22,2024.56,1.4563,4.5048,
2021-07-23,2124.25,4.924,4.5782,
2021-07-24,2184.75,2.8481,4.5186,
2021-07-25,2189.79,0.2307,4.3567,
2021-07-26,2228.08,1.7486,4.181,
2021-07-27,2299.49,3.205,4.243,
2021-07-28,2300.9,0.0613,3.7461,
2021-07-29,2382.92,3.5647,3.8012,
2021-07-30,2461.81,3.3106,3.8072,
2021-07-31,2531.05,2.8126,3.8299,
2021-08-01,2555.69,0.9735,3.5745,
2021-08-02,2606.93,2.0049,3.3269,
2021-08-03,2509.04,-3.755,3.5047,
2021-08-04,2724.78,8.5985,3.6592,
2021-08-05,2826.99,3.7511,3.5566,
2021-08-06,2891.58,2.2848,3.5508,
2021-08-07,3160.31,9.2935,3.8159,
2021-08-08,3011.85,-4.6976,3.8917,
2021-08-09,3160.52,4.9362,3.7841,
2021-08-10,3141.66,-0.5967,3.2761,
2021-08-11,3160.5,0.5997,3.293,
2021-08-12,3045.96,-3.6241,3.4751,
2021-08-13,3322.32,9.073,3.8106,
2021-08-14,3263.16,-1.7807,3.8868,
2021-08-15,3307.09,1.3462,3.8895,
2021-08-16,3146.53,-4.855,4.159,
2021-08-17,3011.72,-4.2844,4.3464,
2021-08-18,3014.55,0.094,4.3277,
2021-08-19,3184.12,5.6251,4.4108,
2021-08-20,3284.82,3.1626,4.4171,
2021-08-21,3223.43,-1.8689,4.4741,
2021-08-22,3238.0,0.452,4.4741,
2021-08-23,3321.28,2.572,4.3349,
2021-08-24,3170.62,-4.5362,4.2033,
2021-08-25,3226.87,1.7741,4.1568,
2021-08-26,3093.2,-4.1424,4.2725,
2021-08-27,3273.45,5.8273,3.9688,
2021-08-28,3244.48,-0.885,3.815,
2021-08-29,3223.47,-0.6476,3.6779,
2021-08-30,3229.64,0.1914,3.6738,
2021-08-31,3429.2,6.179,3.8981,
2021-09-01,3826.82,11.5951,4.4661,
2021-09-02,3785.82,-1.0714,4.1101,
2021-09-03,3938.11,4.0226,4.1269,
2021-09-04,3885.52,-1.3354,4.1578,
2021-09-05,3950.29,1.667,3.9445,
2021-09-06,3926.77,-0.5954,3.7649,
2021-09-07,3434.57,-12.5345,4.8378,
2021-09-08,3499.0,1.8759,4.7173,
2021-09-09,3424.93,-2.1169,4.7134,
2021-09-10,3208.86,-6.3087,4.9117,
2021-09-11,3267.21,1.8184,4.9256,
2021-09-12,3404.21,4.1932,4.9776,
2021-09-13,3285.35,-3.4916,4.9324,
2021-09-14,3434.37,4.5359,5.0097,
2021-09-15,3613.55,5.2173,4.9971,
2021-09-16,3567.98,-1.2611,4.8856,
2021-09-17,3399.81,-4.7133,5.0116,75.56
2021-09-18,3435.64,1.0539,5.0082,73.33
2021-09-19,3328.62,-3.115,5.0681,80.0
2021-09-20,2977.28,-10.5551,5.396,84.44
2021-09-21,2765.9,-7.0998,4.796,63.33
2021-09-22,3076.92,11.2448,5.5428,84.44
2021-09-23,3152.5,2.4564,5.4838,83.33
2021-09-24,2928.53,-7.1045,5.6457,85.56
2021-09-25,2921.73,-0.2322,5.6118,84.44
2021-09-26,3059.37,4.7109,5.764,87.78
2021-09-27,2925.59,-4.3728,5.1992,81.11
2021-09-28,2804.91,-4.125,5.2171,82.22
2021-09-29,2850.45,1.6236,5.2394,83.33
2021-09-30,3000.61,5.2679,5.2357,83.33
2021-10-01,3309.91,10.3079,5.705,91.11
2021-10-02,3387.76,2.352,5.6549,91.11
2021-10-03,3417.73,0.8847,5.5947,88.89
2021-10-04,3386.31,-0.9193,5.5166,87.78
2021-10-05,3515.27,3.8083,5.4593,86.67
2021-10-06,3574.89,1.696,5.4629,87.78
2021-10-07,3587.47,0.3519,5.3473,85.56
2021-10-08,3563.13,-0.6785,5.3503,86.67
2021-10-09,3574.82,0.3281,5.2919,84.44
2021-10-10,3414.22,-4.4925,4.801,64.44
2021-10-11,3542.12,3.7461,4.4798,54.44
2021-10-12,3491.46,-1.4302,3.8921,27.78
2021-10-13,3607.42,3.3212,3.916,30.0
2021-10-14,3790.82,5.084,3.5799,10.0
2021-10-15,3868.99,2.0621,3.5637,8.89
2021-10-16,3829.96,-1.0088,3.5219,6.67
2021-10-17,3846.85,0.441,3.2904,2.22
2021-10-18,3744.96,-2.6487,3.1796,1.11
2021-10-19,3877.03,3.5266,3.2101,2.22
2021-10-20,4161.15,7.3283,3.3559,7.78
2021-10-21,4052.99,-2.5993,2.8405,1.11
2021-10-22,3972.2,-1.9933,2.8988,2.22
2021-10-23,4167.12,4.9071,3.0314,3.33
2021-10-24,4082.33,-2.0347,3.0769,4.44
2021-10-25,4220.37,3.3814,3.0587,4.44
2021-10-26,4131.52,-2.1053,3.1247,6.67
2021-10-27,3922.0,-5.0713,3.3749,15.56
2021-10-28,4286.02,9.2815,3.8633,35.56
2021-10-29,4418.89,3.1001,3.8863,35.56
2021-10-30,4322.68,-2.1772,3.7489,27.78
2021-10-31,4287.21,-0.8206,3.7292,26.67
2021-11-01,4319.43,0.7515,3.6874,25.56
2021-11-02,4589.89,6.2615,3.8276,33.33
2021-11-03,4603.35,0.2933,3.7309,25.56
2021-11-04,4532.32,-1.543,3.7643,26.67
2021-11-05,4474.24,-1.2815,3.7715,28.89
2021-11-06,4518.0,0.978,3.7704,28.89
2021-11-07,4612.59,2.0936,3.6895,23.33
2021-11-08,4807.98,4.236,3.7159,23.33
2021-11-09,4732.33,-1.5734,3.4744,13.33
2021-11-10,4628.78,-2.1881,3.4559,13.33
2021-11-11,4719.0,1.9491,3.4074,13.33
2021-11-12,4665.46,-1.1346,3.307,11.11
2021-11-13,4644.28,-0.454,3.2612,10.0
2021-11-14,4626.5,-0.3828,3.2091,8.89
2021-11-15,4563.78,-1.3557,3.1826,8.89
2021-11-16,4209.76,-7.7572,3.4614,20.0
2021-11-17,4287.8,1.8538,2.8311,1.11
2021-11-18,3996.9,-6.7844,3.1038,7.78
2021-11-19,4294.76,7.4523,3.5181,24.44
2021-11-20,4412.17,2.7338,3.5601,26.67
2021-11-21,4258.31,-3.4872,3.6466,30.0
2021-11-22,4085.97,-4.0471,3.4476,21.11
2021-11-23,4339.44,6.2034,3.7451,40.0
2021-11-24,4269.36,-1.615,3.7464,41.11
2021-11-25,4524.85,5.9843,3.9721,56.67
2021-11-26,4041.2,-10.6888,4.6108,62.22
2021-11-27,4095.29,1.3385,4.5929,61.11
2021-11-28,4294.78,4.8712,4.6275,62.22
2021-11-29,4444.53,3.4868,4.6972,62.22
2021-11-30,4630.26,4.1788,4.767,64.44
2021-12-01,4582.95,-1.0218,4.7538,63.33
2021-12-02,4511.21,-1.5654,4.7598,63.33
2021-12-03,4215.73,-6.5499,4.9664,72.22
2021-12-04,4117.25,-2.336,4.9851,73.33
2021-12-05,4196.44,1.9234,5.0067,74.44
2021-12-06,4347.59,3.6019,4.766,61.11
2021-12-07,4306.4,-0.9474,4.7588,58.89
2021-12-08,4436.91,3.0306,4.5198,52.22
2021-12-09,4105.64,-7.4662,4.5628,53.33
2021-12-10,3897.94,-5.0589,4.6347,57.78
2021-12-11,4089.37,4.9111,4.7253,60.0
2021-12-12,4130.0,0.9936,4.6412,58.89
2021-12-13,3781.93,-8.4278,4.7825,67.78
2021-12-14,3858.99,2.0376,4.8087,71.11
2021-12-15,4019.08,4.1485,4.7026,61.11
2021-12-16,3958.11,-1.517,4.0919,51.11
2021-12-17,3875.42,-2.0891,4.1033,52.22
2021-12-18,3959.93,2.1807,3.9773,51.11
2021-12-19,3924.14,-0.9038,3.8809,46.67
2021-12-20,3944.73,0.5247,3.7376,37.78
2021-12-21,4014.15,1.7598,3.7756,45.56
2021-12-22,3979.51,-0.8629,3.7696,43.33
2021-12-23,4111.41,3.3145,3.5939,31.11
2021-12-24,4046.36,-1.5822,3.5737,30.0
2021-12-25,4094.83,1.1979,3.5574,27.78
2021-12-26,4063.56,-0.7636,3.4587,23.33
2021-12-27,4037.23,-0.648,3.4564,23.33
2021-12-28,3792.75,-6.0556,3.5885,35.56
2021-12-29,3630.19,-4.2861,3.3483,17.78
2021-12-30,3709.27,2.1784,3.2312,14.44
2021-12-31,3676.23,-0.8907,3.0128,4.44
2022-01-01,3765.54,2.4294,3.0639,7.78
2022-01-02,3828.27,1.6659,2.4772,1.11
2022-01-03,3765.89,-1.6295,2.4621,1.11
2022-01-04,3785.11,0.5104,2.2689,1.11
2022-01-05,3540.63,-6.459,2.6311,4.44
2022-01-06,3406.81,-3.7796,2.7062,5.56
2022-01-07,3199.24,-6.0928,2.8758,8.89
2022-01-08,3080.95,-3.6974,2.9341,11.11
2022-01-09,3151.97,2.3051,3.0098,12.22
2022-01-10,3082.68,-2.1983,2.9468,12.22
2022-01-11,3239.72,5.0943,3.2573,27.78
2022-01-12,3371.26,4.0602,3.31,32.22
2022-01-13,3240.61,-3.8754,3.3697,35.56
2022-01-14,3307.42,2.0616,3.4036,37.78
2022-01-15,3326.04,0.563,3.4205,38.89
2022-01-16,3346.88,0.6266,3.4371,38.89
2022-01-17,3209.67,-4.0996,3.3139,30.0
2022-01-18,3159.85,-1.5522,3.2213,24.44
2022-01-19,3084.02,-2.3998,3.1753,21.11
2022-01-20,3001.48,-2.6764,3.1997,22.22
2022-01-21,2568.15,-14.4372,4.2473,77.78
2022-01-22,2412.18,-6.0732,4.2663,77.78
2022-01-23,2539.01,5.2579,4.565,80.0
2022-01-24,2439.29,-3.9275,4.553,77.78
2022-01-25,2458.83,0.8011,4.477,75.56
2022-01-26,2462.99,0.1692,4.4681,74.44
2022-01-27,2424.25,-1.5729,4.3429,73.33
2022-01-28,2544.99,4.9805,4.5098,75.56
2022-01-29,2601.43,2.2177,4.5068,74.44
2022-01-30,2601.68,0.0096,4.4994,73.33
2022-01-31,2686.94,3.2771,4.3979,70.0
2022-02-01,2787.23,3.7325,4.3803,68.89
2022-02-02,2680.67,-3.8232,4.3785,67.78
2022-02-03,2695.46,0.5517,4.3406,65.56
2022-02-04,2994.99,11.1124,5.0685,100.0
2022-02-05,3012.65,0.5897,5.0682,98.89
2022-02-06,3054.99,1.4054,5.0085,97.78
2022-02-07,3139.77,2.7751,5.0353,97.78
2022-02-08,3116.69,-0.7351,5.007,95.56
2022-02-09,3243.94,4.0829,5.0307,96.67
2022-02-10,3072.49,-5.2852,3.9495,51.11
2022-02-11,2927.54,-4.7177,3.838,48.89
2022-02-12,2918.88,-0.2958,3.7223,42.22
2022-02-13,2871.13,-1.6359,3.6095,40.0
2022-02-14,2929.75,2.0417,3.6183,40.0
2022-02-15,3183.52,8.6618,3.9824,53.33
2022-02-16,3122.3,-1.923,3.9961,53.33
2022-02-17,2891.87,-7.3801,4.3289,57.78
2022-02-18,2779.48,-3.8864,4.4276,63.33
2022-02-19,2763.63,-0.5703,4.4321,63.33
2022-02-20,2621.99,-5.1251,4.5364,70.0
2022-02-21,2568.02,-2.0584,4.4719,63.33
2022-02-22,2636.29,2.6585,4.4404,61.11
2022-02-23,2579.71,-2.1462,4.4629,61.11
2022-02-24,2596.2,0.6392,3.6554,35.56
2022-02-25,2768.49,6.6362,3.9806,45.56
2022-02-26,2779.47,0.3966,3.9645,44.44
2022-02-27,2616.79,-5.8529,4.0644,50.0
2022-02-28,2920.95,11.6234,4.8872,90.0
2022-03-01,2976.33,1.896,4.8139,88.89
2022-03-02,2947.3,-0.9754,4.6813,81.11
2022-03-03,2833.99,-3.8445,4.642,81.11
2022-03-04,2622.1,-7.4767,4.9162,92.22
2022-03-05,2665.15,1.6418,4.9274,93.33
2022-03-06,2551.29,-4.2722,4.9724,93.33
2022-03-07,2491.12,-2.3584,4.508,72.22
2022-03-08,2575.97,3.4061,4.6089,78.89
2022-03-09,2726.98,5.8623,4.5747,77.78
2022-03-10,2606.7,-4.4107,4.5972,78.89
2022-03-11,2556.86,-1.912,4.6117,81.11
2022-03-12,2568.8,0.467,4.4772,70.0
2022-03-13,2515.65,-2.0691,4.4775,71.11
2022-03-14,2589.41,2.932,4.486,72.22
2022-03-15,2617.73,1.0937,4.4637,66.67
2022-03-16,2773.81,5.9624,4.6389,85.56
2022-03-17,2811.92,1.3739,4.4241,60.0
2022-03-18,2938.92,4.5165,4.5245,76.67
2022-03-19,2950.84,0.4056,4.293,51.11
2022-03-20,2861.38,-3.0317,3.5515,28.89
2022-03-21,2890.03,1.0013,3.5325,28.89
2022-03-22,2969.64,2.7546,3.5787,33.33
2022-03-23,3036.0,2.2346,3.4875,28.89
2022-03-24,3110.76,2.4625,3.0034,10.0
2022-03-25,3102.14,-0.2771,3.0089,11.11
2022-03-26,3145.0,1.3816,2.7749,6.67
2022-03-27,3295.65,4.7901,2.7682,6.67
2022-03-28,3332.92,1.1309,2.7318,6.67
2022-03-29,3400.51,2.028,2.5347,4.44
2022-03-30,3385.79,-0.4329,2.2288,1.11
2022-03-31,3281.51,-3.0799,2.3264,3.33
2022-04-01,3455.21,5.2933,2.4749,5.56
2022-04-02,3443.77,-0.3311,2.3758,4.44
2022-04-03,3521.91,2.269,2.3617,4.44
2022-04-04,3519.5,-0.0684,2.3871,5.56
2022-04-05,3406.99,-3.1968,2.3692,4.44
2022-04-06,3168.51,-6.9997,2.9465,15.56
2022-04-07,3227.19,1.852,2.8261,13.33
2022-04-08,3192.39,-1.0783,2.8473,14.44
2022-04-09,3258.57,2.0731,2.7523,11.11
2022-04-10,3203.04,-1.7041,2.7997,14.44
2022-04-11,2979.74,-6.9715,3.1926,22.22
2022-04-12,3027.66,1.6082,3.1742,21.11
2022-04-13,3118.28,2.9931,3.1965,24.44
2022-04-14,3021.98,-3.0882,3.2694,27.78
2022-04-15,3040.56,0.6148,3.2565,27.78
2022-04-16,3059.3,0.6163,3.0635,21.11
2022-04-17,2988.06,-2.3286,3.0742,22.22
2022-04-18,3055.56,2.259,3.084,23.33
2022-04-19,3101.77,1.5123,3.1147,24.44
2022-04-20,3076.04,-0.8295,3.0555,21.11
2022-04-21,2983.58,-3.0058,2.826,15.56
2022-04-22,2962.39,-0.7102,2.8248,15.56
2022-04-23,2933.03,-0.9911,2.741,11.11
2022-04-24,2921.0,-0.4102,2.737,11.11
2022-04-25,3006.62,2.9312,2.8037,17.78
2022-04-26,2809.67,-6.5505,2.7536,14.44
2022-04-27,2888.96,2.822,2.8038,20.0
2022-04-28,2936.93,1.6605,2.8394,24.44
2022-04-29,2817.13,-4.0791,2.8903,26.67
2022-04-30,2726.66,-3.2114,2.9353,27.78
2022-05-01,2824.81,3.5996,2.7121,10.0
2022-05-02,2856.54,1.1233,2.6977,10.0
2022-05-03,2781.7,-2.62,2.6366,10.0
2022-05-04,2940.64,5.7138,2.8955,31.11
2022-05-05,2747.97,-6.552,3.2118,45.56
2022-05-06,2692.85,-2.0058,3.219,46.67
2022-05-07,2635.34,-2.1357,3.214,46.67
2022-05-08,2519.71,-4.3877,3.2474,48.89
2022-05-09,2228.55,-11.5553,3.9365,62.22
2022-05-10,2342.05,5.093,4.1946,70.0
2022-05-11,2084.99,-10.9759,4.6905,94.44
2022-05-12,1960.22,-5.9842,4.777,94.44
2022-05-13,2009.69,2.5237,4.8718,95.56
2022-05-14,2056.48,2.3282,4.9455,98.89
2022-05-15,2145.29,4.3185,5.018,100.0
2022-05-16,2023.66,-5.6696,4.9775,98.89
2022-05-17,2090.72,3.3138,5.0,98.89
2022-05-18,1915.11,-8.3995,5.1626,100.0
2022-05-19,2019.55,5.4535,5.382,100.0
2022-05-20,1959.08,-2.9942,5.3788,98.89
2022-05-21,1975.07,0.8162,5.2804,97.78
2022-05-22,2043.19,3.449,5.3647,97.78
2022-05-23,1973.32,-3.4197,5.3757,97.78
2022-05-24,1979.41,0.3086,5.134,93.33
2022-05-25,1942.63,-1.8581,5.0185,92.22
2022-05-26,1792.23,-7.7421,5.1949,94.44
2022-05-27,1727.27,-3.6245,5.2088,94.44
2022-05-28,1792.22,3.7603,5.3197,95.56
2022-05-29,1813.64,1.1952,4.8223,78.89
2022-05-30,1998.78,10.2082,5.2503,93.33
2022-05-31,1941.9,-2.8457,4.7234,75.56
2022-06-01,1817.95,-6.3829,4.7483,75.56
2022-06-02,1834.08,0.8873,4.7136,74.44
2022-06-03,1775.12,-3.2147,4.7112,74.44
2022-06-04,1804.58,1.6596,4.6063,70.0
2022-06-05,1806.23,0.0914,4.468,62.22
2022-06-06,1859.84,2.9681,4.454,61.11
2022-06-07,1813.33,-2.5008,4.1014,57.78
2022-06-08,1791.88,-1.1829,3.8947,56.67
2022-06-09,1788.81,-0.1713,3.8535,56.67
2022-06-10,1662.91,-7.0382,4.1037,61.11
2022-06-11,1532.89,-7.8188,4.2561,63.33
2022-06-12,1434.84,-6.3964,4.3767,65.56
2022-06-13,1209.82,-15.6826,5.3323,95.56
2022-06-14,1208.9,-0.076,5.3536,95.56
2022-06-15,1237.52,2.3674,5.2828,92.22
2022-06-16,1068.5,-13.658,5.8848,100.0
2022-06-17,1086.94,1.7258,5.798,98.89
2022-06-18,995.13,-8.4466,5.888,100.0
2022-06-19,1128.53,13.4053,6.2694,100.0
2022-06-20,1128.24,-0.0257,6.2943,100.0
2022-06-21,1125.85,-0.2118,6.2462,97.78
2022-06-22,1050.19,-6.7203,6.2802,98.89
2022-06-23,1144.72,9.0012,6.7611,100.0
2022-06-24,1225.02,7.0148,7.0,100.0
2022-06-25,1242.36,1.4155,7.0226,100.0
2022-06-26,1197.79,-3.5875,6.9543,97.78
2022-06-27,1192.51,-0.4408,6.9603,97.78
2022-06-28,1144.05,-4.0637,6.9753,97.78
2022-06-29,1100.21,-3.832,6.9737,96.67
2022-06-30,1071.01,-2.654,6.8851,93.33
2022-07-01,1059.73,-1.0532,6.7526,91.11
2022-07-02,1067.01,0.687,6.6769,90.0
2022-07-03,1074.26,0.6795,5.8025,82.22
2022-07-04,1151.0,7.1435,6.0329,84.44
2022-07-05,1132.5,-1.6073,6.015,83.33
2022-07-06,1186.57,4.7744,5.256,67.78
2022-07-07,1237.49,4.2914,5.3114,70.0
2022-07-08,1214.04,-1.895,4.9193,54.44
2022-07-09,1217.02,0.2455,4.0316,35.56
2022-07-10,1168.36,-3.9983,4.1467,37.78
2022-07-11,1096.4,-6.1591,4.3767,41.11
2022-07-12,1038.58,-5.2736,4.2765,38.89
2022-07-13,1115.0,7.3581,4.1162,34.44
2022-07-14,1193.42,7.0332,4.1178,34.44
2022-07-15,1231.25,3.1699,4.1664,35.56
2022-07-16,1355.85,10.1198,4.6163,44.44
2022-07-17,1338.65,-1.2686,4.6303,44.44
2022-07-18,1581.04,18.107,5.8532,80.0
2022-07-19,1542.32,-2.449,5.7942,76.67
2022-07-20,1521.58,-1.3447,5.75,75.56
2022-07-21,1575.45,3.5404,5.718,74.44
2022-07-22,1535.27,-2.5504,5.8025,78.89
2022-07-23,1548.67,0.8728,5.8005,76.67
2022-07-24,1597.7,3.1659,5.688,71.11
2022-07-25,1440.79,-9.821,6.1937,84.44
2022-07-26,1449.12,0.5782,6.1466,83.33
2022-07-27,1635.74,12.8782,6.6294,88.89
2022-07-28,1724.52,5.4275,6.6277,87.78
2022-07-29,1721.68,-0.1647,6.6336,88.89
2022-07-30,1697.0,-1.4335,6.5413,85.56
2022-07-31,1678.12,-1.1126,6.3116,84.44
2022-08-01,1630.28,-2.8508,6.1863,77.78
2022-08-02,1630.91,0.0386,6.1018,75.56
2022-08-03,1618.16,-0.7818,6.0229,73.33
2022-08-04,1607.96,-0.6303,6.0336,74.44
2022-08-05,1736.81,8.0133,5.8994,70.0
2022-08-06,1690.6,-2.6606,5.9387,70.0
2022-08-07,1700.19,0.5673,4.5248,18.89
2022-08-08,1777.05,4.5207,4.5553,18.89
2022-08-09,1702.76,-4.1805,4.6631,23.33
2022-08-10,1853.57,8.8568,4.9611,33.33
2022-08-11,1880.19,1.4361,4.8967,30.0
2022-08-12,1958.28,4.1533,4.9399,32.22
2022-08-13,1983.55,1.2904,4.9214,32.22
2022-08-14,1935.31,-2.432,4.3203,13.33
2022-08-15,1899.06,-1.8731,4.3812,16.67
2022-08-16,1876.67,-1.179,3.5385,1.11
2022-08-17,1834.25,-2.2604,3.4253,1.11
2022-08-18,1846.39,0.6619,3.4236,1.11
2022-08-19,1609.01,-12.8564,4.4746,23.33
2022-08-20,1576.04,-2.0491,4.4891,24.44
2022-08-21,1618.13,2.6706,4.488,24.44
2022-08-22,1624.66,0.4036,4.4886,25.56
2022-08-23,1665.41,2.5082,4.5141,27.78
2022-08-24,1656.56,-0.5314,4.5132,27.78
2022-08-25,1695.11,2.3271,4.1824,14.44
2022-08-26,1508.18,-11.0276,4.7977,42.22
2022-08-27,1491.06,-1.1351,4.794,42.22
2022-08-28,1426.76,-4.3124,4.7141,40.0
2022-08-29,1551.8,8.7639,5.1024,50.0
2022-08-30,1524.59,-1.7534,4.6513,36.67
2022-08-31,1554.1,1.9356,4.6649,38.89
2022-09-01,1586.16,2.0629,4.5745,33.33
2022-09-02,1575.35,-0.6815,4.5466,32.22
2022-09-03,1557.46,-1.1356,4.5355,31.11
2022-09-04,1579.28,1.401,4.5591,33.33
2022-09-05,1617.8,2.4391,4.6123,34.44
2022-09-06,1559.01,-3.6339,4.6462,36.67
2022-09-07,1630.0,4.5535,4.7786,41.11
2022-09-08,1635.37,0.3294,3.8476,4.44
2022-09-09,1718.23,5.0667,3.9547,5.56
2022-09-10,1774.12,3.2528,3.9726,6.67
2022-09-11,1766.11,-0.4515,3.9784,7.78
2022-09-12,1716.37,-2.8164,4.0131,8.89
2022-09-13,1574.4,-8.2715,4.4206,21.11
2022-09-14,1638.39,4.0644,4.4851,23.33
2022-09-15,1472.75,-10.1099,4.3761,18.89
2022-09-16,1433.9,-2.6379,4.4074,22.22
2022-09-17,1468.83,2.436,4.3294,18.89
2022-09-18,1334.51,-9.1447,4.3259,18.89
2022-09-19,1375.98,3.1075,4.3934,24.44
2022-09-20,1322.93,-3.8554,4.4199,26.67
2022-09-21,1245.78,-5.8318,4.5071,34.44
2022-09-22,1326.46,6.4763,4.8004,56.67
2022-09-23,1327.25,0.0596,4.8025,57.78
2022-09-24,1317.13,-0.7625,4.7788,54.44
2022-09-25,1294.63,-1.7083,4.724,53.33
2022-09-26,1336.17,3.2086,4.768,54.44
2022-09-27,1328.02,-0.61,4.6165,46.67
2022-09-28,1337.2,0.6913,4.6221,47.78
2022-09-29,1335.7,-0.1122,4.4217,28.89
2022-09-30,1328.72,-0.5226,4.3088,17.78
2022-10-01,1311.79,-1.2742,4.3041,17.78
2022-10-02,1276.72,-2.6734,4.3018,17.78
2022-10-03,1323.09,3.632,4.1261,13.33
2022-10-04,1361.49,2.9023,4.0653,11.11
2022-10-05,1352.2,-0.6823,3.4649,3.33
2022-10-06,1352.06,-0.0104,3.4258,3.33
2022-10-07,1331.1,-1.5502,3.3804,1.11
2022-10-08,1315.48,-1.1735,2.7387,1.11
2022-10-09,1323.13,0.5815,2.6477,1.11
2022-10-10,1290.03,-2.5016,2.5685,1.11
2022-10-11,1280.11,-0.769,2.2157,1.11
2022-10-12,1294.44,1.1194,1.6996,1.11
2022-10-13,1287.08,-0.5686,1.702,2.22
2022-10-14,1296.27,0.714,1.7054,3.33
2022-10-15,1274.92,-1.647,1.7025,3.33
2022-10-16,1305.95,2.4339,1.6351,1.11
2022-10-17,1331.4,1.9488,1.6895,2.22
2022-10-18,1310.71,-1.554,1.716,7.78
2022-10-19,1285.09,-1.9547,1.7638,8.89
2022-10-20,1282.57,-0.1961,1.762,8.89
2022-10-21,1299.75,1.3395,1.7715,11.11
2022-10-22,1313.61,1.0664,1.6776,2.22
2022-10-23,1364.2,3.8512,1.7008,5.56
2022-10-24,1343.61,-1.5093,1.6158,1.11
2022-10-25,1459.74,8.6431,2.4809,16.67
2022-10-26,1566.1,7.2862,2.8939,21.11
2022-10-27,1514.05,-3.3235,2.9894,22.22
2022-10-28,1554.41,2.6657,2.9869,22.22
2022-10-29,1619.55,4.1907,3.0712,24.44
2022-10-30,1590.44,-1.7974,3.034,24.44
2022-10-31,1572.69,-1.116,3.0455,25.56
2022-11-01,1578.48,0.3682,3.0495,26.67
2022-11-02,1518.34,-3.81,3.2125,28.89
2022-11-03,1531.01,0.8345,3.2123,28.89
2022-11-04,1644.78,7.431,3.4546,35.56
2022-11-05,1626.98,-1.0822,3.4838,37.78
2022-11-06,1568.29,-3.6073,3.6286,40.0
2022-11-07,1568.1,-0.0121,3.5922,40.0
2022-11-08,1334.77,-14.8798,4.9609,98.89
2022-11-09,1102.73,-17.3843,6.287,100.0
2022-11-10,1299.28,17.8239,7.4522,100.0
2022-11-11,1289.28,-0.7697,7.4533,100.0
2022-11-12,1257.25,-2.4843,7.4255,97.78
2022-11-13,1221.49,-2.8443,7.4436,97.78
2022-11-14,1243.28,1.7839,7.182,95.56
2022-11-15,1253.23,0.8003,6.9646,94.44
2022-11-16,1216.17,-2.9572,6.9586,93.33
2022-11-17,1200.43,-1.2942,6.9121,92.22
2022-11-18,1212.58,1.0121,6.8261,91.11
2022-11-19,1217.67,0.4198,6.8334,91.11
2022-11-20,1142.21,-6.1971,6.9236,92.22
2022-11-21,1107.34,-3.0529,6.9215,91.11
2022-11-22,1139.6,2.9133,6.9649,94.44
2022-11-23,1184.52,3.9417,7.0423,94.44
2022-11-24,1203.73,1.6218,6.8034,84.44
2022-11-25,1199.3,-0.368,6.8064,84.44
2022-11-26,1205.6,0.5253,6.7952,82.22
2022-11-27,1193.88,-0.9721,6.791,81.11
2022-11-28,1167.77,-2.187,6.0251,78.89
2022-11-29,1216.49,4.1721,4.6843,70.0
2022-11-30,1294.46,6.4094,2.9094,22.22
2022-12-01,1276.41,-1.3944,2.9211,23.33
2022-12-02,1295.59,1.5027,2.881,21.11
2022-12-03,1240.51,-4.2513,2.9701,25.56
2022-12-04,1279.41,3.1358,3.0221,28.89
2022-12-05,1259.41,-1.5632,3.042,31.11
2022-12-06,1271.32,0.9457,2.9657,25.56
2022-12-07,1231.18,-3.1573,3.0416,32.22
2022-12-08,1280.18,3.9799,3.1494,37.78
2022-12-09,1263.1,-1.3342,3.1698,38.89
2022-12-10,1266.35,0.2573,2.8064,21.11
2022-12-11,1263.01,-0.2638,2.6905,20.0
2022-12-12,1275.4,0.981,2.6434,18.89
2022-12-13,1320.69,3.551,2.62,18.89
2022-12-14,1307.44,-1.0033,2.6302,20.0
2022-12-15,1266.54,-3.1283,2.7395,25.56
2022-12-16,1166.83,-7.8726,3.2672,48.89
2022-12-17,1187.16,1.7423,3.2849,50.0
2022-12-18,1183.06,-0.3454,3.2471,48.89
2022-12-19,1167.82,-1.2882,3.1219,44.44
2022-12-20,1216.94,4.2061,2.9208,31.11
2022-12-21,1213.78,-0.2597,2.9093,30.0
2022-12-22,1217.71,0.3238,2.8859,28.89
2022-12-23,1219.99,0.1872,2.7378,24.44
2022-12-24,1220.41,0.0344,2.6393,21.11
2022-12-25,1218.51,-0.1557,2.6207,20.0
2022-12-26,1228.11,0.7878,2.6177,18.89
2022-12-27,1211.55,-1.3484,2.542,17.78
2022-12-28,1190.15,-1.7663,2.3908,16.67
2022-12-29,1200.49,0.8688,2.3929,17.78
2022-12-30,1199.99,-0.0416,2.3908,17.78
2022-12-31,1196.13,-0.3217,2.3909,18.89
2023-01-01,1200.34,0.352,2.3787,16.67
2023-01-02,1214.0,1.138,2.2387,16.67
2023-01-03,1214.55,0.0453,2.2361,16.67
2023-01-04,1256.9,3.4869,2.2882,18.89
2023-01-05,1251.24,-0.4503,1.4204,1.11
2023-01-06,1269.14,1.4306,1.4068,1.11
2023-01-07,1264.07,-0.3995,1.4082,2.22
2023-01-08,1290.16,2.064,1.4037,1.11
2023-01-09,1320.39,2.3431,1.2027,1.11
2023-01-10,1335.62,1.1534,1.2024,1.11
2023-01-11,1389.39,4.0258,1.4271,7.78
2023-01-12,1415.92,1.9095,1.4471,8.89
2023-01-13,1451.2,2.4917,1.4843,10.0
2023-01-14,1549.9,6.8013,1.9445,20.0
2023-01-15,1552.52,0.169,1.9562,20.0
2023-01-16,1576.94,1.5729,1.8677,17.78
2023-01-17,1565.57,-0.721,1.793,16.67
2023-01-18,1511.43,-3.4582,2.0814,20.0
2023-01-19,1551.09,2.624,2.0843,20.0
2023-01-20,1658.52,6.9261,2.378,23.33
2023-01-21,1626.66,-1.921,2.4902,30.0
2023-01-22,1627.44,0.048,2.5107,30.0
2023-01-23,1626.29,-0.0707,2.5142,30.0
2023-01-24,1555.97,-4.324,2.7692,42.22
2023-01-25,1611.94,3.5971,2.7955,43.33
2023-01-26,1601.09,-0.6731,2.8284,45.56
2023-01-27,1597.62,-0.2167,2.8235,45.56
2023-01-28,1572.1,-1.5974,2.8808,47.78
2023-01-29,1644.72,4.6193,2.9737,57.78
2023-01-30,1566.2,-4.7741,3.2417,67.78
2023-01-31,1585.33,1.2214,3.161,64.44
2023-02-01,1641.68,3.5545,3.2121,66.67
2023-02-02,1643.12,0.0877,3.1912,66.67
2023-02-03,1663.52,1.2415,2.8714,47.78
2023-02-04,1666.38,0.1719,2.8714,47.78
2023-02-05,1629.02,-2.242,2.9133,55.56
2023-02-06,1614.29,-0.9042,2.9165,56.67
2023-02-07,1671.03,3.5149,2.8753,50.0
2023-02-08,1650.43,-1.2328,2.8587,47.78
2023-02-09,1545.35,-6.3668,2.7974,44.44
2023-02-10,1513.06,-2.0895,2.8025,45.56
2023-02-11,1538.51,1.682,2.8357,50.0
2023-02-12,1514.83,-1.5392,2.8493,51.11
2023-02-13,1505.24,-0.6331,2.6992,40.0
2023-02-14,1555.71,3.353,2.6828,38.89
2023-02-15,1674.92,7.6627,3.1709,80.0
2023-02-16,1637.84,-2.2138,3.216,83.33
2023-02-17,1693.87,3.421,3.2632,86.67
2023-02-18,1691.62,-0.1328,3.1192,75.56
2023-02-19,1679.75,-0.7017,2.9147,65.56
2023-02-20,1703.27,1.4002,2.9175,67.78
2023-02-21,1659.76,-2.5545,2.8911,62.22
2023-02-22,1643.14,-1.0013,2.901,63.33
2023-02-23,1650.53,0.4497,2.8898,62.22
2023-02-24,1607.8,-2.5889,2.9438,74.44
2023-02-25,1594.58,-0.8222,2.9091,65.56
2023-02-26,1641.36,2.9337,2.9732,78.89
2023-02-27,1633.45,-0.4819,2.8714,55.56
2023-02-28,1605.23,-1.7276,2.8834,62.22
2023-03-01,1665.22,3.7372,2.6132,32.22
2023-03-02,1647.86,-1.0425,2.5728,32.22
2023-03-03,1569.45,-4.7583,2.7933,47.78
2023-03-04,1566.73,-0.1733,2.768,46.67
2023-03-05,1564.58,-0.1372,2.7626,46.67
2023-03-06,1565.84,0.0805,2.6682,41.11
2023-03-07,1561.96,-0.2478,2.0207,15.56
2023-03-08,1532.38,-1.8938,2.0069,15.56
2023-03-09,1437.32,-6.2034,2.1988,20.0
2023-03-10,1426.44,-0.757,2.1937,20.0
2023-03-11,1471.97,3.1919,2.3622,25.56
2023-03-12,1580.33,7.3616,2.9117,77.78
2023-03-13,1673.45,5.8924,3.1607,88.89
2023-03-14,1699.4,1.5507,3.1655,90.0
2023-03-15,1649.96,-2.9093,3.2371,94.44
2023-03-16,1673.73,1.4406,3.1916,92.22
2023-03-17,1789.27,6.9031,3.4917,100.0
2023-03-18,1758.84,-1.7007,3.4854,98.89
2023-03-19,1780.68,1.2417,3.4837,97.78
2023-03-20,1732.78,-2.69,3.5205,100.0
2023-03-21,1801.23,3.9503,3.5307,100.0
2023-03-22,1734.33,-3.7141,3.6339,100.0
2023-03-23,1813.79,4.5816,3.5503,98.89
2023-03-24,1749.57,-3.5407,3.6697,100.0
2023-03-25,1741.88,-0.4395,3.6734,100.0
2023-03-26,1773.88,1.8371,3.6808,100.0
2023-03-27,1715.22,-3.3069,3.779,100.0
2023-03-28,1772.99,3.3681,3.7836,100.0
2023-03-29,1793.07,1.1326,3.4252,86.67
2023-03-30,1793.61,0.0301,3.4073,85.56
2023-03-31,1821.52,1.5561,3.3782,84.44
2023-04-01,1820.79,-0.0401,3.066,70.0
2023-04-02,1794.51,-1.4433,2.8617,48.89
2023-04-03,1810.51,0.8916,2.8519,46.67
2023-04-04,1870.37,3.3063,2.8174,41.11
2023-04-05,1908.69,2.0488,2.8289,43.33
2023-04-06,1872.41,-1.9008,2.4944,23.33
2023-04-07,1863.72,-0.4641,2.4601,21.11
2023-04-08,1848.82,-0.7995,2.4621,21.11
2023-04-09,1858.92,0.5463,2.3703,17.78
2023-04-10,1910.2,2.7586,2.2935,15.56
2023-04-11,1889.86,-1.0648,2.1272,12.22
2023-04-12,1917.39,1.4567,1.9231,4.44
2023-04-13,2012.01,4.9348,1.9643,6.67
2023-04-14,2099.99,4.3727,2.0976,11.11
2023-04-15,2090.6,-0.4471,2.109,11.11
2023-04-16,2118.67,1.3427,1.8824,2.22
2023-04-17,2074.0,-2.1084,1.9273,3.33
2023-04-18,2103.5,1.4224,1.9308,4.44
2023-04-19,1933.73,-8.0708,2.7359,31.11
2023-04-20,1942.98,0.4784,2.7235,30.0
2023-04-21,1848.78,-4.8482,2.951,66.67
2023-04-22,1874.16,1.3728,2.9402,64.44
2023-04-23,1862.0,-0.6488,2.9428,64.44
2023-04-24,1841.84,-1.0827,2.8644,45.56
2023-04-25,1866.1,1.3172,2.8422,40.0
2023-04-26,1866.01,-0.0048,2.811,34.44
2023-04-27,1908.68,2.2867,2.8508,41.11
2023-04-28,1890.94,-0.9294,2.8532,43.33
2023-04-29,1907.8,0.8916,2.8565,44.44
2023-04-30,1870.09,-1.9766,2.8284,36.67
2023-05-01,1830.73,-2.1047,2.8557,45.56
2023-05-02,1870.08,2.1494,2.8787,55.56
2023-05-03,1905.12,1.8737,2.6826,24.44
2023-05-04,1877.07,-1.4723,2.4749,20.0
2023-05-05,1993.3,6.1921,2.8762,55.56
2023-05-06,1896.33,-4.8648,3.0245,73.33
2023-05-07,1870.4,-1.3674,3.0092,72.22
2023-05-08,1847.56,-1.2211,2.9811,71.11
2023-05-09,1846.52,-0.0563,2.4396,17.78
2023-05-10,1840.84,-0.3076,2.4347,17.78
2023-05-11,1794.3,-2.5282,2.2615,14.44
2023-05-12,1807.45,0.7329,2.2446,14.44
2023-05-13,1795.11,-0.6827,2.2449,15.56
2023-05-14,1799.21,0.2284,2.2361,14.44
2023-05-15,1816.2,0.9443,2.2258,14.44
2023-05-16,1824.21,0.441,2.229,15.56
2023-05-17,1822.12,-0.1146,2.1615,12.22
2023-05-18,1800.56,-1.1832,2.1664,13.33
2023-05-19,1812.32,0.6531,2.1609,12.22
2023-05-20,1819.42,0.3918,2.1267,11.11
2023-05-21,1804.91,-0.7975,2.0842,8.89
2023-05-22,1817.35,0.6892,2.0308,8.89
2023-05-23,1854.05,2.0194,2.0382,10.0
2023-05-24,1799.89,-2.9212,2.1096,14.44
2023-05-25,1805.6,0.3172,1.5304,1.11
2023-05-26,1827.79,1.229,1.1978,1.11
2023-05-27,1829.89,0.1149,1.1673,1.11
2023-05-28,1908.64,4.3035,1.4814,3.33
2023-05-29,1892.6,-0.8404,1.4972,4.44
2023-05-30,1900.59,0.4222,1.4949,4.44
2023-05-31,1873.63,-1.4185,1.412,3.33
2023-06-01,1861.78,-0.6325,1.4188,4.44
2023-06-02,1906.68,2.4117,1.4858,6.67
2023-06-03,1892.06,-0.7668,1.5044,10.0
2023-06-04,1890.01,-0.1083,1.498,10.0
2023-06-05,1810.5,-4.2069,1.7785,13.33
2023-06-06,1884.64,4.095,1.9914,20.0
2023-06-07,1832.13,-2.7862,2.0755,23.33
2023-06-08,1845.64,0.7374,2.0767,24.44
2023-06-09,1840.37,-0.2855,2.0774,25.56
2023-06-10,1751.53,-4.8273,2.3324,44.44
2023-06-11,1752.76,0.0702,2.3255,44.44
2023-06-12,1742.57,-0.5814,2.2725,43.33
2023-06-13,1740.12,-0.1406,2.1904,36.67
2023-06-14,1650.95,-5.1244,2.4399,52.22
2023-06-15,1666.96,0.9697,2.4318,50.0
2023-06-16,1717.92,3.0571,2.5466,58.89
2023-06-17,1727.76,0.5728,2.3314,47.78
2023-06-18,1720.95,-0.3942,2.3298,47.78
2023-06-19,1737.11,0.939,2.3422,51.11
2023-06-20,1791.99,3.1593,2.4545,57.78
2023-06-21,1889.11,5.4197,2.7382,67.78
2023-06-22,1872.01,-0.9052,2.6939,65.56
2023-06-23,1892.63,1.1015,2.7,66.67
2023-06-24,1874.96,-0.9336,2.7082,67.78
2023-06-25,1898.8,1.2715,2.5411,63.33
2023-06-26,1858.97,-2.0976,2.4311,53.33
2023-06-27,1889.58,1.6466,2.3719,53.33
2023-06-28,1828.02,-3.2579,2.4825,64.44
2023-06-29,1851.99,1.3113,2.4982,66.67
2023-06-30,1933.79,4.4169,2.404,54.44
2023-07-01,1924.5,-0.4804,2.4122,55.56
2023-07-02,1937.48,0.6745,2.3996,54.44
2023-07-03,1955.54,0.9321,2.3954,54.44
2023-07-04,1936.2,-0.989,2.0438,23.33
2023-07-05,1910.36,-1.3346,2.0964,28.89
2023-07-06,1846.17,-3.3601,2.2004,40.0
2023-07-07,1870.91,1.3401,2.2101,41.11
2023-07-08,1865.24,-0.3031,2.2085,41.11
2023-07-09,1862.8,-0.1308,2.2084,41.11
2023-07-10,1880.4,0.9448,2.1197,33.33
2023-07-11,1878.3,-0.1117,1.759,13.33
2023-07-12,1871.82,-0.345,1.749,13.33
2023-07-13,2004.49,7.0878,2.3263,52.22
2023-07-14,1937.83,-3.3255,2.4458,67.78
2023-07-15,1931.41,-0.3313,2.4355,64.44
2023-07-16,1922.11,-0.4815,2.3871,55.56
2023-07-17,1911.2,-0.5676,2.3685,53.33
2023-07-18,1897.21,-0.732,2.2513,44.44
2023-07-19,1888.63,-0.4522,2.241,42.22
2023-07-20,1891.59,0.1567,2.0136,17.78
2023-07-21,1891.73,0.0074,2.0117,17.78
2023-07-22,1866.52,-1.3326,2.0223,20.0
2023-07-23,1888.73,1.1899,2.0301,21.11
2023-07-24,1850.0,-2.0506,2.0648,25.56
2023-07-25,1857.66,0.4141,2.0522,25.56
2023-07-26,1872.0,0.7719,1.9192,16.67
2023-07-27,1861.28,-0.5726,1.9019,16.67
2023-07-28,1874.19,0.6936,1.9066,17.78
2023-07-29,1880.46,0.3345,1.9072,18.89
2023-07-30,1861.79,-0.9928,1.9093,20.0
2023-07-31,1856.14,-0.3035,1.9101,21.11
2023-08-01,1873.47,0.9337,1.9203,23.33
2023-08-02,1839.9,-1.7919,1.0765,1.11
2023-08-03,1835.81,-0.2223,0.8457,1.11
2023-08-04,1830.23,-0.304,0.8456,1.11
2023-08-05,1836.48,0.3415,0.854,3.33
2023-08-06,1830.28,-0.3376,0.8509,3.33
2023-08-07,1829.1,-0.0645,0.8429,1.11
2023-08-08,1856.3,1.4871,0.9144,6.67
2023-08-09,1855.35,-0.0512,0.9128,6.67
2023-08-10,1852.47,-0.1552,0.9126,6.67
2023-08-11,1848.84,-0.196,0.8684,6.67
2023-08-12,1849.93,0.059,0.8218,1.11
2023-08-13,1840.73,-0.4973,0.6979,1.11
2023-08-14,1845.5,0.2591,0.6939,1.11
2023-08-15,1828.98,-0.8952,0.6926,1.11
2023-08-16,1807.81,-1.1575,0.7231,4.44
2023-08-17,1681.49,-6.9875,1.6379,30.0
2023-08-18,1661.59,-1.1835,1.6314,30.0
2023-08-19,1669.67,0.4863,1.6455,32.22
2023-08-20,1685.24,0.9325,1.6757,33.33
2023-08-21,1667.55,-1.0497,1.6483,33.33
2023-08-22,1634.99,-1.9526,1.6547,34.44
2023-08-23,1679.61,2.7291,1.8043,38.89
2023-08-24,1661.16,-1.0985,1.8099,38.89
2023-08-25,1653.8,-0.4431,1.8005,36.67
2023-08-26,1647.04,-0.4088,1.8002,35.56
2023-08-27,1658.33,0.6855,1.8168,38.89
2023-08-28,1653.08,-0.3166,1.7612,32.22
2023-08-29,1729.42,4.618,2.0919,58.89
2023-08-30,1705.23,-1.3987,2.1043,60.0
2023-08-31,1645.76,-3.4875,2.2087,65.56
2023-09-01,1629.12,-1.0111,2.2062,62.22
2023-09-02,1637.03,0.4855,2.219,66.67
2023-09-03,1635.84,-0.0727,2.2141,65.56
2023-09-04,1630.51,-0.3258,2.2134,64.44
2023-09-05,1634.45,0.2416,2.2152,65.56
2023-09-06,1633.15,-0.0795,1.6361,18.89
2023-09-07,1648.11,0.916,1.6327,18.89
2023-09-08,1636.44,-0.7081,1.6346,20.0
2023-09-09,1635.54,-0.055,1.6179,17.78
2023-09-10,1617.42,-1.1079,1.6196,18.89
2023-09-11,1551.85,-4.054,1.7927,33.33
2023-09-12,1592.97,2.6497,1.7862,33.33
2023-09-13,1607.62,0.9197,1.7923,34.44
2023-09-14,1626.47,1.1725,1.8135,41.11
2023-09-15,1641.29,0.9112,1.8238,43.33
2023-09-16,1634.4,-0.4198,1.8189,43.33
2023-09-17,1622.48,-0.7293,1.8241,45.56
2023-09-18,1636.66,0.874,1.4952,17.78
2023-09-19,1643.12,0.3947,1.4781,17.78
2023-09-20,1622.26,-1.2695,1.2975,17.78
2023-09-21,1583.94,-2.3621,1.3778,18.89
2023-09-22,1593.08,0.577,1.38,20.0
2023-09-23,1593.86,0.049,1.3805,21.11
2023-09-24,1580.71,-0.825,1.3884,22.22
2023-09-25,1588.33,0.4821,1.3928,23.33
2023-09-26,1594.01,0.3576,1.3969,24.44
2023-09-27,1598.64,0.2905,1.3804,21.11
2023-09-28,1652.99,3.3998,1.5732,28.89
2023-09-29,1667.45,0.8748,1.5827,30.0
2023-09-30,1670.89,0.2063,1.5579,28.89
2023-10-01,1733.79,3.7645,1.4228,26.67
2023-10-02,1662.4,-4.1176,1.6701,44.44
2023-10-03,1656.88,-0.3321,1.6665,44.44
2023-10-04,1646.58,-0.6217,1.6581,44.44
2023-10-05,1611.79,-2.1129,1.712,48.89
2023-10-06,1645.03,2.0623,1.7715,53.33
2023-10-07,1633.57,-0.6966,1.7708,53.33
2023-10-08,1632.84,-0.0447,1.7607,52.22
2023-10-09,1580.13,-3.2281,1.8926,68.89
2023-10-10,1567.63,-0.7911,1.8816,67.78
2023-10-11,1566.87,-0.0485,1.8121,62.22
2023-10-12,1539.61,-1.7398,1.8429,68.89
2023-10-13,1552.16,0.8151,1.8546,70.0
2023-10-14,1554.94,0.1791,1.8483,70.0
2023-10-15,1557.77,0.182,1.845,70.0
2023-10-16,1599.42,2.6737,1.9391,83.33
2023-10-17,1565.01,-2.1514,1.9953,84.44
2023-10-18,1563.44,-0.1003,1.8284,68.89
2023-10-19,1566.57,0.2002,1.8133,63.33
2023-10-20,1603.89,2.3823,1.9032,78.89
2023-10-21,1628.94,1.5618,1.7269,50.0
2023-10-22,1663.7,2.1339,1.5652,31.11
2023-10-23,1765.46,6.1165,2.0495,91.11
2023-10-24,1784.98,1.1057,2.0436,90.0
2023-10-25,1787.15,0.1216,1.9612,87.78
2023-10-26,1803.38,0.9081,1.9323,85.56
2023-10-27,1779.4,-1.3297,1.9563,86.67
2023-10-28,1776.2,-0.1798,1.9582,86.67
2023-10-29,1795.14,1.0663,1.7706,54.44
2023-10-30,1809.04,0.7743,1.7393,52.22
2023-10-31,1814.67,0.3112,1.733,51.11
2023-11-01,1846.99,1.781,1.6477,41.11
2023-11-02,1800.8,-2.5008,1.8095,64.44
2023-11-03,1832.71,1.772,1.8172,70.0
2023-11-04,1855.54,1.2457,1.8127,65.56
2023-11-05,1891.71,1.9493,1.7837,54.44
2023-11-06,1900.95,0.4884,1.6487,37.78
2023-11-07,1885.27,-0.8249,1.6799,43.33
2023-11-08,1888.12,0.1512,1.6811,43.33
2023-11-09,2121.32,12.3509,2.9954,100.0
2023-11-10,2077.72,-2.0553,3.0909,100.0
2023-11-11,2053.17,-1.1816,3.1287,100.0
2023-11-12,2044.68,-0.4135,2.9225,96.67
2023-11-13,2053.65,0.4387,2.9223,95.56
2023-11-14,1979.39,-3.616,3.0718,97.78
2023-11-15,2058.48,3.9957,3.1619,100.0
2023-11-16,1961.77,-4.6981,3.3502,100.0
2023-11-17,1960.82,-0.0484,3.3489,98.89
2023-11-18,1962.6,0.0908,3.3481,97.78
2023-11-19,2011.47,2.4901,3.3759,100.0
2023-11-20,2021.4,0.4937,3.3754,98.89
2023-11-21,1933.01,-4.3727,3.5302,100.0
2023-11-22,2063.21,6.7356,3.7335,100.0
2023-11-23,2062.2,-0.049,3.7297,98.89
2023-11-24,2080.84,0.9039,3.7277,97.78
2023-11-25,2083.09,0.1081,3.717,96.67
2023-11-26,2062.33,-0.9966,3.7323,98.89
2023-11-27,2027.5,-1.6889,3.752,100.0
2023-11-28,2048.14,1.018,3.7535,100.0
2023-11-29,2028.81,-0.9438,2.5877,77.78
2023-11-30,2051.96,1.1411,2.5662,76.67
2023-12-01,2087.24,1.7193,2.5789,76.67
2023-12-02,2164.74,3.713,2.691,77.78
2023-12-03,2192.95,1.3032,2.6994,77.78
2023-12-04,2243.37,2.2992,2.5679,73.33
2023-12-05,2293.33,2.227,2.4805,71.11
2023-12-06,2232.7,-2.6438,2.2958,70.0
2023-12-07,2355.73,5.5104,2.5172,71.11
2023-12-08,2358.72,0.1269,2.5166,70.0
2023-12-09,2340.49,-0.7729,2.5175,71.11
2023-12-10,2352.39,0.5084,2.5175,70.0
2023-12-11,2225.12,-5.4102,2.6315,75.56
2023-12-12,2203.46,-0.9734,2.264,63.33
2023-12-13,2260.16,2.5732,2.3122,64.44
2023-12-14,2315.32,2.4405,2.3501,64.44
2023-12-15,2220.5,-4.0953,2.5599,70.0
2023-12-16,2228.96,0.381,2.5412,68.89
2023-12-17,2196.52,-1.4554,2.532,67.78
2023-12-18,2219.43,1.043,2.5323,67.78
2023-12-19,2177.91,-1.8708,2.5653,70.0
2023-12-20,2202.17,1.1139,2.5649,68.89
2023-12-21,2239.61,1.7001,2.5644,67.78
2023-12-22,2324.54,3.7922,2.5696,72.22
2023-12-23,2308.2,-0.7029,2.5712,72.22
2023-12-24,2264.05,-1.9127,2.5704,71.11
2023-12-25,2271.35,0.3224,2.524,58.89
2023-12-26,2230.88,-1.7818,2.4858,53.33
2023-12-27,2378.35,6.6104,2.6153,74.44
2023-12-28,2344.15,-1.438,2.6361,75.56
2023-12-29,2299.2,-1.9175,2.6646,75.56
2023-12-30,2291.68,-0.3271,2.662,74.44
2023-12-31,2281.87,-0.4281,2.3701,46.67
2024-01-01,2352.04,3.0751,2.4372,46.67
2024-01-02,2355.34,0.1403,2.3836,45.56
2024-01-03,2209.72,-6.1825,2.7039,77.78
2024-01-04,2267.11,2.5972,2.6133,68.89
2024-01-05,2268.78,0.0737,2.6128,67.78
2024-01-06,2240.78,-1.2341,2.6065,66.67
2024-01-07,2221.42,-0.864,2.6064,65.56
2024-01-08,2330.44,4.9077,2.7716,77.78
2024-01-09,2344.29,0.5943,2.767,76.67
2024-01-10,2584.38,10.2415,3.5034,91.11
2024-01-11,2618.01,1.3013,3.4377,90.0
2024-01-12,2522.54,-3.6467,3.5537,92.22
2024-01-13,2578.19,2.2061,3.5268,90.0
2024-01-14,2472.87,-4.085,3.6787,92.22
2024-01-15,2511.78,1.5735,3.6475,91.11
2024-01-16,2587.4,3.0106,3.4319,84.44
2024-01-17,2530.19,-2.2111,3.4576,85.56
2024-01-18,2470.81,-2.3469,3.4734,85.56
2024-01-19,2492.0,0.8576,3.4703,84.44
2024-01-20,2472.01,-0.8022,3.4761,85.56
2024-01-21,2457.05,-0.6052,3.4299,78.89
2024-01-22,2314.2,-5.8139,3.6782,91.11
2024-01-23,2242.6,-3.0939,3.4756,83.33
2024-01-24,2235.02,-0.338,3.4301,76.67
2024-01-25,2218.64,-0.7329,3.4336,77.78
2024-01-26,2267.68,2.2104,3.4564,78.89
2024-01-27,2267.94,0.0115,3.4492,77.78
2024-01-28,2256.9,-0.4868,3.274,65.56
2024-01-29,2317.6,2.6895,3.3279,65.56
2024-01-30,2343.01,1.0964,2.383,14.44
2024-01-31,2283.14,-2.5553,2.3887,15.56
2024-02-01,2304.28,0.9259,2.3087,8.89
2024-02-02,2309.06,0.2074,2.2347,5.56
2024-02-03,2296.49,-0.5444,2.0806,4.44
2024-02-04,2289.79,-0.2917,2.0337,3.33
2024-02-05,2301.83,0.5258,1.8899,2.22
2024-02-06,2372.64,3.0762,2.0073,2.22
2024-02-07,2425.1,2.211,2.0207,3.33
2024-02-08,2419.55,-0.2289,2.0095,3.33
2024-02-09,2486.56,2.7695,2.0983,7.78
2024-02-10,2500.24,0.5502,2.0953,7.78
2024-02-11,2507.21,0.2788,1.5952,1.11
2024-02-12,2659.99,6.0936,1.8252,2.22
2024-02-13,2639.99,-0.7519,1.8411,3.33
2024-02-14,2774.81,5.1068,2.0208,8.89
2024-02-15,2822.59,1.7219,2.0107,7.78
2024-02-16,2801.8,-0.7366,2.0377,12.22
2024-02-17,2785.93,-0.5664,2.0409,13.33
2024-02-18,2881.2,3.4197,2.0756,14.44
2024-02-19,2944.8,2.2074,2.0892,16.67
2024-02-20,3014.81,2.3774,1.9189,5.56
2024-02-21,2967.9,-1.556,2.0241,12.22
2024-02-22,2971.4,0.1179,2.0266,13.33
2024-02-23,2922.24,-1.6544,2.0902,21.11
2024-02-24,2992.62,2.4084,2.0745,17.78
2024-02-25,3112.59,4.0089,2.1416,25.56
2024-02-26,3175.94,2.0353,2.1162,25.56
2024-02-27,3242.36,2.0913,2.1143,25.56
2024-02-28,3383.1,4.3407,2.1631,28.89
2024-02-29,3340.09,-1.2713,2.2423,31.11
2024-03-01,3433.43,2.7945,2.2475,32.22
2024-03-02,3421.4,-0.3504,2.2704,34.44
2024-03-03,3487.81,1.941,2.0259,13.33
2024-03-04,3627.76,4.0125,2.0408,17.78
2024-03-05,3553.65,-2.0429,2.0253,13.33
2024-03-06,3818.59,7.4554,2.4342,46.67
2024-03-07,3868.76,1.3138,2.3782,43.33
2024-03-08,3883.36,0.3774,2.3428,41.11
2024-03-09,3905.21,0.5627,2.3206,41.11
2024-03-10,3878.47,-0.6847,2.3654,44.44
2024-03-11,4064.8,4.8042,2.4715,52.22
2024-03-12,3979.96,-2.0872,2.5072,53.33
2024-03-13,4004.79,0.6239,2.4956,52.22
2024-03-14,3881.7,-3.0736,2.6031,65.56
2024-03-15,3742.19,-3.594,2.8142,77.78
2024-03-16,3523.09,-5.8549,3.12,77.78
2024-03-17,3644.71,3.4521,3.1659,77.78
2024-03-18,3520.46,-3.4091,3.2737,77.78
2024-03-19,3158.64,-10.2776,3.8991,100.0
2024-03-20,3516.53,11.3305,4.6345,100.0
2024-03-21,3492.85,-0.6734,4.6051,98.89
2024-03-22,3336.35,-4.4806,4.716,100.0
2024-03-23,3329.53,-0.2044,4.6947,98.89
2024-03-24,3454.98,3.7678,4.6842,97.78
2024-03-25,3590.42,3.9201,4.7427,100.0
2024-03-26,3587.33,-0.0861,4.4379,93.33
2024-03-27,3501.19,-2.4012,4.4478,93.33
2024-03-28,3560.49,1.6937,4.4685,93.33
2024-03-29,3509.74,-1.4254,4.4696,93.33
2024-03-30,3505.64,-0.1168,4.4697,93.33
2024-03-31,3645.29,3.9836,4.4253,87.78
2024-04-01,3503.8,-3.8814,4.4755,93.33
2024-04-02,3278.96,-6.417,4.6442,95.56
2024-04-03,3310.83,0.972,4.6327,93.33
2024-04-04,3327.4,0.5005,4.5899,91.11
2024-04-05,3317.85,-0.287,4.4212,82.22
2024-04-06,3351.59,1.0169,4.3519,81.11
2024-04-07,3454.2,3.0615,4.351,80.0
2024-04-08,3694.61,6.9599,3.9153,78.89
2024-04-09,3506.39,-5.0944,3.3089,56.67
2024-04-10,3545.64,1.1194,3.3127,57.78
2024-04-11,3502.52,-1.2161,3.1583,53.33
2024-04-12,3237.43,-7.5686,3.5941,73.33
2024-04-13,3007.01,-7.1174,3.7898,76.67
2024-04-14,3155.11,4.9252,3.8557,76.67
2024-04-15,3101.99,-1.6836,3.8614,76.67
2024-04-16,3084.22,-0.5729,3.8405,74.44
2024-04-17,2985.41,-3.2037,3.8453,74.44
2024-04-18,3064.4,2.6459,3.914,77.78
2024-04-19,3056.46,-0.2591,3.9133,76.67
2024-04-20,3155.79,3.2498,3.8733,74.44
2024-04-21,3147.67,-0.2573,3.8017,68.89
2024-04-22,3200.2,1.6689,3.5697,65.56
2024-04-23,3219.46,0.6018,3.5652,64.44
2024-04-24,3140.8,-2.4433,3.599,66.67
2024-04-25,3155.8,0.4776,3.6022,66.67
2024-04-26,3131.3,-0.7763,3.5935,63.33
2024-04-27,3255.56,3.9683,3.6407,66.67
2024-04-28,3263.45,0.2424,3.251,55.56
2024-04-29,3216.73,-1.4316,3.0898,51.11
2024-04-30,3014.05,-6.3008,3.324,58.89
2024-05-01,2972.46,-1.3799,3.3253,58.89
2024-05-02,2986.19,0.4619,2.9417,47.78
2024-05-03,3102.61,3.8986,2.6407,45.56
2024-05-04,3117.23,0.4712,2.4098,38.89
2024-05-05,3136.41,0.6153,2.3829,37.78
2024-05-06,3062.6,-2.3533,2.4384,40.0
2024-05-07,3005.69,-1.8582,2.3668,34.44
2024-05-08,2974.21,-1.0473,2.3011,30.0
2024-05-09,3036.23,2.0853,2.3504,32.22
2024-05-10,2909.99,-4.1578,2.3915,36.67
2024-05-11,2912.45,0.0845,2.3935,36.67
2024-05-12,2929.29,0.5782,2.3589,30.0
2024-05-13,2950.99,0.7408,2.3621,30.0
2024-05-14,2881.93,-2.3402,2.3577,27.78
2024-05-15,3032.55,5.2264,2.6547,45.56
2024-05-16,2944.7,-2.8969,2.7186,45.56
2024-05-17,3092.01,5.0025,2.8071,45.56
2024-05-18,3122.94,1.0003,2.8182,46.67
2024-05-19,3071.19,-1.6571,2.8236,46.67
2024-05-20,3661.78,19.23,4.8308,100.0
2024-05-21,3789.6,3.4907,4.8231,98.89
2024-05-22,3737.73,-1.3687,4.856,100.0
2024-05-23,3783.61,1.2275,4.8175,96.67
2024-05-24,3728.28,-1.4624,4.8485,98.89
2024-05-25,3749.26,0.5627,4.8488,98.89
2024-05-26,3826.47,2.0593,4.791,93.33
2024-05-27,3894.22,1.7706,4.7392,91.11
2024-05-28,3844.69,-1.2719,4.7453,92.22
2024-05-29,3767.43,-2.0095,4.7991,93.33
2024-05-30,3747.91,-0.5181,4.6599,84.44
2024-05-31,3762.29,0.3837,4.6562,83.33
2024-06-01,3815.82,1.4228,4.6525,82.22
2024-06-02,3780.91,-0.9149,4.6787,84.44
2024-06-03,3767.06,-0.3663,4.6203,76.67
2024-06-04,3810.23,1.146,4.5382,73.33
2024-06-05,3865.99,1.4634,4.4378,65.56
2024-06-06,3813.46,-1.3588,4.4003,62.22
2024-06-07,3678.32,-3.5438,4.5174,72.22
2024-06-08,3681.57,0.0884,4.4836,71.11
2024-06-09,3706.4,0.6744,1.6229,1.11
2024-06-10,3667.85,-1.0401,1.4355,1.11
2024-06-11,3497.33,-4.649,1.7236,3.33
2024-06-12,3560.12,1.7954,1.7532,4.44
2024-06-13,3469.4,-2.5482,1.8048,5.56
2024-06-14,3481.8,0.3574,1.8002,5.56
2024-06-15,3568.74,2.497,1.8318,7.78
2024-06-16,3624.41,1.5599,1.8202,7.78
2024-06-17,3511.46,-3.1164,1.9095,10.0
2024-06-18,3483.42,-0.7985,1.8776,10.0
2024-06-19,3560.51,2.2131,1.9596,12.22
2024-06-20,3513.08,-1.3321,1.9681,13.33
2024-06-21,3518.5,0.1543,1.9309,12.22
2024-06-22,3495.75,-0.6466,1.9281,12.22
2024-06-23,3420.91,-2.1409,1.9662,15.56
2024-06-24,3352.73,-1.993,1.9569,14.44
2024-06-25,3394.91,1.2581,1.9465,14.44
2024-06-26,3371.44,-0.6913,1.9394,14.44
2024-06-27,3450.44,2.3432,1.9161,12.22
2024-06-28,3380.15,-2.0371,1.9503,17.78
2024-06-29,3378.8,-0.0399,1.9366,15.56
2024-06-30,3438.16,1.7568,1.9887,24.44
2024-07-01,3442.2,0.1175,1.7212,3.33
2024-07-02,3421.35,-0.6057,1.6703,3.33
2024-07-03,3295.48,-3.679,1.7657,7.78
2024-07-04,3059.7,-7.1546,2.3127,30.0
2024-07-05,2981.78,-2.5467,2.233,28.89
2024-07-06,3066.83,2.8523,2.3194,32.22
2024-07-07,2931.0,-4.429,2.4011,42.22
2024-07-08,3019.01,3.0027,2.5453,45.56
2024-07-09,3066.65,1.578,2.5128,45.56
2024-07-10,3101.05,1.1217,2.5392,46.67
2024-07-11,3099.57,-0.0477,2.5367,46.67
2024-07-12,3133.88,1.1069,2.5637,50.0
2024-07-13,3175.93,1.3418,2.5654,51.11
2024-07-14,3245.08,2.1773,2.5917,52.22
2024-07-15,3483.39,7.3437,3.0528,61.11
2024-07-16,3444.13,-1.1271,3.0605,62.22
2024-07-17,3387.05,-1.6573,3.0415,61.11
2024-07-18,3426.5,1.1647,3.0167,61.11
2024-07-19,3503.53,2.2481,3.0519,63.33
2024-07-20,3517.5,0.3987,3.0321,62.22
2024-07-21,3535.92,0.5237,3.0331,63.33
2024-07-22,3439.6,-2.724,3.0951,70.0
2024-07-23,3482.51,1.2475,2.9805,61.11
2024-07-24,3335.81,-4.2125,2.6636,55.56
2024-07-25,3175.48,-4.8063,2.8317,61.11
2024-07-26,3274.61,3.1217,2.8442,62.22
2024-07-27,3249.01,-0.7818,2.6404,53.33
2024-07-28,3270.16,0.651,2.5803,52.22
2024-07-29,3317.66,1.4525,2.5776,52.22
2024-07-30,3279.21,-1.1589,2.5948,55.56
2024-07-31,3232.74,-1.4171,2.6213,56.67
2024-08-01,3203.4,-0.9076,2.6249,57.78
2024-08-02,2989.61,-6.6738,2.997,68.89
2024-08-03,2903.64,-2.8756,2.9941,67.78
2024-08-04,2688.92,-7.3949,2.7764,60.0
2024-08-05,2419.59,-10.0163,3.3698,77.78
2024-08-06,2461.33,1.7251,3.4512,77.78
2024-08-07,2342.8,-4.8157,3.4645,77.78
2024-08-08,2682.5,14.4997,4.911,100.0
2024-08-09,2598.78,-3.121,4.9133,100.0
2024-08-10,2609.92,0.4287,4.9115,98.89
2024-08-11,2555.38,-2.0897,4.9048,96.67
2024-08-12,2722.3,6.5321,5.173,100.0
2024-08-13,2702.44,-0.7295,5.1235,98.89
2024-08-14,2661.45,-1.5168,5.0483,97.78
2024-08-15,2569.89,-3.4402,4.9987,96.67
2024-08-16,2592.73,0.8888,5.017,96.67
2024-08-17,2614.51,0.84,5.0202,96.67
2024-08-18,2612.15,-0.0903,4.9939,93.33
2024-08-19,2636.36,0.9268,5.0126,94.44
2024-08-20,2572.82,-2.4101,5.0218,96.67
2024-08-21,2630.71,2.2501,5.072,97.78
2024-08-22,2622.88,-0.2976,4.8934,84.44
2024-08-23,2762.48,5.3224,5.0219,95.56
2024-08-24,2768.0,0.1998,4.7369,78.89
2024-08-25,2746.13,-0.7901,4.1238,67.78
2024-08-26,2680.49,-2.3903,4.1707,68.89
2024-08-27,2457.33,-8.3253,4.4552,72.22
2024-08-28,2528.33,2.8893,3.1313,64.44
2024-08-29,2527.61,-0.0285,3.0611,63.33
2024-08-30,2526.0,-0.0637,3.0588,62.22
2024-08-31,2513.01,-0.5143,3.0271,56.67
2024-09-01,2425.72,-3.4735,2.7102,48.89
2024-09-02,2538.01,4.6291,2.9337,53.33
2024-09-03,2425.29,-4.4413,3.0623,68.89
2024-09-04,2450.71,1.0481,2.9962,56.67
2024-09-05,2368.81,-3.3419,3.0611,68.89
2024-09-06,2225.23,-6.0613,3.2825,74.44
2024-09-07,2273.58,2.1728,3.3417,74.44
2024-09-08,2297.3,1.0433,3.3445,74.44
2024-09-09,2359.5,2.7075,3.3939,75.56
2024-09-10,2388.52,1.2299,3.3616,73.33
2024-09-11,2340.55,-2.0084,3.379,74.44
2024-09-12,2361.76,0.9062,3.1254,66.67
2024-09-13,2439.19,3.2785,3.2411,67.78
2024-09-14,2417.79,-0.8773,3.2415,67.78
2024-09-15,2316.1,-4.2059,3.3154,68.89
2024-09-16,2295.68,-0.8817,2.8155,40.0
2024-09-17,2341.8,2.009,2.7718,37.78
2024-09-18,2374.75,1.407,2.7975,38.89
2024-09-19,2465.21,3.8092,2.9359,43.33
2024-09-20,2561.4,3.9019,3.0583,55.56
2024-09-21,2612.4,1.9911,2.9657,42.22
2024-09-22,2581.0,-1.202,2.8202,36.67
2024-09-23,2646.97,2.556,2.6617,28.89
2024-09-24,2653.2,0.2354,2.6589,27.78
2024-09-25,2579.95,-2.7608,2.6203,23.33
2024-09-26,2632.26,2.0276,2.1673,6.67
2024-09-27,2694.43,2.3618,2.1734,6.67
2024-09-28,2675.21,-0.7133,2.2002,6.67
2024-09-29,2657.62,-0.6575,2.1755,5.56
2024-09-30,2602.23,-2.0842,2.2478,7.78
2024-10-01,2447.79,-5.9349,2.5985,22.22
2024-10-02,2364.1,-3.419,2.713,31.11
2024-10-03,2349.8,-0.6049,2.6115,21.11
2024-10-04,2414.41,2.7496,2.6799,28.89
2024-10-05,2414.66,0.0104,2.4981,6.67
2024-10-06,2440.03,1.0507,2.4902,6.67
2024-10-07,2422.71,-0.7098,2.4693,6.67
2024-10-08,2440.89,0.7504,2.4574,6.67
2024-10-09,2370.47,-2.885,2.3937,6.67
2024-10-10,2386.49,0.6758,2.2162,5.56
2024-10-11,2439.5,2.2213,2.2288,6.67
2024-10-12,2476.4,1.5126,2.2532,8.89
2024-10-13,2468.91,-0.3025,2.164,1.11
2024-10-14,2629.79,6.5162,2.6283,25.56
2024-10-15,2607.41,-0.851,2.5604,16.67
2024-10-16,2611.1,0.1415,2.5216,16.67
2024-10-17,2605.8,-0.203,2.4623,13.33
2024-10-18,2642.17,1.3957,2.4805,15.56
2024-10-19,2648.2,0.2282,2.4768,15.56
2024-10-20,2746.91,3.7274,2.5534,21.11
2024-10-21,2666.7,-2.92,2.2519,10.0
2024-10-22,2622.81,-1.6459,2.1292,1.11
2024-10-23,2524.61,-3.7441,2.3156,13.33
2024-10-24,2535.82,0.444,2.2516,11.11
2024-10-25,2440.62,-3.7542,2.4168,16.67
2024-10-26,2482.51,1.7164,2.4344,17.78
2024-10-27,2507.8,1.0187,2.4342,17.78
2024-10-28,2567.48,2.3798,2.4781,24.44
2024-10-29,2638.8,2.7778,2.4228,17.78
2024-10-30,2659.19,0.7727,2.4231,18.89
2024-10-31,2518.61,-5.2866,2.7037,42.22
2024-11-01,2511.49,-0.2827,2.6883,42.22
2024-11-02,2494.23,-0.6872,2.6925,43.33
2024-11-03,2457.73,-1.4634,2.2681,14.44
2024-11-04,2398.21,-2.4217,2.3121,15.56
2024-11-05,2422.55,1.0149,2.3299,17.78
2024-11-06,2721.87,12.3556,3.6195,78.89
2024-11-07,2895.47,6.378,3.8516,80.0
2024-11-08,2961.75,2.2891,3.8697,81.11
2024-11-09,3126.21,5.5528,3.962,82.22
2024-11-10,3183.21,1.8233,3.8778,82.22
2024-11-11,3371.59,5.9179,3.9727,84.44
2024-11-12,3243.8,-3.7902,3.9757,85.56
2024-11-13,3187.16,-1.7461,4.0286,86.67
2024-11-14,3058.82,-4.0268,4.0459,87.78
2024-11-15,3090.01,1.0197,4.0444,87.78
2024-11-16,3132.87,1.3871,4.0444,88.89
2024-11-17,3076.0,-1.8153,4.0863,91.11
2024-11-18,3207.8,4.2848,4.1322,93.33
2024-11-19,3107.44,-3.1286,4.2322,95.56
2024-11-20,3069.97,-1.2058,4.0238,86.67
2024-11-21,3355.81,9.3108,4.3889,97.78
2024-11-22,3327.78,-0.8353,4.3928,98.89
2024-11-23,3393.91,1.9872,4.3387,96.67
2024-11-24,3361.2,-0.9638,4.2804,95.56
2024-11-25,3414.49,1.5854,4.277,95.56
2024-11-26,3324.73,-2.6288,3.629,78.89
2024-11-27,3653.28,9.882,3.9513,82.22
2024-11-28,3578.79,-2.039,4.0063,85.56
2024-11-29,3592.21,0.375,3.8706,78.89
2024-11-30,3703.6,3.1009,3.8979,80.0
2024-12-01,3707.61,0.1083,3.7206,74.44
2024-12-02,3643.42,-1.7313,3.6266,72.22
2024-12-03,3614.51,-0.7935,3.601,70.0
2024-12-04,3837.8,6.1776,3.6189,70.0
2024-12-05,3785.2,-1.3706,3.6623,73.33
2024-12-06,3998.87,5.6449,3.795,74.44
2024-12-07,3996.22,-0.0663,3.7421,73.33
2024-12-08,4004.15,0.1984,3.6893,71.11
2024-12-09,3712.0,-7.2962,4.0289,87.78
2024-12-10,3628.25,-2.2562,4.0636,91.11
2024-12-11,3831.81,5.6104,3.7495,71.11
2024-12-12,3881.61,1.2996,3.7336,68.89
2024-12-13,3906.8,0.649,3.7244,67.78
2024-12-14,3870.29,-0.9345,3.7238,66.67
2024-12-15,3959.09,2.2944,3.7347,68.89
2024-12-16,3986.24,0.6858,3.6509,61.11
2024-12-17,3893.01,-2.3388,3.0888,54.44
2024-12-18,3626.8,-6.8382,3.4335,54.44
2024-12-19,3417.01,-5.7844,3.6657,62.22
2024-12-20,3472.21,1.6154,3.6131,54.44
2024-12-21,3338.92,-3.8388,3.6947,63.33
2024-12-22,3281.83,-1.7098,3.6943,62.22
2024-12-23,3422.53,4.2872,3.8342,72.22
2024-12-24,3493.18,2.0643,3.5891,48.89
2024-12-25,3497.0,0.1094,3.5837,47.78
2024-12-26,3335.05,-4.6311,3.4233,45.56
2024-12-27,3333.51,-0.0462,3.4235,45.56
2024-12-28,3404.0,2.1146,3.4777,46.67
2024-12-29,3356.48,-1.396,3.1439,42.22
2024-12-30,3361.84,0.1597,3.1185,41.11
2024-12-31,3337.78,-0.7157,2.8049,38.89
2025-01-01,3360.38,0.6771,2.7865,37.78
2025-01-02,3455.67,2.8357,2.8779,38.89
2025-01-03,3609.01,4.4373,3.0752,38.89
2025-01-04,3656.88,1.3264,3.0414,37.78
2025-01-05,3635.99,-0.5713,3.0323,36.67
2025-01-06,3687.45,1.4153,3.0234,35.56
2025-01-07,3381.31,-8.3022,3.1955,42.22
2025-01-08,3327.29,-1.5976,2.9575,33.33
2025-01-09,3219.2,-3.2486,3.0069,33.33
2025-01-10,3267.04,1.4861,2.9191,31.11
2025-01-11,3282.83,0.4833,2.8963,30.0
2025-01-12,3267.3,-0.4731,2.7286,25.56
2025-01-13,3137.51,-3.9724,2.7952,26.67
2025-01-14,3225.63,2.8086,2.8849,28.89
2025-01-15,3451.52,7.003,3.1278,40.0
2025-01-16,3308.05,-4.1567,3.2705,42.22
2025-01-17,3473.63,5.0054,3.4205,42.22
2025-01-18,3307.71,-4.7766,3.5733,46.67
2025-01-19,3215.12,-2.7992,3.6242,53.33
2025-01-20,3284.0,2.1424,3.6555,56.67
2025-01-21,3327.54,1.3258,3.6644,57.78
2025-01-22,3242.6,-2.5526,3.6454,53.33
2025-01-23,3338.21,2.9486,3.5632,41.11
2025-01-24,3310.09,-0.8424,3.5442,40.0
2025-01-25,3318.77,0.2622,3.5472,40.0
2025-01-26,3232.61,-2.5961,3.5528,40.0
2025-01-27,3182.44,-1.552,3.0955,25.56
2025-01-28,3077.72,-3.2906,3.1537,28.89
2025-01-29,3113.9,1.1755,3.0965,24.44
2025-01-30,3247.39,4.2869,3.2266,30.0
2025-01-31,3300.99,1.6506,3.2449,30.0
2025-02-01,3117.54,-5.5574,3.4696,35.56
2025-02-02,2869.68,-7.9505,3.7817,70.0
2025-02-03,2879.9,0.3561,3.7157,61.11
2025-02-04,2731.19,-5.1637,3.4226,30.0
2025-02-05,2788.25,2.0892,3.4147,28.89
2025-02-06,2686.64,-3.6442,3.1937,24.44
2025-02-07,2622.1,-2.4023,3.1023,20.0
2025-02-08,2632.46,0.3951,3.0932,17.78
2025-02-09,2627.18,-0.2006,3.0175,12.22
2025-02-10,2661.19,1.2945,3.0162,12.22
2025-02-11,2602.59,-2.202,3.0085,12.22
2025-02-12,2738.27,5.2133,3.1937,31.11
2025-02-13,2675.87,-2.2788,3.207,33.33
2025-02-14,2725.95,1.8715,3.2576,36.67
2025-02-15,2693.04,-1.2073,3.2359,35.56
2025-02-16,2661.41,-1.1745,3.2329,35.56
2025-02-17,2744.05,3.1051,3.2902,41.11
2025-02-18,2671.99,-2.626,3.2967,42.22
2025-02-19,2715.5,1.6284,3.1427,27.78
2025-02-20,2738.04,0.83,3.1151,25.56
2025-02-21,2663.0,-2.7406,2.9604,11.11
2025-02-22,2763.22,3.7634,2.6145,1.11
2025-02-23,2819.69,2.0436,2.6565,2.22
2025-02-24,2513.52,-10.8583,3.3909,48.89
2025-02-25,2495.7,-0.709,3.3445,48.89
2025-02-26,2336.37,-6.3842,3.5221,60.0
2025-02-27,2307.72,-1.2263,3.5018,60.0
2025-02-28,2237.59,-3.0389,3.5342,62.22
2025-03-01,2217.39,-0.9028,3.5321,62.22
2025-03-02,2518.11,13.5619,4.7084,100.0
2025-03-03,2149.01,-14.6578,5.6634,100.0
2025-03-04,2171.51,1.047,5.5134,98.89
2025-03-05,2241.59,3.2272,5.5796,98.89
2025-03-06,2202.2,-1.7572,5.5512,97.78
2025-03-07,2141.6,-2.7518,5.5656,97.78
2025-03-08,2203.58,2.8941,5.6288,98.89
2025-03-09,2020.41,-8.3124,5.783,100.0
2025-03-10,1865.1,-7.6871,5.9419,100.0
2025-03-11,1923.43,3.1274,5.9914,100.0
2025-03-12,1908.2,-0.7918,5.9699,98.89
2025-03-13,1864.59,-2.2854,5.9664,97.78
2025-03-14,1911.65,2.5239,5.9168,95.56
2025-03-15,1937.17,1.335,5.8966,94.44
2025-03-16,1887.0,-2.5899,5.5164,86.67
2025-03-17,1926.31,2.0832,5.5639,87.78
2025-03-18,1931.54,0.2715,5.4373,83.33
2025-03-19,2056.06,6.4467,5.6596,91.11
2025-03-20,1983.79,-3.515,5.6716,92.22
2025-03-21,1965.75,-0.9094,5.6716,92.22
2025-03-22,1980.69,0.76,4.6936,77.78
2025-03-23,2005.99,1.2773,3.5286,60.0
2025-03-24,2081.2,3.7493,3.6272,71.11
2025-03-25,2066.15,-0.7231,3.5448,64.44
2025-03-26,2009.52,-2.7408,3.5708,67.78
2025-03-27,2003.66,-0.2916,3.5295,58.89
2025-03-28,1896.9,-5.3282,3.615,68.89
2025-03-29,1828.08,-3.628,3.2458,42.22
2025-03-30,1807.74,-1.1126,2.7978,6.67
2025-03-31,1822.43,0.8126,2.7076,3.33
2025-04-01,1904.98,4.5297,2.8946,10.0
2025-04-02,1795.22,-5.7617,3.1239,28.89
2025-04-03,1817.23,1.226,3.081,22.22
2025-04-04,1816.87,-0.0198,3.0613,21.11
2025-04-05,1806.01,-0.5977,3.0163,17.78
2025-04-06,1580.76,-12.4722,3.9846,76.67
2025-04-07,1553.04,-1.7536,3.9792,75.56
2025-04-08,1473.41,-5.1274,3.6845,72.22
2025-04-09,1669.51,13.3093,4.8752,78.89
2025-04-10,1522.25,-8.8206,5.184,78.89
2025-04-11,1566.85,2.9299,5.2449,78.89
2025-04-12,1644.18,4.9354,5.384,78.89
2025-04-13,1597.76,-2.8233,5.2934,77.78
2025-04-14,1623.77,1.6279,5.3281,77.78
2025-04-15,1588.78,-2.1549,5.3204,76.67
2025-04-16,1577.14,-0.7326,5.3182,75.56
2025-04-17,1583.62,0.4109,5.2337,72.22
2025-04-18,1588.6,0.3145,5.1961,71.11
2025-04-19,1613.27,1.5529,5.2144,71.11
2025-04-20,1587.36,-1.6061,5.2123,70.0
2025-04-21,1579.57,-0.4908,5.0807,66.67
2025-04-22,1756.26,11.186,5.5725,85.56
2025-04-23,1795.07,2.2098,5.587,86.67
2025-04-24,1769.65,-1.4161,5.5967,86.67
2025-04-25,1784.6,0.8448,5.5975,86.67
2025-04-26,1820.88,2.0329,4.8058,60.0
2025-04-27,1791.29,-1.625,4.8024,58.89
2025-04-28,1799.88,0.4795,4.6062,55.56
2025-04-29,1797.81,-0.115,3.6604,48.89
2025-04-30,1793.61,-0.2336,2.9919,7.78
2025-05-01,1838.11,2.481,2.978,7.78
2025-05-02,1842.2,0.2225,2.8276,5.56
2025-05-03,1833.52,-0.4712,2.7296,4.44
2025-05-04,1808.86,-1.345,2.7573,5.56
2025-05-05,1820.19,0.6264,2.6852,3.33
2025-05-06,1817.0,-0.1753,2.6728,3.33
2025-05-07,1811.11,-0.3242,2.6822,4.44
2025-05-08,2207.39,21.8805,5.3328,73.33
2025-05-09,2345.04,6.2359,5.4195,74.44
2025-05-10,2583.23,10.1572,5.6284,86.67
2025-05-11,2514.57,-2.6579,5.7073,92.22
2025-05-12,2495.47,-0.7596,5.3829,70.0
2025-05-13,2679.71,7.383,5.5141,74.44
2025-05-14,2609.74,-2.6111,5.5589,76.67
2025-05-15,2548.69,-2.3393,5.6376,86.67
2025-05-16,2537.12,-0.454,5.6616,87.78
2025-05-17,2475.08,-2.4453,5.6893,91.11
2025-05-18,2497.78,0.9171,5.6851,90.0
2025-05-19,2528.14,1.2155,5.6701,86.67
2025-05-20,2524.19,-0.1562,5.6687,85.56
2025-05-21,2550.99,1.0617,5.6695,85.56
2025-05-22,2664.82,4.4622,5.6858,90.0
2025-05-23,2526.5,-5.1906,5.8786,93.33
2025-05-24,2530.4,0.1544,5.8478,92.22
2025-05-25,2551.22,0.8228,5.8459,91.11
2025-05-26,2563.7,0.4892,5.8361,90.0
2025-05-27,2660.81,3.7879,5.8269,88.89
2025-05-28,2681.6,0.7813,3.6548,27.78
2025-05-29,2631.39,-1.8724,3.5029,18.89
2025-05-30,2531.34,-3.8022,2.87,10.0
2025-05-31,2528.06,-0.1296,2.8078,8.89
2025-06-01,2539.21,0.441,2.8024,8.89
2025-06-02,2607.41,2.6859,2.3436,1.11
2025-06-03,2593.36,-0.5388,2.2755,1.11
2025-06-04,2607.68,0.5522,2.2136,1.11
2025-06-05,2414.01,-7.4269,2.761,11.11
2025-06-06,2476.1,2.5721,2.7744,12.22
2025-06-07,2524.63,1.9599,2.8,14.44
2025-06-08,2509.83,-0.5862,2.7915,13.33
2025-06-09,2680.13,6.7853,3.1576,28.89
2025-06-10,2816.4,5.0845,3.3204,31.11
2025-06-11,2771.61,-1.5903,3.2246,30.0
2025-06-12,2642.65,-4.6529,3.1811,30.0
2025-06-13,2579.19,-2.4014,3.2343,32.22
2025-06-14,2530.76,-1.8777,3.2596,34.44
2025-06-15,2547.61,0.6658,3.2611,35.56
2025-06-16,2544.17,-0.135,3.1446,28.89
2025-06-17,2509.95,-1.345,3.1464,30.0
2025-06-18,2525.0,0.5996,3.13,28.89
2025-06-19,2521.12,-0.1537,3.0165,25.56
2025-06-20,2406.49,-4.5468,3.1772,34.44
2025-06-21,2295.73,-4.6026,3.3139,42.22
2025-06-22,2227.7,-2.9633,3.2753,42.22
2025-06-23,2411.66,8.2578,3.8172,53.33
2025-06-24,2448.45,1.5255,3.8338,53.33
2025-06-25,2418.49,-1.2236,3.474,45.56
2025-06-26,2415.96,-0.1046,3.4262,45.56
2025-06-27,2423.17,0.2984,3.3961,44.44
2025-06-28,2435.62,0.5138,3.3975,44.44
2025-06-29,2500.09,2.647,3.0838,26.67
2025-06-30,2485.47,-0.5848,2.8256,16.67
2025-07-01,2405.01,-3.2372,2.8772,20.0
2025-07-02,2570.41,6.8773,3.1617,32.22
2025-07-03,2591.25,0.8108,3.1215,26.67
2025-07-04,2508.04,-3.2112,3.1762,32.22
2025-07-05,2516.41,0.3337,3.1736,32.22
2025-07-06,2570.35,2.1435,3.2078,36.67
2025-07-07,2542.29,-1.0917,3.2026,36.67
2025-07-08,2615.25,2.8699,3.2575,41.11
2025-07-09,2768.74,5.869,3.4792,52.22
2025-07-10,2951.29,6.5933,3.5135,54.44
2025-07-11,2958.22,0.2348,3.2718,44.44
2025-07-12,2943.28,-0.505,3.1523,30.0
2025-07-13,2972.03,0.9768,2.7384,8.89
2025-07-14,3013.62,1.3994,2.7375,8.89
2025-07-15,3137.89,4.1236,2.7605,12.22
2025-07-16,3371.35,7.44,3.0378,27.78
2025-07-17,3476.87,3.1299,3.034,27.78
2025-07-18,3546.92,2.0147,3.0181,27.78
2025-07-19,3592.01,1.2712,3.0169,27.78
2025-07-20,3756.69,4.5846,3.0167,27.78
2025-07-21,3762.33,0.1501,2.7977,16.67
2025-07-22,3746.21,-0.4285,2.6493,4.44
2025-07-23,3628.29,-3.1477,2.865,24.44
2025-07-24,3706.94,2.1677,2.6307,4.44
2025-07-25,3724.96,0.4861,2.6261,4.44
2025-07-26,3741.1,0.4333,2.6482,6.67
2025-07-27,3872.1,3.5016,2.5745,4.44
2025-07-28,3799.0,-1.8879,2.7138,13.33
2025-07-29,3793.79,-0.1371,2.5897,5.56
2025-07-30,3810.0,0.4273,2.3337,3.33
2025-07-31,3698.39,-2.9294,2.5025,5.56
2025-08-01,3488.2,-5.6833,2.8974,34.44
2025-08-02,3393.94,-2.7023,3.0013,34.44
2025-08-03,3496.74,3.0289,3.0407,41.11
2025-08-04,3720.99,6.4131,3.2028,55.56
2025-08-05,3612.0,-2.9291,2.9309,31.11
2025-08-06,3683.31,1.9743,2.8874,30.0
2025-08-07,3910.31,6.1629,3.1389,45.56
2025-08-08,4009.5,2.5366,3.1657,52.22
2025-08-09,4260.62,6.2631,3.29,68.89
2025-08-10,4250.57,-0.2359,3.2942,70.0
2025-08-11,4223.22,-0.6434,3.2981,71.11
2025-08-12,4590.52,8.6972,3.6108,82.22
2025-08-13,4749.3,3.4589,3.6381,83.33
2025-08-14,4546.84,-4.2629,3.834,87.78
2025-08-15,4439.47,-2.3614,3.905,88.89
2025-08-16,4421.99,-0.3937,3.8691,88.89
2025-08-17,4472.33,1.1384,3.8223,86.67
2025-08-18,4312.99,-3.5628,3.9395,92.22
2025-08-19,4075.59,-5.5043,4.1671,93.33
2025-08-20,4336.16,6.3934,4.2857,94.44
2025-08-21,4225.3,-2.5566,4.0959,93.33
2025-08-22,4832.07,14.3604,4.9204,96.67
2025-08-23,4778.4,-1.1107,4.9555,97.78
2025-08-24,4780.15,0.0366,4.8453,96.67
2025-08-25,4376.18,-8.451,5.2251,100.0
2025-08-26,4600.63,5.1289,5.2963,100.0
2025-08-27,4506.71,-2.0415,5.2174,97.78
2025-08-28,4511.21,0.0999,5.2049,96.67
2025-08-29,4360.18,-3.3479,5.1141,95.56
2025-08-30,4373.7,0.3101,5.1129,94.44
2025-08-31,4391.83,0.4145,5.1086,93.33
2025-09-01,4314.5,-1.7608,4.7471,88.89
2025-09-02,4326.5,0.2781,4.6746,87.78
2025-09-03,4450.46,2.8651,4.6349,86.67
2025-09-04,4297.55,-3.4358,4.6681,86.67
2025-09-05,4307.45,0.2304,4.6678,85.56
2025-09-06,4273.14,-0.7965,4.6627,84.44
2025-09-07,4306.19,0.7734,4.5981,82.22
2025-09-08,4306.37,0.0042,4.4158,81.11
2025-09-09,4310.09,0.0864,4.194,78.89
2025-09-10,4349.32,0.9102,4.154,76.67
2025-09-11,4458.82,2.5176,2.6796,10.0
2025-09-12,4712.16,5.6818,2.9774,23.33
2025-09-13,4666.53,-0.9683,2.9844,24.44
2025-09-14,4604.49,-1.3295,2.3132,1.11
2025-09-15,4523.74,-1.7537,2.0651,1.11
2025-09-16,4501.29,-0.4963,2.018,1.11
2025-09-17,4590.53,1.9825,2.0632,2.22
2025-09-18,4587.66,-0.0625,1.9063,1.11
2025-09-19,4468.59,-2.5954,2.006,2.22
2025-09-20,4480.42,0.2647,2.0052,2.22
2025-09-21,4444.97,-0.7912,1.9706,2.22
2025-09-22,4199.08,-5.5319,2.3287,10.0
2025-09-23,4164.26,-0.8292,2.2287,8.89
2025-09-24,4152.81,-0.275,2.1102,8.89
2025-09-25,3874.36,-6.7051,2.5445,15.56
2025-09-26,4032.24,4.075,2.7304,25.56
2025-09-27,4018.38,-0.3437,2.7203,25.56
2025-09-28,4142.16,3.0803,2.8188,32.22
2025-09-29,4215.07,1.7602,2.8494,33.33
2025-09-30,4145.15,-1.6588,2.8601,34.44
2025-10-01,4348.03,4.8944,3.0157,43.33
2025-10-02,4484.35,3.1352,2.8169,32.22
2025-10-03,4512.87,0.636,2.817,33.33
2025-10-04,4487.15,-0.5699,2.8056,32.22
2025-10-05,4514.32,0.6055,2.7826,31.11
2025-10-06,4684.01,3.7589,2.8948,42.22
2025-10-07,4447.7,-5.045,3.0826,56.67
2025-10-08,4525.72,1.7542,3.1093,57.78
2025-10-09,4368.09,-3.483,3.1518,60.0
2025-10-10,3829.72,-12.3251,4.1291,75.56
2025-10-11,3746.79,-2.1654,4.1416,75.56
2025-10-12,4152.29,10.8226,4.6964,87.78
2025-10-13,4240.85,2.1328,4.7128,87.78
2025-10-14,4125.02,-2.7313,4.7555,88.89
2025-10-15,3985.61,-3.3796,4.5698,77.78
2025-10-16,3894.51,-2.2857,4.5134,76.67
2025-10-17,3831.57,-1.6161,4.5257,76.67
2025-10-18,3889.21,1.5043,4.4826,74.44
2025-10-19,3982.58,2.4007,4.4988,74.44
2025-10-20,3979.22,-0.0844,4.486,73.33
2025-10-21,3873.05,-2.6681,4.3661,70.0
2025-10-22,3805.53,-1.7433,4.2929,68.89
2025-10-23,3856.8,1.3472,4.307,68.89
2025-10-24,3934.88,2.0245,4.3475,68.89
2025-10-25,3953.82,0.4813,4.3459,67.78
2025-10-26,4158.46,5.1758,4.4266,71.11
2025-10-27,4120.15,-0.9213,4.3042,64.44
2025-10-28,3979.2,-3.421,4.3291,65.56
2025-10-29,3902.99,-1.9152,4.2892,61.11
2025-10-30,3805.09,-2.5083,3.3668,44.44
2025-10-31,3847.99,1.1274,3.3362,43.33
2025-11-01,3873.77,0.67,2.2866,11.11
2025-11-02,3906.58,0.847,2.2342,11.11
2025-11-03,3603.83,-7.7497,2.7139,17.78
2025-11-04,3287.05,-8.7901,3.2001,38.89
2025-11-05,3424.29,4.1752,3.3663,43.33
2025-11-06,3315.14,-3.1875,3.4076,44.44
2025-11-07,3436.05,3.6472,3.5063,44.44
2025-11-08,3401.51,-1.0052,3.4407,43.33
2025-11-09,3583.46,5.3491,3.6863,46.67
2025-11-10,3567.85,-0.4356,3.6512,45.56
2025-11-11,3417.76,-4.2067,3.7369,46.67
2025-11-12,3414.92,-0.0831,3.7152,46.67
2025-11-13,3231.54,-5.37,3.8087,48.89
2025-11-14,3112.4,-3.6868,3.841,51.11
2025-11-15,3167.88,1.7825,3.6284,44.44
2025-11-16,3095.29,-2.2914,3.6339,45.56
2025-11-17,3031.44,-2.0628,3.6072,44.44
2025-11-18,3123.66,3.0421,3.7238,51.11
2025-11-19,3025.48,-3.1431,3.7389,53.33
2025-11-20,2834.22,-6.3216,3.8703,56.67
2025-11-21,2765.85,-2.4123,3.8444,56.67
2025-11-22,2770.12,0.1544,3.8253,55.56
2025-11-23,2802.16,1.1566,3.5987,44.44
2025-11-24,2953.38,5.3966,3.4235,42.22
2025-11-25,2959.36,0.2025,3.2592,37.78
2025-11-26,3026.56,2.2708,3.2658,38.89
2025-11-27,3015.23,-0.3744,3.1315,35.56
2025-11-28,3031.15,0.528,3.1394,36.67
2025-11-29,2989.16,-1.3853,2.838,26.67
2025-11-30,2991.26,0.0703,2.8439,27.78
2025-12-01,2799.07,-6.4251,3.0115,34.44
2025-12-02,2996.07,7.0381,3.4776,52.22
2025-12-03,3188.36,6.4181,3.614,56.67
2025-12-04,3133.26,-1.7282,3.5386,54.44
2025-12-05,3021.78,-3.558,3.6022,56.67
2025-12-06,3038.06,0.5388,3.5716,55.56
2025-12-07,3059.85,0.7172,3.5437,55.56
2025-12-08,3124.16,2.1017,3.5106,54.44
2025-12-09,3318.04,6.2058,3.6714,66.67
2025-12-10,3324.14,0.1838,3.3215,44.44
2025-12-11,3237.39,-2.6097,3.3315,44.44
2025-12-12,3084.86,-4.7115,3.5439,56.67
2025-12-13,3114.64,0.9654,3.5427,54.44
2025-12-14,3063.5,-1.6419,3.3944,45.56
2025-12-15,2964.85,-3.2202,3.4773,48.89
2025-12-16,2962.3,-0.086,3.4404,46.67
2025-12-17,2833.49,-4.3483,3.566,56.67
2025-12-18,2828.57,-0.1736,3.5616,55.56
2025-12-19,2979.5,5.3359,3.7536,72.22
2025-12-20,2977.93,-0.0527,3.7537,72.22
2025-12-21,3002.02,0.809,3.4487,43.33
2025-12-22,3009.49,0.2488,3.0956,23.33
2025-12-23,2965.02,-1.4777,2.7443,7.78
2025-12-24,2947.47,-0.5919,2.7264,5.56
2025-12-25,2903.95,-1.4765,2.6371,3.33
2025-12-26,2927.99,0.8278,2.6417,4.44
2025-12-27,2949.05,0.7193,2.6417,5.56
2025-12-28,2950.91,0.0631,2.5918,3.33
2025-12-29,2937.9,-0.4409,2.1269,1.11
2025-12-30,2973.69,1.2182,2.1573,2.22
2025-12-31,2971.64,-0.0689,2.1054,1.11
2026-01-01,3004.19,1.0954,1.8798,1.11
2026-01-02,3125.45,4.0364,2.0769,2.22
2026-01-03,3127.11,0.0531,2.0408,2.22
2026-01-04,3144.7,0.5625,1.892,2.22
2026-01-05,3224.99,2.5532,1.9508,3.33
2026-01-06,3296.84,2.2279,1.6455,1.11
2026-01-07,3168.72,-3.8861,1.9272,4.44
2026-01-08,3106.65,-1.9588,1.6667,2.22
2026-01-09,3088.4,-0.5874,1.6752,3.33
2026-01-10,3086.72,-0.0544,1.67,3.33
2026-01-11,3123.45,1.1899,1.6852,5.56
2026-01-12,3095.75,-0.8868,1.6605,2.22
2026-01-13,3325.82,7.4318,2.2707,18.89
2026-01-14,3354.92,0.875,2.2188,17.78
2026-01-15,3318.69,-1.0799,2.2541,20.0
2026-01-16,3296.28,-0.6753,2.2725,22.22
2026-01-17,3310.56,0.4332,2.2697,21.11
2026-01-18,3284.03,-0.8014,2.2793,24.44
2026-01-19,3189.55,-2.877,2.3942,26.67
2026-01-20,2939.88,-7.8277,2.9898,37.78
2026-01-21,2982.27,1.4419,2.9972,38.89
2026-01-22,2952.69,-0.9919,2.8563,37.78
2026-01-23,2956.41,0.126,2.8568,38.89
2026-01-24,2953.22,-0.1079,2.8511,37.78
2026-01-25,2816.89,-4.6163,2.923,41.11
2026-01-26,2930.35,4.0278,3.0352,45.56
2026-01-27,3026.77,3.2904,3.0428,46.67
2026-01-28,3010.78,-0.5283,3.0169,45.56
2026-01-29,2822.59,-6.2505,3.3007,55.56
2026-01-30,2707.38,-4.0817,3.3954,60.0
2026-01-31,2451.95,-9.4346,3.8721,100.0
2026-02-01,2270.15,-7.4145,4.1062,100.0
2026-02-02,2347.02,3.3861,3.7475,90.0
2026-02-03,2233.72,-4.8274,3.7611,92.22
2026-02-04,2148.26,-3.8259,3.7772,92.22
2026-02-05,1826.83,-14.9623,4.6861,100.0
2026-02-06,2063.38,12.9487,5.7824,100.0
2026-02-07,2087.08,1.1486,5.8209,100.0
2026-02-08,2089.74,0.1275,5.8369,100.0
2026-02-09,2105.02,0.7312,5.7001,96.67
2026-02-10,2022.67,-3.9121,5.6818,95.56
2026-02-11,1941.18,-4.0288,5.6998,95.56
2026-02-12,1947.85,0.3436,5.7039,96.67
2026-02-13,2048.72,5.1785,5.8999,100.0
2026-02-14,2086.59,1.8485,5.9048,100.0
2026-02-15,1966.58,-5.7515,5.847,97.78
2026-02-16,1998.33,1.6145,5.7851,94.44
2026-02-17,1991.66,-0.3338,5.7876,94.44
2026-02-18,1955.91,-1.795,5.6999,88.89
2026-02-19,1949.08,-0.3492,5.6784,85.56
2026-02-20,1968.88,1.0159,5.3948,84.44
2026-02-21,1973.35,0.227,5.1896,83.33
2026-02-22,1957.82,-0.787,5.11,82.22
2026-02-23,1856.3,-5.1854,5.1248,82.22
2026-02-24,1851.94,-0.2349,5.0779,80.0
2026-02-25,2057.48,11.0986,4.5427,77.78
2026-02-26,2027.68,-1.4484,3.5834,65.56
2026-02-27,1929.84,-4.8252,3.7195,68.89
2026-02-28,1964.51,1.7965,3.7473,68.89
2026-03-01,1939.71,-1.2624,3.7467,67.78
2026-03-02,2027.35,4.5182,3.7949,74.44
2026-03-03,1982.8,-2.1974,3.7159,64.44
2026-03-04,2127.28,7.2867,4.0269,75.56
2026-03-05,2072.86,-2.5582,3.9313,74.44
2026-03-06,1978.68,-4.5435,4.0374,75.56
2026-03-07,1969.59,-0.4594,3.8321,71.11
2026-03-08,1937.1,-1.6496,3.8327,71.11
2026-03-09,1992.98,2.8847,3.8861,72.22
2026-03-10,2036.51,2.1842,3.887,72.22
2026-03-11,2051.97,0.7591,3.8856,70.0
2026-03-12,2073.52,1.0502,3.8859,70.0
2026-03-13,2092.22,0.9018,3.8878,72.22
2026-03-14,2096.16,0.1883,3.8791,66.67
2026-03-15,2178.3,3.9186,3.7264,53.33
2026-03-16,2352.97,8.0186,4.0261,73.33
2026-03-17,2317.39,-1.5121,3.3742,44.44
2026-03-18,2203.39,-4.9193,3.5618,47.78
2026-03-19,2137.81,-2.9763,3.4451,46.67
2026-03-20,2146.22,0.3934,3.4337,46.67
2026-03-21,2084.87,-2.8585,3.4918,48.89
2026-03-22,2053.89,-1.4859,3.3831,44.44
2026-03-23,2152.03,4.7783,3.4841,47.78
2026-03-24,2156.23,0.1952,3.1135,40.0
2026-03-25,2169.02,0.5932,3.0533,38.89
2026-03-26,2060.43,-5.0064,3.0913,38.89
2026-03-27,1992.75,-3.2848,3.1837,40.0
2026-03-28,1994.74,0.0999,3.1581,38.89
2026-03-29,1984.64,-0.5063,3.0997,36.67
2026-03-30,2026.48,2.1082,3.0971,35.56
2026-03-31,2105.43,3.8959,3.2078,40.0
2026-04-01,2140.35,1.6586,3.2188,40.0
2026-04-02,2057.17,-3.8863,3.3344,41.11
2026-04-03,2053.83,-0.1624,3.3342,40.0
2026-04-04,2065.52,0.5692,3.2127,36.67
2026-04-05,2110.17,2.1617,2.67,16.67
2026-04-06,2107.16,-0.1426,2.6609,15.56
2026-04-07,2240.01,6.3047,2.8346,16.67
2026-04-08,2190.0,-2.2326,2.7984,15.56
2026-04-09,2190.2,0.0091,2.798,14.44
2026-04-10,2245.05,2.5043,2.7544,13.33
2026-04-11,2284.99,1.779,2.734,12.22
2026-04-12,2191.65,-4.0849,2.7346,12.22
2026-04-13,2369.46,8.1131,3.2417,37.78
2026-04-14,2322.44,-1.9844,3.2873,37.78
2026-04-15,2359.95,1.6151,3.0515,24.44
2026-04-16,2348.17,-0.4992,2.9263,17.78
2026-04-17,2419.0,3.0164,2.957,17.78
2026-04-18,2350.32,-2.8392,3.0588,25.56
2026-04-19,2263.27,-3.7038,3.2025,32.22
2026-04-20,2313.85,2.2348,3.1369,28.89
2026-04-21,2327.14,0.5744,3.1261,27.78
2026-04-22,2374.07,2.0166,2.9762,15.56
2026-04-23,2330.26,-1.8454,3.0246,16.67
2026-04-24,2314.99,-0.6553,3.0385,17.78
2026-04-25,2319.5,0.1948,3.0187,14.44
2026-04-26,2369.44,2.1531,3.035,16.67
2026-04-27,2303.67,-2.7758,2.8246,8.89
2026-04-28,2289.42,-0.6186,2.7771,6.67
2026-04-29,2252.9,-1.5952,2.8063,10.0
2026-04-30,2257.51,0.2046,2.7553,6.67
2026-05-01,2295.63,1.6886,2.7526,5.56
2026-05-02,2316.97,0.9296,2.587,1.11
2026-05-03,2322.65,0.2451,1.8693,1.11
2026-05-04,2347.16,1.0553,1.8317,1.11
2026-05-05,2360.77,0.5798,1.8016,1.11
2026-05-06,2350.84,-0.4206,1.8006,1.11
2026-05-07,2291.06,-2.5429,1.7451,1.11
2026-05-08,2307.06,0.6984,1.6511,1.11
2026-05-09,2326.44,0.84,1.4352,1.11
2026-05-10,2371.27,1.927,1.4143,1.11
2026-05-11,2339.87,-1.3242,1.4448,3.33
2026-05-12,2274.96,-2.7741,1.4932,4.44
2026-05-13,2258.65,-0.7169,1.4507,4.44
2026-05-14,2283.25,1.0891,1.4698,5.56
2026-05-15,2224.66,-2.5661,1.566,7.78
2026-05-16,2180.77,-1.9729,1.5139,7.78
2026-05-17,2131.0,-2.2822,1.4786,6.67
2026-05-18,2130.08,-0.0432,1.4792,7.78
2026-05-19,2111.93,-0.8521,1.4566,5.56
2026-05-20,2129.44,0.8291,1.4739,7.78
2026-05-21,2133.76,0.2029,1.4088,1.11
2026-05-22,2065.85,-3.1826,1.5033,13.33
2026-05-23,2117.68,2.5089,1.6388,16.67
2026-05-24,2099.85,-0.842,1.6036,16.67
2026-05-25,2113.01,0.6267,1.6053,17.78
2026-05-26,2073.77,-1.8571,1.6303,18.89
2026-05-27,2024.84,-2.3595,1.6198,18.89
2026-05-28,2009.9,-0.7378,1.5922,16.67
2026-05-29,2014.54,0.2309,1.5686,16.67
2026-05-30,2022.44,0.3921,1.4725,8.89
2026-05-31,2007.01,-0.7629,1.4673,7.78
