date,gas_price_gwei
2015-07-30,0.0
2015-07-31,0.0
2015-08-01,0.0
2015-08-02,0.0
2015-08-03,0.0
2015-08-04,0.0
2015-08-05,0.0
2015-08-06,0.0
2015-08-07,604.68415487
2015-08-08,322.713574989
2015-08-09,475.467129048
2015-08-10,421.654904254
2015-08-11,77.838819162
2015-08-12,444.902379011
2015-08-13,268.683475202
2015-08-14,193.455494453
2015-08-15,144.368937208
2015-08-16,120.940093311
2015-08-17,132.149993345
2015-08-18,146.513014268
2015-08-19,194.583349948
2015-08-20,99.011782801
2015-08-21,79.543407701
2015-08-22,552.841333007
2015-08-23,73.439482806
2015-08-24,92.409814705
2015-08-25,76.432335617
2015-08-26,60.481160549
2015-08-27,59.307091958
2015-08-28,92.879907335
2015-08-29,56.211090684
2015-08-30,55.155494457
2015-08-31,58.423521569
2015-09-01,56.671549652
2015-09-02,59.243651401
2015-09-03,55.051483461
2015-09-04,58.779015464
2015-09-05,54.768144366
2015-09-06,55.089818552
2015-09-07,53.594260637
2015-09-08,64.932639811
2015-09-09,53.779997784
2015-09-10,54.63065767
2015-09-11,55.713802958
2015-09-12,61.830202468
2015-09-13,52.313524792
2015-09-14,53.772389657
2015-09-15,53.191101494
2015-09-16,111.518559318
2015-09-17,55.637920883
2015-09-18,55.703151966
2015-09-19,51.639660974
2015-09-20,52.910345407
2015-09-21,51.171380285
2015-09-22,51.465441496
2015-09-23,51.732832046
2015-09-24,54.262646753
2015-09-25,52.300197415
2015-09-26,55.315658061
2015-09-27,51.025979902
2015-09-28,52.683661382
2015-09-29,55.43714186
2015-09-30,51.461473059
2015-10-01,51.474669294
2015-10-02,52.567714347
2015-10-03,52.502578427
2015-10-04,50.733256095
2015-10-05,50.742818443
2015-10-06,51.375494165
2015-10-07,51.181314265
2015-10-08,56.971870131
2015-10-09,61.962572208
2015-10-10,64.89330298
2015-10-11,56.318375319
2015-10-12,51.359902694
2015-10-13,53.219625156
2015-10-14,57.976429615
2015-10-15,54.823147993
2015-10-16,53.404946237
2015-10-17,53.619552703
2015-10-18,52.006592112
2015-10-19,52.456819761
2015-10-20,53.767556518
2015-10-21,53.588794315
2015-10-22,57.253941421
2015-10-23,51.207267003
2015-10-24,50.74951837
2015-10-25,51.63533967
2015-10-26,54.58599817
2015-10-27,53.525777571
2015-10-28,54.787998286
2015-10-29,52.364630378
2015-10-30,54.0177187
2015-10-31,53.753181787
2015-11-01,50.751088484
2015-11-02,53.162663704
2015-11-03,51.578536572
2015-11-04,52.243136362
2015-11-05,52.9903114
2015-11-06,52.184810513
2015-11-07,51.944373853
2015-11-08,52.414324288
2015-11-09,51.918274052
2015-11-10,52.23728491
2015-11-11,52.560853806
2015-11-12,59.050838844
2015-11-13,51.534479321
2015-11-14,51.216461485
2015-11-15,51.537798825
2015-11-16,56.768038418
2015-11-17,56.303859554
2015-11-18,53.515892028
2015-11-19,54.119551224
2015-11-20,54.384895828
2015-11-21,54.03963183
2015-11-22,53.793371733
2015-11-23,55.629754775
2015-11-24,58.04275537
2015-11-25,54.235748106
2015-11-26,53.986356287
2015-11-27,53.456555142
2015-11-28,54.312682973
2015-11-29,53.321187419
2015-11-30,55.199244474
2015-12-01,54.837947431
2015-12-02,53.588845124
2015-12-03,53.564860105
2015-12-04,53.920215595
2015-12-05,54.430269329
2015-12-06,53.904812363
2015-12-07,53.988885934
2015-12-08,53.743612456
2015-12-09,54.733915734
2015-12-10,54.938250098
2015-12-11,58.195798149
2015-12-12,59.486449382
2015-12-13,56.701649126
2015-12-14,53.372600387
2015-12-15,62.650330558
2015-12-16,54.026271431
2015-12-17,55.081281267
2015-12-18,55.03464924
2015-12-19,53.891713881
2015-12-20,53.342677327
2015-12-21,53.466176225
2015-12-22,53.62712109
2015-12-23,55.663754533
2015-12-24,52.79231574
2015-12-25,53.550792729
2015-12-26,53.675955367
2015-12-27,66.84625268
2015-12-28,53.108130511
2015-12-29,53.729001893
2015-12-30,56.716784472
2015-12-31,57.661175081
2016-01-01,54.747565393
2016-01-02,53.323453178
2016-01-03,53.342341402
2016-01-04,54.038066808
2016-01-05,57.078526509
2016-01-06,53.724486418
2016-01-07,53.273537581
2016-01-08,53.800517545
2016-01-09,53.2770184
2016-01-10,53.104731714
2016-01-11,53.940328769
2016-01-12,54.526276152
2016-01-13,58.256098368
2016-01-14,55.250356301
2016-01-15,57.562550443
2016-01-16,55.150540726
2016-01-17,53.477721574
2016-01-18,53.945900879
2016-01-19,53.767376718
2016-01-20,55.721616549
2016-01-21,60.639283859
2016-01-22,56.195249052
2016-01-23,55.504259187
2016-01-24,58.951408559
2016-01-25,56.752420983
2016-01-26,58.95535985
2016-01-27,58.687046251
2016-01-28,56.180261528
2016-01-29,59.508641167
2016-01-30,67.198755701
2016-01-31,66.544976813
2016-02-01,66.17009735
2016-02-02,65.763607541
2016-02-03,64.138762372
2016-02-04,73.409019027
2016-02-05,68.267066894
2016-02-06,131.916789237
2016-02-07,81.67434613
2016-02-08,80.464718771
2016-02-09,124.510154916
2016-02-10,141.417210581
2016-02-11,66.426480457
2016-02-12,62.79976122
2016-02-13,57.729244744
2016-02-14,53.479540613
2016-02-15,56.788416456
2016-02-16,55.814592783
2016-02-17,54.601880947
2016-02-18,54.513971078
2016-02-19,54.608221632
2016-02-20,53.77823854
2016-02-21,54.255151037
2016-02-22,59.577980579
2016-02-23,61.016867321
2016-02-24,58.177356219
2016-02-25,57.46416948
2016-02-26,54.600904591
2016-02-27,54.108259575
2016-02-28,54.072562583
2016-02-29,58.416492222
2016-03-01,59.690933816
2016-03-02,67.32249789
2016-03-03,56.545945782
2016-03-04,53.626100171
2016-03-05,47.489912177
2016-03-06,47.260765636
2016-03-07,50.440843854
2016-03-08,53.596473626
2016-03-09,38.089619702
2016-03-10,30.204433047
2016-03-11,29.035652694
2016-03-12,29.197411911
2016-03-13,30.820960382
2016-03-14,28.509995013
2016-03-15,26.342144976
2016-03-16,25.523949148
2016-03-17,27.70893299
2016-03-18,26.30290248
2016-03-19,29.326753003
2016-03-20,26.655411712
2016-03-21,26.198708915
2016-03-22,23.516912695
2016-03-23,24.515668491
2016-03-24,24.817035022
2016-03-25,28.125320881
2016-03-26,25.100050063
2016-03-27,23.366025518
2016-03-28,23.293862605
2016-03-29,24.748798767
2016-03-30,29.35690369
2016-03-31,23.943731847
2016-04-01,23.089731009
2016-04-02,22.939736669
2016-04-03,22.705288437
2016-04-04,23.071306359
2016-04-05,22.855001812
2016-04-06,23.774218158
2016-04-07,22.920002717
2016-04-08,23.663537901
2016-04-09,23.374699345
2016-04-10,23.678330657
2016-04-11,23.659454582
2016-04-12,23.059716953
2016-04-13,25.246911318
2016-04-14,25.758426765
2016-04-15,22.84835436
2016-04-16,22.969314896
2016-04-17,23.16741989
2016-04-18,22.692256964
2016-04-19,22.921917181
2016-04-20,23.244541703
2016-04-21,24.583057704
2016-04-22,23.168317793
2016-04-23,23.328772911
2016-04-24,22.898306186
2016-04-25,22.894325246
2016-04-26,24.013247909
2016-04-27,22.769355411
2016-04-28,23.151110557
2016-04-29,22.517844341
2016-04-30,23.589420595
2016-05-01,24.074701211
2016-05-02,23.73503156
2016-05-03,24.296239464
2016-05-04,23.683442809
2016-05-05,24.293386757
2016-05-06,23.038005218
2016-05-07,23.118154788
2016-05-08,23.310345
2016-05-09,23.021017203
2016-05-10,23.592720268
2016-05-11,23.627226077
2016-05-12,25.330807567
2016-05-13,28.093994639
2016-05-14,23.703052414
2016-05-15,22.439773235
2016-05-16,22.740132145
2016-05-17,22.852181919
2016-05-18,23.49838426
2016-05-19,23.539460755
2016-05-20,23.617555647
2016-05-21,22.932813089
2016-05-22,22.915048414
2016-05-23,23.047905809
2016-05-24,23.390787327
2016-05-25,23.119167836
2016-05-26,22.614164987
2016-05-27,23.740827315
2016-05-28,26.746665349
2016-05-29,23.677018969
2016-05-30,23.145863918
2016-05-31,22.735089093
2016-06-01,22.687558792
2016-06-02,22.831513081
2016-06-03,22.754854055
2016-06-04,22.562926511
2016-06-05,22.634657554
2016-06-06,23.217826841
2016-06-07,23.737534493
2016-06-08,23.042966451
2016-06-09,22.658862386
2016-06-10,22.80412894
2016-06-11,22.375029283
2016-06-12,22.951154962
2016-06-13,22.759240658
2016-06-14,22.856579441
2016-06-15,22.714226454
2016-06-16,23.212696396
2016-06-17,24.632069593
2016-06-18,24.843768913
2016-06-19,22.736174769
2016-06-20,22.691090048
2016-06-21,25.06884521
2016-06-22,23.017973391
2016-06-23,22.617185981
2016-06-24,22.3763972
2016-06-25,22.497935939
2016-06-26,22.141167067
2016-06-27,22.312348466
2016-06-28,22.584213073
2016-06-29,22.918582594
2016-06-30,22.446491113
2016-07-01,22.618172634
2016-07-02,22.174765936
2016-07-03,22.438609328
2016-07-04,22.44590308
2016-07-05,22.79192827
2016-07-06,22.376280596
2016-07-07,22.363551641
2016-07-08,22.368208463
2016-07-09,22.412574674
2016-07-10,22.296567527
2016-07-11,22.505333819
2016-07-12,22.440652514
2016-07-13,22.106770557
2016-07-14,22.324847989
2016-07-15,22.150401292
2016-07-16,22.453905433
2016-07-17,22.385907496
2016-07-18,22.1943043
2016-07-19,21.817375021
2016-07-20,22.553228644
2016-07-21,22.496025782
2016-07-22,22.38852477
2016-07-23,22.644090502
2016-07-24,23.334840904
2016-07-25,23.055593809
2016-07-26,23.802114598
2016-07-27,22.88638298
2016-07-28,24.33677515
2016-07-29,22.951966479
2016-07-30,22.341575288
2016-07-31,22.551495057
2016-08-01,22.560601997
2016-08-02,22.679744211
2016-08-03,22.667499175
2016-08-04,22.424068262
2016-08-05,22.709716839
2016-08-06,22.261007498
2016-08-07,22.143757119
2016-08-08,22.238663553
2016-08-09,22.880314198
2016-08-10,22.839922128
2016-08-11,22.430005194
2016-08-12,23.389186213
2016-08-13,22.11628246
2016-08-14,22.080023368
2016-08-15,22.387394758
2016-08-16,22.133315567
2016-08-17,22.449010538
2016-08-18,22.271755769
2016-08-19,23.013031811
2016-08-20,22.008202022
2016-08-21,22.724928781
2016-08-22,22.323641612
2016-08-23,22.47244918
2016-08-24,22.134955112
2016-08-25,21.66249542
2016-08-26,22.060468684
2016-08-27,22.084491734
2016-08-28,22.327330954
2016-08-29,22.50339099
2016-08-30,21.969060645
2016-08-31,22.383972827
2016-09-01,22.35049745
2016-09-02,21.832746445
2016-09-03,22.180114518
2016-09-04,23.122925314
2016-09-05,22.297761925
2016-09-06,22.011556383
2016-09-07,22.086810764
2016-09-08,22.630806155
2016-09-09,21.954984795
2016-09-10,22.516085593
2016-09-11,23.221716092
2016-09-12,23.19209254
2016-09-13,22.172975216
2016-09-14,21.847315101
2016-09-15,22.076869309
2016-09-16,21.913132122
2016-09-17,22.349371995
2016-09-18,22.722051979
2016-09-19,22.459974842
2016-09-20,22.114596899
2016-09-21,21.87537115
2016-09-22,21.99829379
2016-09-23,36.520780497
2016-09-24,33.231902597
2016-09-25,38.650733832
2016-09-26,43.188170153
2016-09-27,35.880566234
2016-09-28,31.053957466
2016-09-29,30.521640536
2016-09-30,29.817386069
2016-10-01,27.851144123
2016-10-02,29.274270351
2016-10-03,28.921116127
2016-10-04,25.71946674
2016-10-05,25.204877308
2016-10-06,23.383154022
2016-10-07,23.148248452
2016-10-08,23.382156317
2016-10-09,24.293403159
2016-10-10,23.808820587
2016-10-11,24.289033632
2016-10-12,26.037096488
2016-10-13,74.508549155
2016-10-14,47.491822159
2016-10-15,67.021626922
2016-10-16,64.860315135
2016-10-17,62.917625993
2016-10-18,56.109104953
2016-10-19,26.727015004
2016-10-20,28.388678071
2016-10-21,27.327186756
2016-10-22,25.56841966
2016-10-23,27.189463354
2016-10-24,26.738598194
2016-10-25,25.467763116
2016-10-26,24.766803093
2016-10-27,25.335805631
2016-10-28,26.393346615
2016-10-29,26.931401011
2016-10-30,25.710654068
2016-10-31,24.958279875
2016-11-01,27.306724366
2016-11-02,24.483859111
2016-11-03,24.961749448
2016-11-04,23.953353775
2016-11-05,24.196990421
2016-11-06,24.064007293
2016-11-07,24.556000429
2016-11-08,24.358801328
2016-11-09,25.674126403
2016-11-10,24.703835063
2016-11-11,28.889390493
2016-11-12,25.243993965
2016-11-13,25.168748733
2016-11-14,24.969184273
2016-11-15,24.58612804
2016-11-16,24.746018974
2016-11-17,24.334480804
2016-11-18,24.779293462
2016-11-19,24.367796634
2016-11-20,24.297865025
2016-11-21,24.827550548
2016-11-22,23.329377849
2016-11-23,24.571404785
2016-11-24,27.981297065
2016-11-25,24.440853301
2016-11-26,24.641800522
2016-11-27,25.256371561
2016-11-28,25.726139305
2016-11-29,25.163119754
2016-11-30,23.375317675
2016-12-01,22.785340768
2016-12-02,23.095222285
2016-12-03,22.832490174
2016-12-04,22.644586389
2016-12-05,23.613848731
2016-12-06,23.636815655
2016-12-07,23.374892164
2016-12-08,939.588332579
2016-12-09,22.949471336
2016-12-10,22.755035263
2016-12-11,23.102362744
2016-12-12,23.597952573
2016-12-13,22.64890191
2016-12-14,22.618352558
2016-12-15,23.094151934
2016-12-16,22.992393242
2016-12-17,23.595023607
2016-12-18,23.992718388
2016-12-19,23.123514564
2016-12-20,24.119840003
2016-12-21,23.592292635
2016-12-22,20.481256826
2016-12-23,21.89301728
2016-12-24,22.905581735
2016-12-25,22.736759512
2016-12-26,22.814139095
2016-12-27,23.152519818
2016-12-28,22.822250696
2016-12-29,23.046273651
2016-12-30,22.836679784
2016-12-31,22.450276633
2017-01-01,22.502464773
2017-01-02,22.989772352
2017-01-03,23.220439902
2017-01-04,23.038159919
2017-01-05,22.939235415
2017-01-06,23.009819425
2017-01-07,22.843513981
2017-01-08,22.998988736
2017-01-09,23.091635207
2017-01-10,22.532703925
2017-01-11,22.676639926
2017-01-12,23.040753981
2017-01-13,22.119879499
2017-01-14,22.409886093
2017-01-15,22.419878847
2017-01-16,22.395773525
2017-01-17,22.742343222
2017-01-18,22.420105832
2017-01-19,22.22864438
2017-01-20,22.369863556
2017-01-21,22.405633901
2017-01-22,22.118050371
2017-01-23,22.267116021
2017-01-24,22.08133407
2017-01-25,22.32986607
2017-01-26,22.478987111
2017-01-27,22.449741445
2017-01-28,22.219721089
2017-01-29,22.393586898
2017-01-30,22.234080218
2017-01-31,23.010693003
2017-02-01,22.534983936
2017-02-02,22.623466807
2017-02-03,22.508635957
2017-02-04,22.623314914
2017-02-05,22.331019732
2017-02-06,22.488425969
2017-02-07,22.381838948
2017-02-08,22.77022382
2017-02-09,22.865377988
2017-02-10,22.403621823
2017-02-11,22.195555854
2017-02-12,22.626108892
2017-02-13,23.210412106
2017-02-14,22.818886821
2017-02-15,31.915437681
2017-02-16,22.602328224
2017-02-17,22.533195533
2017-02-18,23.05794142
2017-02-19,22.391656238
2017-02-20,22.466228953
2017-02-21,22.56918722
2017-02-22,22.844411723
2017-02-23,22.741575515
2017-02-24,22.755690878
2017-02-25,22.580332911
2017-02-26,22.771424431
2017-02-27,23.193818563
2017-02-28,23.580755304
2017-03-01,27.402631555
2017-03-02,23.609865289
2017-03-03,23.008036079
2017-03-04,22.752613012
2017-03-05,22.459193729
2017-03-06,22.683379793
2017-03-07,22.439900327
2017-03-08,22.717981194
2017-03-09,22.460423289
2017-03-10,25.715550291
2017-03-11,22.822227019
2017-03-12,22.944292835
2017-03-13,23.503094188
2017-03-14,22.958465248
2017-03-15,22.877843867
2017-03-16,23.318234775
2017-03-17,27.329559604
2017-03-18,22.588280322
2017-03-19,22.676654708
2017-03-20,22.485861954
2017-03-21,22.401666063
2017-03-22,22.752454613
2017-03-23,22.541771175
2017-03-24,27.441833681
2017-03-25,23.01252966
2017-03-26,22.249849693
2017-03-27,22.24779456
2017-03-28,22.247087954
2017-03-29,22.264312196
2017-03-30,22.337722011
2017-03-31,22.421222086
2017-04-01,22.14565941
2017-04-02,22.176202916
2017-04-03,22.176569227
2017-04-04,22.335006404
2017-04-05,22.438228964
2017-04-06,22.774967565
2017-04-07,22.133175527
2017-04-08,22.13494328
2017-04-09,21.963656913
2017-04-10,22.330645586
2017-04-11,22.007626117
2017-04-12,23.067711028
2017-04-13,22.310955741
2017-04-14,22.257379067
2017-04-15,22.240477959
2017-04-16,22.100218538
2017-04-17,22.255010723
2017-04-18,22.747420158
2017-04-19,22.626922333
2017-04-20,22.480105997
2017-04-21,22.819358782
2017-04-22,22.63105248
2017-04-23,21.898039096
2017-04-24,22.9924214
2017-04-25,21.734015245
2017-04-26,22.048839796
2017-04-27,22.37794733
2017-04-28,22.130700584
2017-04-29,22.79920959
2017-04-30,22.5418451
2017-05-01,22.989649815
2017-05-02,22.975461233
2017-05-03,22.182605256
2017-05-04,22.523480694
2017-05-05,22.905913235
2017-05-06,22.25450712
2017-05-07,22.863576069
2017-05-08,22.304778708
2017-05-09,22.419891708
2017-05-10,22.14150161
2017-05-11,22.276386524
2017-05-12,22.224260597
2017-05-13,22.176736929
2017-05-14,22.054420864
2017-05-15,22.225479222
2017-05-16,22.338079736
2017-05-17,26.658490658
2017-05-18,22.641931556
2017-05-19,22.510140833
2017-05-20,22.578527232
2017-05-21,22.366670221
2017-05-22,22.950916506
2017-05-23,22.876914693
2017-05-24,23.511877462
2017-05-25,22.627478169
2017-05-26,22.767260891
2017-05-27,22.312210827
2017-05-28,21.916364414
2017-05-29,22.429141176
2017-05-30,24.758885831
2017-05-31,38.210063774
2017-06-01,23.80856295
2017-06-02,22.913829909
2017-06-03,22.677818318
2017-06-04,23.508783552
2017-06-05,22.886137204
2017-06-06,23.539130279
2017-06-07,23.555770569
2017-06-08,23.571788218
2017-06-09,22.518978783
2017-06-10,22.422146714
2017-06-11,23.843612254
2017-06-12,30.39114109
2017-06-13,24.90391297
2017-06-14,22.812812579
2017-06-15,23.411815379
2017-06-16,22.083654403
2017-06-17,20.940055933
2017-06-18,19.777146521
2017-06-19,21.054562068
2017-06-20,35.606261848
2017-06-21,58.264077197
2017-06-22,41.150573699
2017-06-23,40.960227374
2017-06-24,47.309213754
2017-06-25,34.521352334
2017-06-26,49.580734026
2017-06-27,31.580245373
2017-06-28,43.482890266
2017-06-29,35.022170593
2017-06-30,27.223635401
2017-07-01,26.68972858
2017-07-02,25.58133328
2017-07-03,28.117349173
2017-07-04,24.664144555
2017-07-05,26.133024523
2017-07-06,24.841070314
2017-07-07,27.021742038
2017-07-08,26.089973919
2017-07-09,26.860797614
2017-07-10,22.840512365
2017-07-11,24.575033101
2017-07-12,24.301621064
2017-07-13,23.629822115
2017-07-14,23.119742999
2017-07-15,26.644007281
2017-07-16,24.22525447
2017-07-17,25.00845129
2017-07-18,26.922445269
2017-07-19,25.859171423
2017-07-20,23.785270501
2017-07-21,34.121661718
2017-07-22,24.728177686
2017-07-23,24.411781141
2017-07-24,24.99364532
2017-07-25,26.699669746
2017-07-26,26.644959295
2017-07-27,25.75957627
2017-07-28,25.160319003
2017-07-29,24.073380192
2017-07-30,23.908993567
2017-07-31,22.305961187
2017-08-01,25.462492943
2017-08-02,25.1455399
2017-08-03,24.881344614
2017-08-04,22.630338284
2017-08-05,23.984146001
2017-08-06,24.293412889
2017-08-07,25.187717437
2017-08-08,23.836962422
2017-08-09,24.062207266
2017-08-10,24.244829373
2017-08-11,25.055821756
2017-08-12,24.802395477
2017-08-13,22.053673388
2017-08-14,22.124106465
2017-08-15,21.732658516
2017-08-16,34.716303601
2017-08-17,29.04502565
2017-08-18,44.653492844
2017-08-19,25.853813413
2017-08-20,22.972240493
2017-08-21,23.061643547
2017-08-22,23.423033219
2017-08-23,23.256200293
2017-08-24,24.488987225
2017-08-25,25.311366617
2017-08-26,22.816054496
2017-08-27,22.152769744
2017-08-28,23.023333378
2017-08-29,26.062902403
2017-08-30,25.922353625
2017-08-31,36.202779201
2017-09-01,29.038234385
2017-09-02,62.682734227
2017-09-03,24.625907338
2017-09-04,27.792328086
2017-09-05,30.139309787
2017-09-06,36.519706124
2017-09-07,36.147491376
2017-09-08,42.275877643
2017-09-09,29.941043195
2017-09-10,36.135150446
2017-09-11,26.441744516
2017-09-12,28.430040166
2017-09-13,27.123610125
2017-09-14,28.372005082
2017-09-15,35.527257414
2017-09-16,35.2811164
2017-09-17,32.847109838
2017-09-18,27.527967857
2017-09-19,28.240983765
2017-09-20,30.102925181
2017-09-21,23.98389801
2017-09-22,24.379043547
2017-09-23,23.562292733
2017-09-24,28.226701571
2017-09-25,25.547420148
2017-09-26,24.57194991
2017-09-27,26.548967736
2017-09-28,25.409632808
2017-09-29,23.184436268
2017-09-30,26.23141209
2017-10-01,24.190581701
2017-10-02,25.37687952
2017-10-03,23.882103385
2017-10-04,23.689836678
2017-10-05,24.302843665
2017-10-06,25.759310387
2017-10-07,22.70574474
2017-10-08,24.091593642
2017-10-09,24.174030452
2017-10-10,25.058292801
2017-10-11,30.039329444
2017-10-12,24.512657109
2017-10-13,26.489325565
2017-10-14,24.196653845
2017-10-15,23.514174126
2017-10-16,16.678649826
2017-10-17,14.194850634
2017-10-18,14.081137033
2017-10-19,12.235259269
2017-10-20,14.610349751
2017-10-21,12.128683877
2017-10-22,10.751750663
2017-10-23,13.780011469
2017-10-24,14.415708346
2017-10-25,12.720316553
2017-10-26,12.385996259
2017-10-27,11.545392383
2017-10-28,10.491940195
2017-10-29,10.371979124
2017-10-30,11.808258897
2017-10-31,13.692446133
2017-11-01,14.979336359
2017-11-02,15.919836477
2017-11-03,12.781813101
2017-11-04,11.624799927
2017-11-05,10.703460687
2017-11-06,10.433598351
2017-11-07,13.393206633
2017-11-08,16.154783877
2017-11-09,15.785570759
2017-11-10,15.036090671
2017-11-11,15.394750336
2017-11-12,18.011273725
2017-11-13,16.603636136
2017-11-14,16.704405736
2017-11-15,17.408995522
2017-11-16,16.023943398
2017-11-17,16.406020669
2017-11-18,13.339014477
2017-11-19,14.229082585
2017-11-20,16.089304528
2017-11-21,17.548793491
2017-11-22,16.469836119
2017-11-23,15.992127664
2017-11-24,15.456892039
2017-11-25,12.891179323
2017-11-26,14.953923259
2017-11-27,15.53733787
2017-11-28,16.779210323
2017-11-29,17.499867713
2017-11-30,16.35403832
2017-12-01,14.561757161
2017-12-02,13.179215357
2017-12-03,14.068434201
2017-12-04,21.962218932
2017-12-05,30.921177676
2017-12-06,42.116421717
2017-12-07,59.656597683
2017-12-08,61.102848374
2017-12-09,55.563635227
2017-12-10,43.572173439
2017-12-11,35.272081823
2017-12-12,38.367405491
2017-12-13,38.631503447
2017-12-14,41.791954659
2017-12-15,35.432934113
2017-12-16,35.296363949
2017-12-17,29.121338315
2017-12-18,27.44292939
2017-12-19,34.330952644
2017-12-20,41.559360197
2017-12-21,41.640835518
2017-12-22,40.786863196
2017-12-23,33.285710975
2017-12-24,30.228420219
2017-12-25,26.111076108
2017-12-26,25.927218047
2017-12-27,25.108575762
2017-12-28,24.13294808
2017-12-29,25.027593719
2017-12-30,24.163343242
2017-12-31,24.709168252
2018-01-01,23.306357402
2018-01-02,26.315022737
2018-01-03,27.919698108
2018-01-04,33.357029107
2018-01-05,84.460889356
2018-01-06,95.788574583
2018-01-07,74.588438927
2018-01-08,73.644673858
2018-01-09,76.790296973
2018-01-10,95.442073535
2018-01-11,82.600430565
2018-01-12,60.01453322
2018-01-13,63.717170951
2018-01-14,58.39711044
2018-01-15,53.860527328
2018-01-16,54.778776336
2018-01-17,52.114059603
2018-01-18,53.748001984
2018-01-19,51.161244711
2018-01-20,51.085545977
2018-01-21,40.356756648
2018-01-22,33.802546511
2018-01-23,39.24730206
2018-01-24,37.646911483
2018-01-25,33.569002791
2018-01-26,28.114173259
2018-01-27,27.546279427
2018-01-28,27.80018917
2018-01-29,37.0284433
2018-01-30,30.081646328
2018-01-31,29.402730461
2018-02-01,40.436332603
2018-02-02,35.386250064
2018-02-03,29.301000333
2018-02-04,29.029951503
2018-02-05,26.867195837
2018-02-06,27.964527864
2018-02-07,26.694182218
2018-02-08,24.96833316
2018-02-09,22.856286885
2018-02-10,23.836230354
2018-02-11,21.902813565
2018-02-12,20.82410831
2018-02-13,21.675219499
2018-02-14,22.50112699
2018-02-15,21.565784189
2018-02-16,21.590561665
2018-02-17,21.836733413
2018-02-18,23.119908681
2018-02-19,19.905796465
2018-02-20,20.246730594
2018-02-21,19.358082715
2018-02-22,17.902757911
2018-02-23,18.833737841
2018-02-24,19.38476007
2018-02-25,16.760068675
2018-02-26,17.771487138
2018-02-27,17.894714377
2018-02-28,20.187807483
2018-03-01,18.473527342
2018-03-02,20.451455718
2018-03-03,16.322757085
2018-03-04,17.306576278
2018-03-05,19.642692604
2018-03-06,18.179260115
2018-03-07,19.767121442
2018-03-08,18.357044883
2018-03-09,17.7521994
2018-03-10,14.79073658
2018-03-11,13.799398206
2018-03-12,15.351654962
2018-03-13,13.206717876
2018-03-14,14.203805847
2018-03-15,14.353164971
2018-03-16,16.340801409
2018-03-17,12.25259921
2018-03-18,12.747853336
2018-03-19,13.093728143
2018-03-20,13.429840214
2018-03-21,14.142299137
2018-03-22,14.406721931
2018-03-23,15.620447607
2018-03-24,13.781856544
2018-03-25,13.537750854
2018-03-26,18.175711428
2018-03-27,14.361185569
2018-03-28,14.632876426
2018-03-29,15.636728747
2018-03-30,12.774734071
2018-03-31,11.477477292
2018-04-01,11.102468465
2018-04-02,12.126196454
2018-04-03,12.293014582
2018-04-04,10.9716438
2018-04-05,15.470303694
2018-04-06,13.57670414
2018-04-07,10.753965447
2018-04-08,10.48637777
2018-04-09,11.897226799
2018-04-10,12.186519151
2018-04-11,12.41318682
2018-04-12,13.47205025
2018-04-13,15.622290969
2018-04-14,12.1850109
2018-04-15,11.501339825
2018-04-16,11.892614029
2018-04-17,12.173043612
2018-04-18,14.288533754
2018-04-19,12.80875436
2018-04-20,12.534360242
2018-04-21,11.341532081
2018-04-22,11.663977885
2018-04-23,12.244561688
2018-04-24,14.321823448
2018-04-25,13.557508252
2018-04-26,14.271989942
2018-04-27,14.685431596
2018-04-28,17.582460945
2018-04-29,15.442471407
2018-04-30,16.262401104
2018-05-01,14.281953004
2018-05-02,14.722424091
2018-05-03,16.368874314
2018-05-04,14.696638866
2018-05-05,13.44049447
2018-05-06,13.668120194
2018-05-07,13.631658303
2018-05-08,16.20437594
2018-05-09,15.052534314
2018-05-10,18.434177249
2018-05-11,18.760220475
2018-05-12,13.466355305
2018-05-13,14.402165925
2018-05-14,18.385997794
2018-05-15,18.370030387
2018-05-16,18.298682673
2018-05-17,18.99435661
2018-05-18,18.721721358
2018-05-19,17.766897892
2018-05-20,16.896601978
2018-05-21,17.929703654
2018-05-22,19.40407264
2018-05-23,19.763806846
2018-05-24,18.505927074
2018-05-25,18.300433853
2018-05-26,15.815615114
2018-05-27,14.776104835
2018-05-28,21.322427757
2018-05-29,21.228260655
2018-05-30,21.433398617
2018-05-31,26.020776841
2018-06-01,22.281817392
2018-06-02,16.102612105
2018-06-03,15.436188157
2018-06-04,19.065322604
2018-06-05,17.186633256
2018-06-06,19.741822241
2018-06-07,16.981460044
2018-06-08,15.945608934
2018-06-09,12.618229591
2018-06-10,12.552615017
2018-06-11,13.950267534
2018-06-12,14.0489314
2018-06-13,14.416451849
2018-06-14,15.91695811
2018-06-15,16.804997297
2018-06-16,24.848435239
2018-06-17,11.225914551
2018-06-18,11.823977189
2018-06-19,14.427312991
2018-06-20,13.472257819
2018-06-21,13.047918845
2018-06-22,38.878511772
2018-06-23,14.02939494
2018-06-24,16.163435399
2018-06-25,15.637044897
2018-06-26,12.011100131
2018-06-27,12.446563365
2018-06-28,11.696277117
2018-06-29,12.115784768
2018-06-30,34.210516007
2018-07-01,59.842298209
2018-07-02,86.348485003
2018-07-03,82.063750329
2018-07-04,59.083789609
2018-07-05,48.722316331
2018-07-06,70.207114167
2018-07-07,60.236707195
2018-07-08,35.585852337
2018-07-09,25.829787141
2018-07-10,21.32411998
2018-07-11,19.054597794
2018-07-12,29.189063475
2018-07-13,29.846792155
2018-07-14,57.677945355
2018-07-15,48.216188725
2018-07-16,18.562899613
2018-07-17,17.548648323
2018-07-18,15.413432909
2018-07-19,13.033482562
2018-07-20,15.878840129
2018-07-21,15.826395751
2018-07-22,11.032570831
2018-07-23,15.546838989
2018-07-24,15.414715967
2018-07-25,13.35117916
2018-07-26,12.324821471
2018-07-27,10.745209264
2018-07-28,11.542424148
2018-07-29,9.257167474
2018-07-30,10.934695303
2018-07-31,11.023798202
2018-08-01,36.681296496
2018-08-02,10.200915813
2018-08-03,10.514159674
2018-08-04,9.92463742
2018-08-05,8.072326506
2018-08-06,12.535927147
2018-08-07,25.250639628
2018-08-08,57.398987243
2018-08-09,53.118840657
2018-08-10,34.476266415
2018-08-11,14.836056985
2018-08-12,10.976239504
2018-08-13,14.813774854
2018-08-14,16.051359286
2018-08-15,15.051933577
2018-08-16,12.638796914
2018-08-17,39.211744629
2018-08-18,16.113373784
2018-08-19,14.361319521
2018-08-20,12.426913415
2018-08-21,13.046942385
2018-08-22,17.019976734
2018-08-23,14.051914381
2018-08-24,21.501969162
2018-08-25,11.428670781
2018-08-26,16.106529314
2018-08-27,12.387120423
2018-08-28,12.808584631
2018-08-29,17.290135695
2018-08-30,13.559213793
2018-08-31,14.41921433
2018-09-01,11.043181909
2018-09-02,10.27682582
2018-09-03,12.111122355
2018-09-04,13.885223845
2018-09-05,12.606166478
2018-09-06,14.951867224
2018-09-07,14.734121984
2018-09-08,12.166983189
2018-09-09,12.538460676
2018-09-10,13.452874427
2018-09-11,15.682663024
2018-09-12,16.182751014
2018-09-13,16.645393282
2018-09-14,14.645624925
2018-09-15,13.261799419
2018-09-16,13.161379589
2018-09-17,15.406825205
2018-09-18,25.201881762
2018-09-19,19.871422869
2018-09-20,15.892963469
2018-09-21,18.242050701
2018-09-22,14.429730599
2018-09-23,13.141149214
2018-09-24,16.838604807
2018-09-25,16.972035503
2018-09-26,16.344658408
2018-09-27,16.744302672
2018-09-28,18.138439166
2018-09-29,21.874799566
2018-09-30,16.556363668
2018-10-01,18.941010255
2018-10-02,19.034870185
2018-10-03,13.248714205
2018-10-04,13.254100643
2018-10-05,13.568425987
2018-10-06,9.435830094
2018-10-07,11.769350664
2018-10-08,14.576687784
2018-10-09,12.984496071
2018-10-10,15.893091379
2018-10-11,15.385072382
2018-10-12,29.285035983
2018-10-13,11.594824099
2018-10-14,11.723908779
2018-10-15,15.629941859
2018-10-16,12.735518129
2018-10-17,13.443082264
2018-10-18,13.150134317
2018-10-19,13.701804233
2018-10-20,13.289407017
2018-10-21,12.030570166
2018-10-22,13.162272626
2018-10-23,14.521834338
2018-10-24,15.173388388
2018-10-25,16.014791521
2018-10-26,16.417658883
2018-10-27,14.137366445
2018-10-28,12.960915217
2018-10-29,14.943596679
2018-10-30,14.925838057
2018-10-31,14.904469017
2018-11-01,14.202259616
2018-11-02,15.183112207
2018-11-03,16.145620959
2018-11-04,13.064568368
2018-11-05,16.749446191
2018-11-06,17.333551729
2018-11-07,16.337162082
2018-11-08,18.892302279
2018-11-09,15.752819992
2018-11-10,12.031282399
2018-11-11,10.621852227
2018-11-12,14.368146227
2018-11-13,15.059123069
2018-11-14,17.41603975
2018-11-15,18.47472879
2018-11-16,16.12081219
2018-11-17,13.2752501
2018-11-18,14.895978165
2018-11-19,17.028262287
2018-11-20,17.960754304
2018-11-21,15.269813534
2018-11-22,15.00755118
2018-11-23,15.807815573
2018-11-24,15.420458863
2018-11-25,16.30563762
2018-11-26,16.319129861
2018-11-27,14.675345264
2018-11-28,16.29297094
2018-11-29,20.346219794
2018-11-30,22.652461526
2018-12-01,17.360683398
2018-12-02,15.744999974
2018-12-03,17.352151387
2018-12-04,17.192821913
2018-12-05,17.707618986
2018-12-06,16.361316325
2018-12-07,16.593133453
2018-12-08,12.334654966
2018-12-09,11.985499611
2018-12-10,13.943396527
2018-12-11,14.800362183
2018-12-12,14.460515241
2018-12-13,17.612949432
2018-12-14,29.183615469
2018-12-15,12.75265126
2018-12-16,11.777989321
2018-12-17,13.823213704
2018-12-18,31.672019232
2018-12-19,15.897547045
2018-12-20,15.781758963
2018-12-21,15.818617345
2018-12-22,14.021469358
2018-12-23,14.62266485
2018-12-24,16.608758417
2018-12-25,14.76540206
2018-12-26,24.477635489
2018-12-27,13.530493595
2018-12-28,14.151079675
2018-12-29,12.984151825
2018-12-30,15.843483124
2018-12-31,13.84411612
2019-01-01,14.330651283
2019-01-02,13.518333631
2019-01-03,12.69551148
2019-01-04,14.197164275
2019-01-05,24.120227063
2019-01-06,13.443565864
2019-01-07,15.727137336
2019-01-08,13.679045245
2019-01-09,13.525936033
2019-01-10,15.364969669
2019-01-11,13.631672273
2019-01-12,12.182668844
2019-01-13,12.299362181
2019-01-14,19.179700938
2019-01-15,18.403886289
2019-01-16,20.629866067
2019-01-17,13.639170146
2019-01-18,14.390713391
2019-01-19,12.427478085
2019-01-20,12.387866392
2019-01-21,13.567626739
2019-01-22,18.561474026
2019-01-23,13.308904468
2019-01-24,14.394162195
2019-01-25,13.85756578
2019-01-26,12.616710414
2019-01-27,11.788620538
2019-01-28,15.213901906
2019-01-29,12.439032644
2019-01-30,13.051979777
2019-01-31,14.209971121
2019-02-01,13.2345626
2019-02-02,12.000569516
2019-02-03,11.63746062
2019-02-04,12.082194503
2019-02-05,12.593215644
2019-02-06,12.593166346
2019-02-07,14.057368181
2019-02-08,13.310836398
2019-02-09,12.390959208
2019-02-10,12.84706531
2019-02-11,13.977805236
2019-02-12,13.012487105
2019-02-13,13.713241302
2019-02-14,19.148327564
2019-02-15,14.753437258
2019-02-16,13.51007915
2019-02-17,13.757940835
2019-02-18,17.094399315
2019-02-19,373.905995022
2019-02-20,16.098676684
2019-02-21,15.306757881
2019-02-22,14.913439608
2019-02-23,14.039107293
2019-02-24,16.2518537
2019-02-25,17.02099061
2019-02-26,17.415861033
2019-02-27,16.334617513
2019-02-28,18.834674068
2019-03-01,12.974077284
2019-03-02,12.153807142
2019-03-03,12.061882513
2019-03-04,12.666122902
2019-03-05,13.496902482
2019-03-06,14.04598406
2019-03-07,13.740882181
2019-03-08,13.479470622
2019-03-09,11.957111022
2019-03-10,12.106103256
2019-03-11,12.484460496
2019-03-12,12.238102548
2019-03-13,11.704565023
2019-03-14,11.052545157
2019-03-15,11.016047852
2019-03-16,10.383394399
2019-03-17,14.577386112
2019-03-18,195.87927579
2019-03-19,13.115885101
2019-03-20,12.179174942
2019-03-21,13.904796043
2019-03-22,12.584442788
2019-03-23,10.993968628
2019-03-24,11.003609358
2019-03-25,12.549223821
2019-03-26,13.059718677
2019-03-27,13.596847307
2019-03-28,12.197114669
2019-03-29,12.5761309
2019-03-30,10.413550419
2019-03-31,10.558447429
2019-04-01,12.552870066
2019-04-02,13.857811373
2019-04-03,16.783552076
2019-04-04,13.718910474
2019-04-05,11.844298751
2019-04-06,10.759382633
2019-04-07,11.332764771
2019-04-08,12.537949552
2019-04-09,12.04003538
2019-04-10,15.258127612
2019-04-11,12.499489602
2019-04-12,11.673635693
2019-04-13,10.652876605
2019-04-14,10.388886423
2019-04-15,10.617255578
2019-04-16,10.784749556
2019-04-17,11.272692912
2019-04-18,11.933245058
2019-04-19,11.036616753
2019-04-20,8.988625935
2019-04-21,9.504825894
2019-04-22,10.745867154
2019-04-23,11.225045012
2019-04-24,12.141527708
2019-04-25,10.528010066
2019-04-26,12.095560071
2019-04-27,9.632992552
2019-04-28,9.399212617
2019-04-29,10.35634323
2019-04-30,10.119622328
2019-05-01,9.786414125
2019-05-02,40.480290586
2019-05-03,10.99706302
2019-05-04,10.092628539
2019-05-05,9.698121519
2019-05-06,10.589774139
2019-05-07,12.582212961
2019-05-08,10.988087035
2019-05-09,10.63641451
2019-05-10,11.387738585
2019-05-11,10.90500477
2019-05-12,10.835160355
2019-05-13,13.689484729
2019-05-14,13.338733306
2019-05-15,16.2753864
2019-05-16,21.005575115
2019-05-17,18.212850135
2019-05-18,14.709151796
2019-05-19,14.046405891
2019-05-20,15.523993957
2019-05-21,12.949937514
2019-05-22,16.439389013
2019-05-23,14.469157604
2019-05-24,15.059891209
2019-05-25,12.137206615
2019-05-26,10.795166754
2019-05-27,14.709981473
2019-05-28,15.120065441
2019-05-29,16.609583268
2019-05-30,17.362707848
2019-05-31,15.875042148
2019-06-01,13.50311954
2019-06-02,10.838097166
2019-06-03,13.640935323
2019-06-04,14.336552294
2019-06-05,14.726678555
2019-06-06,12.778204456
2019-06-07,13.551596264
2019-06-08,17.865004622
2019-06-09,11.772205947
2019-06-10,18.76755468
2019-06-11,15.302451335
2019-06-12,10.704744804
2019-06-13,12.498549026
2019-06-14,14.507586823
2019-06-15,16.655327552
2019-06-16,11.744583227
2019-06-17,18.033291141
2019-06-18,14.140107747
2019-06-19,15.14905111
2019-06-20,19.17108216
2019-06-21,13.132476474
2019-06-22,13.079405563
2019-06-23,12.904678821
2019-06-24,14.343913979
2019-06-25,18.442820009
2019-06-26,18.226501386
2019-06-27,20.536617245
2019-06-28,17.836887762
2019-06-29,14.969393891
2019-06-30,16.147637271
2019-07-01,19.512205713
2019-07-02,15.735865298
2019-07-03,13.480141945
2019-07-04,12.364123019
2019-07-05,14.987264501
2019-07-06,14.142027457
2019-07-07,11.147195619
2019-07-08,15.397601493
2019-07-09,13.383300658
2019-07-10,12.326418288
2019-07-11,17.68755135
2019-07-12,13.888489542
2019-07-13,11.680585984
2019-07-14,14.577611095
2019-07-15,14.426857237
2019-07-16,22.122486062
2019-07-17,19.083353124
2019-07-18,13.195635523
2019-07-19,17.348942255
2019-07-20,11.840097601
2019-07-21,12.479706324
2019-07-22,12.142840638
2019-07-23,13.450918814
2019-07-24,18.814448444
2019-07-25,17.93220408
2019-07-26,12.838413297
2019-07-27,11.947823376
2019-07-28,10.847884346
2019-07-29,12.397806559
2019-07-30,12.981815912
2019-07-31,13.135247596
2019-08-01,18.322408906
2019-08-02,14.823555455
2019-08-03,17.61727553
2019-08-04,10.409458393
2019-08-05,12.210509054
2019-08-06,12.165349434
2019-08-07,11.738350907
2019-08-08,12.955325988
2019-08-09,13.282666611
2019-08-10,12.2065541
2019-08-11,11.603713466
2019-08-12,12.880972727
2019-08-13,18.843208007
2019-08-14,12.123884054
2019-08-15,14.148150754
2019-08-16,12.115168092
2019-08-17,10.569108357
2019-08-18,11.034378823
2019-08-19,13.799990972
2019-08-20,13.732033156
2019-08-21,16.137663683
2019-08-22,14.728994674
2019-08-23,13.88513691
2019-08-24,12.922493779
2019-08-25,13.825531935
2019-08-26,17.091718069
2019-08-27,14.643027992
2019-08-28,14.687429096
2019-08-29,14.972039939
2019-08-30,14.683175769
2019-08-31,14.081874858
2019-09-01,14.737729279
2019-09-02,15.926990579
2019-09-03,14.923674985
2019-09-04,14.800053906
2019-09-05,18.537447007
2019-09-06,18.511322392
2019-09-07,17.638675225
2019-09-08,18.529952052
2019-09-09,20.493754439
2019-09-10,21.909433505
2019-09-11,21.354287415
2019-09-12,22.875111264
2019-09-13,22.002957173
2019-09-14,22.838238246
2019-09-15,22.247768825
2019-09-16,22.828478879
2019-09-17,26.408295258
2019-09-18,28.400755958
2019-09-19,29.790611153
2019-09-20,28.547468411
2019-09-21,23.160146334
2019-09-22,20.620710292
2019-09-23,25.273983935
2019-09-24,29.00580391
2019-09-25,34.523331716
2019-09-26,24.844463848
2019-09-27,25.309113745
2019-09-28,22.571983572
2019-09-29,23.509644437
2019-09-30,21.698036057
2019-10-01,14.792630237
2019-10-02,14.784178819
2019-10-03,16.416641528
2019-10-04,16.620612726
2019-10-05,15.308020009
2019-10-06,13.86352547
2019-10-07,14.672557297
2019-10-08,14.792097829
2019-10-09,16.947877071
2019-10-10,15.841678706
2019-10-11,15.370015405
2019-10-12,14.536181143
2019-10-13,15.214219663
2019-10-14,15.219524599
2019-10-15,15.11046983
2019-10-16,14.449734443
2019-10-17,14.111516782
2019-10-18,14.29577627
2019-10-19,14.181262788
2019-10-20,15.579342674
2019-10-21,15.275793403
2019-10-22,16.354366795
2019-10-23,18.828418999
2019-10-24,15.24792738
2019-10-25,16.022315848
2019-10-26,16.003775608
2019-10-27,14.662908845
2019-10-28,16.063415762
2019-10-29,16.275212916
2019-10-30,16.158350778
2019-10-31,15.988367551
2019-11-01,15.357755865
2019-11-02,14.245599208
2019-11-03,14.596844718
2019-11-04,15.086847398
2019-11-05,14.471734891
2019-11-06,13.890291945
2019-11-07,17.205356282
2019-11-08,14.143518466
2019-11-09,14.334783126
2019-11-10,13.888122126
2019-11-11,14.764625146
2019-11-12,14.527702801
2019-11-13,14.942230244
2019-11-14,15.987898238
2019-11-15,14.42648552
2019-11-16,13.100698613
2019-11-17,13.599253833
2019-11-18,21.613413943
2019-11-19,14.275368805
2019-11-20,15.039835571
2019-11-21,17.827294565
2019-11-22,23.870653045
2019-11-23,13.470958455
2019-11-24,13.759387353
2019-11-25,20.12398106
2019-11-26,16.321234587
2019-11-27,14.460479877
2019-11-28,14.61674783
2019-11-29,13.456025432
2019-11-30,13.169970955
2019-12-01,16.157752499
2019-12-02,15.214773817
2019-12-03,13.985120429
2019-12-04,13.990237704
2019-12-05,13.294192486
2019-12-06,13.469631277
2019-12-07,12.14307517
2019-12-08,9.619578683
2019-12-09,11.586206259
2019-12-10,12.196873088
2019-12-11,13.193611413
2019-12-12,12.094101016
2019-12-13,12.025417709
2019-12-14,11.649625168
2019-12-15,12.379589133
2019-12-16,13.569145225
2019-12-17,15.434108069
2019-12-18,16.536921861
2019-12-19,12.757474902
2019-12-20,12.994689673
2019-12-21,11.587579022
2019-12-22,11.038288256
2019-12-23,12.723118611
2019-12-24,11.744086945
2019-12-25,11.924668484
2019-12-26,11.93170842
2019-12-27,12.102235247
2019-12-28,11.826353778
2019-12-29,11.250754288
2019-12-30,11.988751334
2019-12-31,14.031976089
2020-01-01,11.66405435
2020-01-02,10.566318855
2020-01-03,11.494907509
2020-01-04,9.665112896
2020-01-05,9.764148415
2020-01-06,10.997805904
2020-01-07,10.476977187
2020-01-08,11.402214882
2020-01-09,10.881434074
2020-01-10,12.318556369
2020-01-11,11.17170243
2020-01-12,10.928063165
2020-01-13,11.068867087
2020-01-14,15.755682033
2020-01-15,11.1755549
2020-01-16,9.897575973
2020-01-17,10.666145544
2020-01-18,10.821750721
2020-01-19,10.370811614
2020-01-20,9.628463648
2020-01-21,9.526614167
2020-01-22,9.941370322
2020-01-23,8.95985062
2020-01-24,8.301467582
2020-01-25,7.514852406
2020-01-26,7.320700832
2020-01-27,8.606813919
2020-01-28,8.449745457
2020-01-29,8.556877569
2020-01-30,9.069894645
2020-01-31,8.965856518
2020-02-01,9.214472279
2020-02-02,9.053826022
2020-02-03,9.8358983
2020-02-04,11.701932888
2020-02-05,12.407461484
2020-02-06,12.978312165
2020-02-07,13.091705996
2020-02-08,11.679918227
2020-02-09,11.228783936
2020-02-10,11.353255565
2020-02-11,11.193602823
2020-02-12,12.709993893
2020-02-13,13.279071654
2020-02-14,12.617650524
2020-02-15,13.115693731
2020-02-16,12.55400092
2020-02-17,11.971133911
2020-02-18,11.188045875
2020-02-19,12.083070512
2020-02-20,12.008669668
2020-02-21,9.49521987
2020-02-22,10.36229721
2020-02-23,12.958605117
2020-02-24,12.107326473
2020-02-25,11.69153254
2020-02-26,14.289989019
2020-02-27,11.864912418
2020-02-28,11.792525152
2020-02-29,9.999559185
2020-03-01,10.366775236
2020-03-02,10.060971157
2020-03-03,10.710921879
2020-03-04,10.913931285
2020-03-05,11.518999227
2020-03-06,11.201545592
2020-03-07,10.988477092
2020-03-08,13.029367486
2020-03-09,14.200494445
2020-03-10,11.52816936
2020-03-11,12.884305108
2020-03-12,77.903244661
2020-03-13,84.761822515
2020-03-14,16.662648149
2020-03-15,14.364979897
2020-03-16,29.714620709
2020-03-17,18.731740624
2020-03-18,15.707758551
2020-03-19,18.322233968
2020-03-20,16.360326781
2020-03-21,12.414614632
2020-03-22,12.94221247
2020-03-23,14.465400762
2020-03-24,13.687447647
2020-03-25,13.756761814
2020-03-26,13.022719834
2020-03-27,12.546794673
2020-03-28,11.413783523
2020-03-29,11.020301161
2020-03-30,11.884805218
2020-03-31,13.067204139
2020-04-01,12.158641023
2020-04-02,13.091171982
2020-04-03,12.546736213
2020-04-04,10.643758163
2020-04-05,10.421896817
2020-04-06,14.38639535
2020-04-07,13.01352802
2020-04-08,11.57658076
2020-04-09,12.277136032
2020-04-10,12.269003782
2020-04-11,11.327484697
2020-04-12,9.800432922
2020-04-13,11.939777888
2020-04-14,12.300384022
2020-04-15,11.635342378
2020-04-16,15.064682211
2020-04-17,12.248271015
2020-04-18,12.700922618
2020-04-19,12.031541144
2020-04-20,13.770276031
2020-04-21,13.970900436
2020-04-22,14.191692798
2020-04-23,14.371184956
2020-04-24,13.771090303
2020-04-25,12.538831783
2020-04-26,13.439926391
2020-04-27,13.918385493
2020-04-28,13.052985766
2020-04-29,18.452757606
2020-04-30,23.829583393
2020-05-01,13.888475283
2020-05-02,11.389301751
2020-05-03,12.521236484
2020-05-04,14.983023765
2020-05-05,15.502345363
2020-05-06,17.933308369
2020-05-07,20.866831524
2020-05-08,20.580766613
2020-05-09,17.823163632
2020-05-10,30.507432603
2020-05-11,24.022502727
2020-05-12,27.066815386
2020-05-13,32.980999573
2020-05-14,41.116263713
2020-05-15,32.000157331
2020-05-16,25.47719155
2020-05-17,27.103939904
2020-05-18,36.50869375
2020-05-19,33.240461791
2020-05-20,36.510632877
2020-05-21,48.851382307
2020-05-22,35.001330711
2020-05-23,22.171704727
2020-05-24,29.040279475
2020-05-25,38.094676834
2020-05-26,37.860437126
2020-05-27,42.827563449
2020-05-28,39.750197752
2020-05-29,34.983980235
2020-05-30,33.659377964
2020-05-31,28.385719806
2020-06-01,32.379485381
2020-06-02,36.613726636
2020-06-03,29.769950061
2020-06-04,31.888384257
2020-06-05,32.258089816
2020-06-06,38.721024282
2020-06-07,40.787069912
2020-06-08,41.524824461
2020-06-09,37.266087486
2020-06-10,581.876396895
2020-06-11,709.708435545
2020-06-12,35.61656686
2020-06-13,29.377910098
2020-06-14,24.230716812
2020-06-15,43.250992524
2020-06-16,40.533137609
2020-06-17,42.028712404
2020-06-18,38.424496007
2020-06-19,39.365512466
2020-06-20,29.553002666
2020-06-21,29.937373565
2020-06-22,41.302954545
2020-06-23,45.49128786
2020-06-24,46.589720161
2020-06-25,42.575132701
2020-06-26,38.176707953
2020-06-27,36.769845271
2020-06-28,35.078209646
2020-06-29,39.552762105
2020-06-30,52.294541588
2020-07-01,47.35899298
2020-07-02,42.603951322
2020-07-03,44.74240716
2020-07-04,33.268484751
2020-07-05,31.655035139
2020-07-06,40.437764877
2020-07-07,40.907231924
2020-07-08,52.093643866
2020-07-09,47.477907527
2020-07-10,38.637254876
2020-07-11,33.735159452
2020-07-12,32.085351933
2020-07-13,50.960828747
2020-07-14,44.351239353
2020-07-15,51.587477037
2020-07-16,55.735259161
2020-07-17,58.219936374
2020-07-18,50.656559485
2020-07-19,54.609003475
2020-07-20,70.536742504
2020-07-21,75.884344678
2020-07-22,72.342074874
2020-07-23,81.53307782
2020-07-24,76.416250014
2020-07-25,82.224184318
2020-07-26,72.868554221
2020-07-27,96.651241529
2020-07-28,71.667637214
2020-07-29,74.335028131
2020-07-30,71.596140466
2020-07-31,78.90444718
2020-08-01,63.846952921
2020-08-02,79.704212228
2020-08-03,69.980285209
2020-08-04,59.805862058
2020-08-05,55.17012171
2020-08-06,60.216328698
2020-08-07,75.118872696
2020-08-08,68.308662136
2020-08-09,77.549796325
2020-08-10,118.330751632
2020-08-11,130.226317248
2020-08-12,223.687371417
2020-08-13,263.647078854
2020-08-14,214.593972654
2020-08-15,121.279985669
2020-08-16,103.405893872
2020-08-17,115.609204834
2020-08-18,132.626960562
2020-08-19,138.374481225
2020-08-20,116.489744937
2020-08-21,161.842347101
2020-08-22,107.429133452
2020-08-23,86.163918808
2020-08-24,98.937713405
2020-08-25,110.7412081
2020-08-26,93.103481649
2020-08-27,97.826615038
2020-08-28,93.087752585
2020-08-29,102.907957139
2020-08-30,211.899164124
2020-08-31,236.124357466
2020-09-01,445.944863506
2020-09-02,480.09630321
2020-09-03,391.330863477
2020-09-04,232.290794845
2020-09-05,276.608264542
2020-09-06,129.483046259
2020-09-07,112.638419991
2020-09-08,103.774996937
2020-09-09,120.490254791
2020-09-10,179.314983224
2020-09-11,147.230410369
2020-09-12,107.402741783
2020-09-13,120.532907374
2020-09-14,199.500184878
2020-09-15,186.693081226
2020-09-16,152.924068259
2020-09-17,538.006886531
2020-09-18,318.642907595
2020-09-19,174.319934634
2020-09-20,132.890442848
2020-09-21,176.908105832
2020-09-22,159.389045782
2020-09-23,128.840734977
2020-09-24,109.209158178
2020-09-25,102.666573843
2020-09-26,83.509486824
2020-09-27,86.032333679
2020-09-28,121.961991712
2020-09-29,153.89070419
2020-09-30,119.863366771
2020-10-01,100.691869694
2020-10-02,93.806763969
2020-10-03,79.724495395
2020-10-04,83.002261988
2020-10-05,90.700178586
2020-10-06,109.232953367
2020-10-07,85.972225652
2020-10-08,87.114899986
2020-10-09,80.387358281
2020-10-10,64.197264627
2020-10-11,49.653860265
2020-10-12,76.063541206
2020-10-13,75.080099063
2020-10-14,75.643030426
2020-10-15,74.178882628
2020-10-16,63.068023041
2020-10-17,36.291623945
2020-10-18,40.183042347
2020-10-19,56.87311962
2020-10-20,61.93556791
2020-10-21,74.178258309
2020-10-22,63.311659678
2020-10-23,58.483044067
2020-10-24,32.203857762
2020-10-25,33.050174347
2020-10-26,55.960128939
2020-10-27,43.438225272
2020-10-28,64.546938423
2020-10-29,68.638448298
2020-10-30,63.336696249
2020-10-31,40.821601761
2020-11-01,33.958389367
2020-11-02,59.556293025
2020-11-03,44.994623512
2020-11-04,36.929765158
2020-11-05,50.351219255
2020-11-06,59.743475915
2020-11-07,55.6995563
2020-11-08,29.270287574
2020-11-09,43.036804081
2020-11-10,50.067322104
2020-11-11,52.469222811
2020-11-12,58.433082358
2020-11-13,54.834222262
2020-11-14,34.540619732
2020-11-15,34.544174003
2020-11-16,47.985935398
2020-11-17,74.866465876
2020-11-18,80.394403719
2020-11-19,46.783318521
2020-11-20,68.357121233
2020-11-21,66.371016498
2020-11-22,62.695231579
2020-11-23,76.578870525
2020-11-24,93.649625593
2020-11-25,61.06060239
2020-11-26,142.517747433
2020-11-27,45.168615208
2020-11-28,34.986023055
2020-11-29,30.780782615
2020-11-30,78.98398803
2020-12-01,87.210450983
2020-12-02,44.017238565
2020-12-03,47.047850997
2020-12-04,54.133415152
2020-12-05,37.247774997
2020-12-06,36.457991314
2020-12-07,50.119786947
2020-12-08,64.453892343
2020-12-09,65.315353811
2020-12-10,56.230297216
2020-12-11,63.672809905
2020-12-12,42.794623984
2020-12-13,45.496784769
2020-12-14,63.655438361
2020-12-15,84.56057514
2020-12-16,83.601467306
2020-12-17,138.81753446
2020-12-18,74.197672209
2020-12-19,70.165553145
2020-12-20,44.52518513
2020-12-21,80.001622383
2020-12-22,66.555945514
2020-12-23,108.363073898
2020-12-24,89.685037081
2020-12-25,91.695148943
2020-12-26,66.456740443
2020-12-27,98.656135135
2020-12-28,114.189559877
2020-12-29,96.068312188
2020-12-30,113.634752762
2020-12-31,99.481529136
2021-01-01,66.56041872
2021-01-02,102.605721507
2021-01-03,170.448206739
2021-01-04,259.308818014
2021-01-05,138.143515214
2021-01-06,125.109768991
2021-01-07,133.169446656
2021-01-08,139.786171813
2021-01-09,92.563339823
2021-01-10,87.310659101
2021-01-11,238.07511825
2021-01-12,87.03198499
2021-01-13,67.945681638
2021-01-14,85.478387564
2021-01-15,94.274611075
2021-01-16,81.160820583
2021-01-17,63.895643119
2021-01-18,75.294263372
2021-01-19,100.880101955
2021-01-20,83.504044289
2021-01-21,121.058979442
2021-01-22,131.62195186
2021-01-23,80.179001262
2021-01-24,81.094537437
2021-01-25,108.165111899
2021-01-26,85.152958296
2021-01-27,100.000938092
2021-01-28,94.810705889
2021-01-29,140.718048076
2021-01-30,113.279829168
2021-01-31,128.793092351
2021-02-01,153.670444525
2021-02-02,175.725125692
2021-02-03,173.452930944
2021-02-04,232.624122045
2021-02-05,252.332377959
2021-02-06,179.640400255
2021-02-07,160.070061791
2021-02-08,212.876143856
2021-02-09,233.57364212
2021-02-10,213.088755493
2021-02-11,175.206973615
2021-02-12,180.073474689
2021-02-13,188.806380037
2021-02-14,150.406446159
2021-02-15,178.714935402
2021-02-16,173.040148593
2021-02-17,173.353196892
2021-02-18,183.087330179
2021-02-19,186.185551001
2021-02-20,201.536365984
2021-02-21,144.972264178
2021-02-22,272.678365073
2021-02-23,373.797248353
2021-02-24,210.130693063
2021-02-25,165.093586374
2021-02-26,158.443481334
2021-02-27,118.466010557
2021-02-28,117.851797297
2021-03-01,118.599353229
2021-03-02,124.935317747
2021-03-03,130.985895074
2021-03-04,112.789006531
2021-03-05,137.793802658
2021-03-06,99.200636716
2021-03-07,132.47257983
2021-03-08,137.159601599
2021-03-09,140.390240389
2021-03-10,134.143820746
2021-03-11,132.247327143
2021-03-12,171.780234615
2021-03-13,162.674252399
2021-03-14,149.068956179
2021-03-15,189.463051239
2021-03-16,188.70081277
2021-03-17,193.802222899
2021-03-18,177.580645455
2021-03-19,158.80011505
2021-03-20,141.122871221
2021-03-21,138.089306566
2021-03-22,187.501594542
2021-03-23,163.876571793
2021-03-24,176.580847487
2021-03-25,179.0948127
2021-03-26,145.286643587
2021-03-27,118.832877161
2021-03-28,124.092555106
2021-03-29,150.489681921
2021-03-30,167.319411691
2021-03-31,210.8931099
2021-04-01,191.869919452
2021-04-02,186.231148818
2021-04-03,146.063400928
2021-04-04,112.039248727
2021-04-05,148.795113225
2021-04-06,153.265691515
2021-04-07,153.647677894
2021-04-08,124.438377904
2021-04-09,118.854613506
2021-04-10,98.446127075
2021-04-11,85.229481055
2021-04-12,109.282376325
2021-04-13,120.270890177
2021-04-14,137.756107863
2021-04-15,105.013545945
2021-04-16,183.79631366
2021-04-17,144.966485762
2021-04-18,170.181112745
2021-04-19,195.797651762
2021-04-20,265.510040331
2021-04-21,166.325327588
2021-04-22,140.016002618
2021-04-23,124.223128337
2021-04-24,67.652388873
2021-04-25,55.417762177
2021-04-26,62.694725054
2021-04-27,66.938145405
2021-04-28,79.19160966
2021-04-29,71.836786969
2021-04-30,56.781903115
2021-05-01,59.677504645
2021-05-02,43.095065217
2021-05-03,66.900438914
2021-05-04,69.098834782
2021-05-05,59.385330566
2021-05-06,65.942349676
2021-05-07,68.346008307
2021-05-08,139.807611958
2021-05-09,130.671783382
2021-05-10,238.385113212
2021-05-11,298.765260904
2021-05-12,281.829434837
2021-05-13,170.566587929
2021-05-14,128.797309542
2021-05-15,93.121194895
2021-05-16,81.298825948
2021-05-17,95.485853591
2021-05-18,88.032574764
2021-05-19,298.784466223
2021-05-20,126.958389431
2021-05-21,114.601126841
2021-05-22,56.329952594
2021-05-23,143.673402773
2021-05-24,68.46780856
2021-05-25,51.922095681
2021-05-26,50.146189154
2021-05-27,39.437129759
2021-05-28,40.891552216
2021-05-29,32.976768948
2021-05-30,28.081052885
2021-05-31,32.279087412
2021-06-01,29.750836207
2021-06-02,32.350651721
2021-06-03,33.572372136
2021-06-04,28.918775826
2021-06-05,22.233993451
2021-06-06,19.356063389
2021-06-07,24.527732392
2021-06-08,32.504193436
2021-06-09,27.68589007
2021-06-10,23.89739301
2021-06-11,25.83469011
2021-06-12,23.189790716
2021-06-13,17.507233384
2021-06-14,22.658681944
2021-06-15,23.075725137
2021-06-16,22.743300318
2021-06-17,24.807002704
2021-06-18,24.274221643
2021-06-19,18.577786601
2021-06-20,20.78379794
2021-06-21,46.59088618
2021-06-22,73.163723292
2021-06-23,25.28576655
2021-06-24,22.090212482
2021-06-25,28.010226315
2021-06-26,18.761864623
2021-06-27,25.645892227
2021-06-28,23.714125368
2021-06-29,26.266202579
2021-06-30,32.002625993
2021-07-01,25.133110011
2021-07-02,20.722209911
2021-07-03,18.841863418
2021-07-04,16.413877925
2021-07-05,20.318933757
2021-07-06,54.871815247
2021-07-07,40.369381391
2021-07-08,37.478388049
2021-07-09,30.266605013
2021-07-10,18.988461455
2021-07-11,15.796724325
2021-07-12,30.407815045
2021-07-13,32.450026038
2021-07-14,45.974504881
2021-07-15,45.196906108
2021-07-16,42.029589044
2021-07-17,29.976286417
2021-07-18,30.497194578
2021-07-19,30.440382
2021-07-20,35.422941438
2021-07-21,27.173423658
2021-07-22,33.177581738
2021-07-23,35.451146095
2021-07-24,24.896279188
2021-07-25,23.442307403
2021-07-26,42.016473026
2021-07-27,40.656771727
2021-07-28,46.698873266
2021-07-29,34.329937499
2021-07-30,39.490647512
2021-07-31,44.287844806
2021-08-01,39.568132114
2021-08-02,44.396980231
2021-08-03,48.965615995
2021-08-04,45.772397433
2021-08-05,64.498157332
2021-08-06,54.09541195
2021-08-07,53.823017552
2021-08-08,50.74058315
2021-08-09,62.245603314
2021-08-10,65.215176708
2021-08-11,67.30278672
2021-08-12,58.916336779
2021-08-13,62.916929886
2021-08-14,53.617974436
2021-08-15,62.553842764
2021-08-16,61.227895718
2021-08-17,57.136391227
2021-08-18,53.671161049
2021-08-19,51.748682012
2021-08-20,48.398307664
2021-08-21,40.395653415
2021-08-22,40.824934168
2021-08-23,67.801123728
2021-08-24,86.798598845
2021-08-25,102.281584369
2021-08-26,97.97771709
2021-08-27,121.232572405
2021-08-28,89.483984349
2021-08-29,100.686224824
2021-08-30,114.338805789
2021-08-31,121.467889345
2021-09-01,136.212882273
2021-09-02,117.15114807
2021-09-03,159.34157669
2021-09-04,127.146983966
2021-09-05,116.327025581
2021-09-06,124.07117397
2021-09-07,213.999180196
2021-09-08,156.644999311
2021-09-09,151.691169447
2021-09-10,107.413546013
2021-09-11,70.547078252
2021-09-12,66.302908949
2021-09-13,106.664321726
2021-09-14,74.47621659
2021-09-15,75.053250319
2021-09-16,89.060409614
2021-09-17,80.831792329
2021-09-18,57.959970897
2021-09-19,65.198396168
2021-09-20,93.627396666
2021-09-21,106.504123903
2021-09-22,73.923487712
2021-09-23,91.230950648
2021-09-24,78.526866487
2021-09-25,50.96218765
2021-09-26,71.250486571
2021-09-27,138.455152357
2021-09-28,95.008647483
2021-09-29,83.68830123
2021-09-30,107.078373237
2021-10-01,93.359939426
2021-10-02,68.628077449
2021-10-03,65.821653497
2021-10-04,105.762393776
2021-10-05,130.495357534
2021-10-06,150.03455246
2021-10-07,151.975664165
2021-10-08,126.365894925
2021-10-09,84.647984176
2021-10-10,86.179335901
2021-10-11,114.272474792
2021-10-12,97.930380585
2021-10-13,108.522185833
2021-10-14,138.988036863
2021-10-15,152.666220738
2021-10-16,90.967356392
2021-10-17,80.516798136
2021-10-18,113.413635116
2021-10-19,79.599322886
2021-10-20,87.248508777
2021-10-21,100.283479294
2021-10-22,91.861894977
2021-10-23,71.610688632
2021-10-24,80.106768615
2021-10-25,104.406968417
2021-10-26,131.867465257
2021-10-27,177.194359917
2021-10-28,198.025656236
2021-10-29,183.858697954
2021-10-30,171.24905672
2021-10-31,157.063157
2021-11-01,166.950788377
2021-11-02,184.006933473
2021-11-03,170.817312612
2021-11-04,153.49522702
2021-11-05,141.359554777
2021-11-06,118.0592079
2021-11-07,104.335277598
2021-11-08,133.382892833
2021-11-09,181.380119178
2021-11-10,173.899759514
2021-11-11,167.05997668
2021-11-12,154.765662719
2021-11-13,136.558244852
2021-11-14,118.460320428
2021-11-15,159.570192767
2021-11-16,150.734124893
2021-11-17,137.44187662
2021-11-18,149.599507821
2021-11-19,127.112478419
2021-11-20,109.743832286
2021-11-21,112.071573983
2021-11-22,151.88278772
2021-11-23,140.451271612
2021-11-24,136.329342104
2021-11-25,129.483681201
2021-11-26,120.295788942
2021-11-27,126.86453778
2021-11-28,119.117976662
2021-11-29,128.925912913
2021-11-30,142.424571983
2021-12-01,144.590880517
2021-12-02,119.05181647
2021-12-03,114.444614457
2021-12-04,155.782569275
2021-12-05,109.899112649
2021-12-06,112.816821427
2021-12-07,98.725355074
2021-12-08,85.591237374
2021-12-09,88.232234277
2021-12-10,89.030753907
2021-12-11,78.350083431
2021-12-12,65.953683938
2021-12-13,88.677536111
2021-12-14,83.572369835
2021-12-15,92.325564544
2021-12-16,101.523194423
2021-12-17,113.247836692
2021-12-18,68.559014804
2021-12-19,62.055391544
2021-12-20,71.513752132
2021-12-21,71.13318112
2021-12-22,81.724114577
2021-12-23,90.020348396
2021-12-24,75.729336544
2021-12-25,73.519109194
2021-12-26,58.587455926
2021-12-27,82.343259279
2021-12-28,106.48726907
2021-12-29,127.731940351
2021-12-30,114.739332055
2021-12-31,97.13822023
2022-01-01,81.360644849
2022-01-02,100.587541072
2022-01-03,107.82299191
2022-01-04,133.172882074
2022-01-05,149.286681138
2022-01-06,137.789473933
2022-01-07,153.392298226
2022-01-08,121.243981674
2022-01-09,157.991849856
2022-01-10,218.547966407
2022-01-11,184.658179747
2022-01-12,194.997505026
2022-01-13,166.673299061
2022-01-14,191.210806227
2022-01-15,139.006488939
2022-01-16,132.860552497
2022-01-17,154.217004828
2022-01-18,124.366023261
2022-01-19,132.188266163
2022-01-20,147.949242748
2022-01-21,185.58902425
2022-01-22,165.35247366
2022-01-23,125.481953136
2022-01-24,142.048720738
2022-01-25,146.782924051
2022-01-26,144.647624255
2022-01-27,154.950058453
2022-01-28,140.463612735
2022-01-29,119.868895247
2022-01-30,134.343808068
2022-01-31,122.792749092
2022-02-01,155.363116032
2022-02-02,158.622018463
2022-02-03,122.791237199
2022-02-04,109.340117724
2022-02-05,110.65413509
2022-02-06,76.76071451
2022-02-07,119.522141352
2022-02-08,92.775066553
2022-02-09,97.129048063
2022-02-10,118.792683558
2022-02-11,77.826197326
2022-02-12,68.845159278
2022-02-13,59.461576044
2022-02-14,65.878165715
2022-02-15,80.874247205
2022-02-16,85.651527834
2022-02-17,77.359572225
2022-02-18,99.672209984
2022-02-19,78.329414509
2022-02-20,71.638077716
2022-02-21,93.4494223
2022-02-22,88.85594908
2022-02-23,96.963987483
2022-02-24,91.585153455
2022-02-25,68.352032145
2022-02-26,55.689206304
2022-02-27,46.808949175
2022-02-28,74.184332108
2022-03-01,61.807690726
2022-03-02,57.233821035
2022-03-03,51.820526521
2022-03-04,50.027808157
2022-03-05,39.105900797
2022-03-06,51.787695696
2022-03-07,44.752346436
2022-03-08,49.331425559
2022-03-09,40.816198152
2022-03-10,36.484913763
2022-03-11,35.326134376
2022-03-12,26.293915463
2022-03-13,41.621884402
2022-03-14,35.171107807
2022-03-15,40.481002846
2022-03-16,43.774422429
2022-03-17,77.108651531
2022-03-18,72.594322453
2022-03-19,33.680173978
2022-03-20,29.275876248
2022-03-21,37.35594567
2022-03-22,46.983693447
2022-03-23,40.602858
2022-03-24,53.3556368
2022-03-25,48.970434712
2022-03-26,34.689925385
2022-03-27,55.419043357
2022-03-28,82.45270716
2022-03-29,50.438131665
2022-03-30,56.313897422
2022-03-31,55.283697798
2022-04-01,68.577599578
2022-04-02,62.407665341
2022-04-03,55.065336602
2022-04-04,68.717823808
2022-04-05,96.816494014
2022-04-06,62.788787351
2022-04-07,75.351242378
2022-04-08,59.575919037
2022-04-09,38.308158477
2022-04-10,47.810675357
2022-04-11,49.652220938
2022-04-12,50.425290071
2022-04-13,50.926241086
2022-04-14,53.368293835
2022-04-15,43.144386684
2022-04-16,38.595586042
2022-04-17,32.925135938
2022-04-18,40.280573508
2022-04-19,44.424544153
2022-04-20,71.905804866
2022-04-21,65.083468948
2022-04-22,61.133071452
2022-04-23,35.929743755
2022-04-24,35.954621598
2022-04-25,57.799804673
2022-04-26,50.687227347
2022-04-27,57.662562102
2022-04-28,57.139757124
2022-04-29,54.690459685
2022-04-30,52.545474977
2022-05-01,474.571337241
2022-05-02,72.043698182
2022-05-03,64.10536467
2022-05-04,53.083855495
2022-05-05,68.692339576
2022-05-06,55.173751622
2022-05-07,35.194249139
2022-05-08,29.478186084
2022-05-09,66.65101843
2022-05-10,61.542478232
2022-05-11,147.322229884
2022-05-12,213.703540333
2022-05-13,80.809731378
2022-05-14,40.871363308
2022-05-15,27.951143721
2022-05-16,28.804637041
2022-05-17,37.830309444
2022-05-18,30.748925664
2022-05-19,30.460767461
2022-05-20,32.782173939
2022-05-21,26.237085979
2022-05-22,25.659863407
2022-05-23,29.5414613
2022-05-24,32.956201467
2022-05-25,38.509960332
2022-05-26,51.376731735
2022-05-27,45.548286421
2022-05-28,23.604617235
2022-05-29,24.161086427
2022-05-30,37.961721339
2022-05-31,56.552060855
2022-06-01,60.055943179
2022-06-02,64.707342185
2022-06-03,64.573734294
2022-06-04,62.971528903
2022-06-05,59.366273609
2022-06-06,57.517185219
2022-06-07,61.928256668
2022-06-08,75.58228321
2022-06-09,76.095263911
2022-06-10,59.135006269
2022-06-11,41.376926755
2022-06-12,38.719455936
2022-06-13,95.861337469
2022-06-14,66.776852142
2022-06-15,72.230086011
2022-06-16,45.180977936
2022-06-17,45.599442508
2022-06-18,55.855612595
2022-06-19,32.654814093
2022-06-20,31.375548161
2022-06-21,43.463730164
2022-06-22,39.683822982
2022-06-23,55.290317255
2022-06-24,47.629295462
2022-06-25,39.063860247
2022-06-26,40.52049541
2022-06-27,54.099913325
2022-06-28,50.397241148
2022-06-29,63.290331754
2022-06-30,56.508280513
2022-07-01,35.552904252
2022-07-02,19.367055591
2022-07-03,21.176660058
2022-07-04,26.864964814
2022-07-05,33.127985821
2022-07-06,34.027332279
2022-07-07,40.761793061
2022-07-08,30.264170187
2022-07-09,29.505264147
2022-07-10,21.041133292
2022-07-11,32.310421336
2022-07-12,27.739123781
2022-07-13,34.350933701
2022-07-14,36.726172033
2022-07-15,34.767999413
2022-07-16,26.046133732
2022-07-17,24.906210932
2022-07-18,35.135781862
2022-07-19,35.586273832
2022-07-20,34.127877817
2022-07-21,24.47297823
2022-07-22,19.100551087
2022-07-23,15.792987351
2022-07-24,13.689431825
2022-07-25,23.754872466
2022-07-26,27.645007068
2022-07-27,23.574798199
2022-07-28,27.005607346
2022-07-29,19.415115915
2022-07-30,12.277416442
2022-07-31,11.543215897
2022-08-01,23.580872768
2022-08-02,17.447426756
2022-08-03,15.725584672
2022-08-04,17.102541649
2022-08-05,17.134974698
2022-08-06,11.788764416
2022-08-07,12.459101119
2022-08-08,20.888856665
2022-08-09,22.435156603
2022-08-10,32.790380268
2022-08-11,26.961948839
2022-08-12,20.744690017
2022-08-13,13.4377236
2022-08-14,14.343206452
2022-08-15,25.490752408
2022-08-16,15.518320871
2022-08-17,15.840742318
2022-08-18,15.53165113
2022-08-19,21.371448232
2022-08-20,14.312223578
2022-08-21,10.779092286
2022-08-22,18.066664879
2022-08-23,16.511696178
2022-08-24,15.70251232
2022-08-25,20.904763641
2022-08-26,18.105901387
2022-08-27,11.733733734
2022-08-28,11.329800648
2022-08-29,19.473457572
2022-08-30,23.714139361
2022-08-31,26.136983036
2022-09-01,23.61326311
2022-09-02,17.10247958
2022-09-03,10.161641535
2022-09-04,11.434326814
2022-09-05,14.619902921
2022-09-06,19.269708826
2022-09-07,24.171122353
2022-09-08,27.017252517
2022-09-09,25.466962749
2022-09-10,15.146464248
2022-09-11,13.281379803
2022-09-12,21.385726349
2022-09-13,23.605410036
2022-09-14,17.084508729
2022-09-15,23.102480251
2022-09-16,13.923035887
2022-09-17,8.870964174
2022-09-18,11.782591937
2022-09-19,14.407629126
2022-09-20,15.549616707
2022-09-21,18.644158099
2022-09-22,14.196384851
2022-09-23,13.064001814
2022-09-24,9.076087361
2022-09-25,10.957389389
2022-09-26,16.537249259
2022-09-27,22.611010328
2022-09-28,19.756181085
2022-09-29,18.787473879
2022-09-30,18.854642753
2022-10-01,11.418509105
2022-10-02,8.482736656
2022-10-03,17.718303421
2022-10-04,17.621542205
2022-10-05,20.507549173
2022-10-06,15.623298162
2022-10-07,13.492009638
2022-10-08,20.622354179
2022-10-09,31.28709335
2022-10-10,37.582169969
2022-10-11,29.333893936
2022-10-12,22.28195932
2022-10-13,27.488686311
2022-10-14,20.98295837
2022-10-15,19.67628893
2022-10-16,17.822373644
2022-10-17,27.647227186
2022-10-18,29.217198083
2022-10-19,33.130272753
2022-10-20,35.367998733
2022-10-21,34.341965708
2022-10-22,21.90685472
2022-10-23,17.5434951
2022-10-24,23.547153638
2022-10-25,25.761288525
2022-10-26,23.444016929
2022-10-27,19.868396622
2022-10-28,20.187568905
2022-10-29,16.847981456
2022-10-30,11.954787469
2022-10-31,23.932842965
2022-11-01,18.522412597
2022-11-02,21.233333626
2022-11-03,33.662933314
2022-11-04,23.525904169
2022-11-05,15.613710939
2022-11-06,15.597214302
2022-11-07,22.116856933
2022-11-08,56.990615164
2022-11-09,61.054537493
2022-11-10,43.173312118
2022-11-11,29.642986414
2022-11-12,20.449710205
2022-11-13,20.228404244
2022-11-14,24.185417485
2022-11-15,23.904583061
2022-11-16,21.839911114
2022-11-17,23.174606735
2022-11-18,18.793247928
2022-11-19,16.207722481
2022-11-20,16.269578627
2022-11-21,17.628559163
2022-11-22,19.352296295
2022-11-23,16.841257313
2022-11-24,15.759583946
2022-11-25,14.240047285
2022-11-26,13.584856927
2022-11-27,13.384995286
2022-11-28,17.826552842
2022-11-29,14.870303308
2022-11-30,16.566226604
2022-12-01,16.79411832
2022-12-02,15.943201869
2022-12-03,14.839045501
2022-12-04,14.337269578
2022-12-05,17.801901128
2022-12-06,18.901811657
2022-12-07,21.689477944
2022-12-08,19.294282648
2022-12-09,42.479111449
2022-12-10,19.154307742
2022-12-11,21.165291288
2022-12-12,20.840121295
2022-12-13,22.373108082
2022-12-14,19.712120094
2022-12-15,21.169055748
2022-12-16,22.798849073
2022-12-17,17.185182084
2022-12-18,16.861112376
2022-12-19,17.897365083
2022-12-20,19.838126213
2022-12-21,19.614664894
2022-12-22,18.212223056
2022-12-23,16.61206598
2022-12-24,13.953389265
2022-12-25,13.670191829
2022-12-26,14.72255094
2022-12-27,18.565037222
2022-12-28,19.632858099
2022-12-29,20.056208825
2022-12-30,20.559372588
2022-12-31,19.585675641
2023-01-01,18.036457836
2023-01-02,20.591319328
2023-01-03,22.267876443
2023-01-04,29.51390552
2023-01-05,25.709158256
2023-01-06,24.515619991
2023-01-07,18.714982021
2023-01-08,22.169765554
2023-01-09,26.543481375
2023-01-10,24.832851982
2023-01-11,25.466337456
2023-01-12,25.397758826
2023-01-13,29.480606306
2023-01-14,27.988987982
2023-01-15,23.739712895
2023-01-16,27.887418109
2023-01-17,26.8910333
2023-01-18,33.560576341
2023-01-19,24.745685461
2023-01-20,25.720620233
2023-01-21,21.072475142
2023-01-22,19.312151668
2023-01-23,23.115320837
2023-01-24,30.75450864
2023-01-25,25.825941797
2023-01-26,26.205253084
2023-01-27,25.377717914
2023-01-28,18.813456271
2023-01-29,23.135740585
2023-01-30,21.825804088
2023-01-31,30.245226857
2023-02-01,30.951074759
2023-02-02,32.389670787
2023-02-03,33.686520435
2023-02-04,26.322246409
2023-02-05,23.794846802
2023-02-06,28.478691953
2023-02-07,36.817069793
2023-02-08,38.65625623
2023-02-09,40.353819491
2023-02-10,29.368859389
2023-02-11,21.41537813
2023-02-12,21.067638895
2023-02-13,29.595631552
2023-02-14,64.056071186
2023-02-15,42.442291537
2023-02-16,44.451859861
2023-02-17,40.14266408
2023-02-18,30.627715818
2023-02-19,29.673223535
2023-02-20,37.171212039
2023-02-21,37.349599727
2023-02-22,40.866932589
2023-02-23,42.639674435
2023-02-24,34.956299586
2023-02-25,24.663365746
2023-02-26,24.307982693
2023-02-27,27.327787901
2023-02-28,29.019407899
2023-03-01,35.83106058
2023-03-02,33.605840367
2023-03-03,34.761706713
2023-03-04,27.052351676
2023-03-05,29.307339847
2023-03-06,37.983458797
2023-03-07,37.755589297
2023-03-08,37.320061309
2023-03-09,40.550234117
2023-03-10,36.919533821
2023-03-11,101.261424003
2023-03-12,30.904991179
2023-03-13,39.889905007
2023-03-14,36.151597518
2023-03-15,32.866777696
2023-03-16,29.146213974
2023-03-17,28.876682813
2023-03-18,21.372877183
2023-03-19,22.355362291
2023-03-20,24.985753846
2023-03-21,22.839471496
2023-03-22,23.669198288
2023-03-23,27.09776926
2023-03-24,26.619909041
2023-03-25,20.36220395
2023-03-26,22.162968519
2023-03-27,32.606040326
2023-03-28,33.296747287
2023-03-29,34.602893435
2023-03-30,37.400759221
2023-03-31,31.440721408
2023-04-01,24.741287947
2023-04-02,23.677899834
2023-04-03,33.288679532
2023-04-04,34.822024601
2023-04-05,38.414399966
2023-04-06,33.043798323
2023-04-07,27.937185695
2023-04-08,25.168323209
2023-04-09,24.095099019
2023-04-10,28.423542045
2023-04-11,33.681093302
2023-04-12,26.818315709
2023-04-13,35.563190355
2023-04-14,33.953044053
2023-04-15,27.096530499
2023-04-16,30.469108368
2023-04-17,39.511637138
2023-04-18,60.817366363
2023-04-19,81.943647577
2023-04-20,76.593655942
2023-04-21,46.365409545
2023-04-22,43.833129395
2023-04-23,48.450624042
2023-04-24,51.48156785
2023-04-25,44.4238586
2023-04-26,46.885746251
2023-04-27,43.417185595
2023-04-28,43.63356101
2023-04-29,41.252060084
2023-04-30,50.580093244
2023-05-01,77.126318174
2023-05-02,95.049603008
2023-05-03,83.762267764
2023-05-04,86.486115375
2023-05-05,155.84444667
2023-05-06,150.68952389
2023-05-07,125.19251726
2023-05-08,122.493509823
2023-05-09,103.187004464
2023-05-10,108.13461108
2023-05-11,113.381482558
2023-05-12,77.852992618
2023-05-13,49.682615247
2023-05-14,48.384396065
2023-05-15,68.043747934
2023-05-16,64.374908775
2023-05-17,60.505535694
2023-05-18,61.428068427
2023-05-19,53.950566897
2023-05-20,38.588308207
2023-05-21,40.754757081
2023-05-22,54.73800649
2023-05-23,61.474276313
2023-05-24,51.263205411
2023-05-25,47.963979652
2023-05-26,38.29548304
2023-05-27,30.857611373
2023-05-28,35.304442784
2023-05-29,43.753085048
2023-05-30,52.791040032
2023-05-31,45.644667671
2023-06-01,46.429527239
2023-06-02,37.543014337
2023-06-03,29.191407795
2023-06-04,26.538386439
2023-06-05,42.76586372
2023-06-06,32.443616526
2023-06-07,28.583680802
2023-06-08,29.881294913
2023-06-09,27.112035037
2023-06-10,29.347417846
2023-06-11,22.461462688
2023-06-12,22.163743288
2023-06-13,21.159834803
2023-06-14,26.846036954
2023-06-15,23.77401584
2023-06-16,25.512775797
2023-06-17,22.782178091
2023-06-18,19.25856657
2023-06-19,23.797800158
2023-06-20,23.485662783
2023-06-21,25.911901778
2023-06-22,21.751822867
2023-06-23,24.162209448
2023-06-24,19.458952565
2023-06-25,16.577140864
2023-06-26,18.356299421
2023-06-27,23.748973334
2023-06-28,25.018334896
2023-06-29,38.654952329
2023-06-30,34.621226394
2023-07-01,21.910160118
2023-07-02,18.910143641
2023-07-03,25.56883031
2023-07-04,29.850456504
2023-07-05,57.566023935
2023-07-06,43.880041029
2023-07-07,37.103223628
2023-07-08,23.39741231
2023-07-09,22.277574744
2023-07-10,26.739882255
2023-07-11,26.455315457
2023-07-12,32.325010851
2023-07-13,38.624753222
2023-07-14,28.944487054
2023-07-15,18.217728227
2023-07-16,20.79215084
2023-07-17,26.92462898
2023-07-18,35.478900205
2023-07-19,31.907187218
2023-07-20,32.009270116
2023-07-21,33.37446437
2023-07-22,23.553563819
2023-07-23,25.073407368
2023-07-24,38.558174115
2023-07-25,36.003490175
2023-07-26,31.655338914
2023-07-27,36.951833604
2023-07-28,42.606260992
2023-07-29,25.935396508
2023-07-30,23.605579597
2023-07-31,27.661560032
2023-08-01,27.190618467
2023-08-02,29.177145259
2023-08-03,27.012243725
2023-08-04,23.308784539
2023-08-05,20.081142056
2023-08-06,18.489769138
2023-08-07,28.306852038
2023-08-08,28.849880481
2023-08-09,26.008814331
2023-08-10,26.846010827
2023-08-11,22.812399922
2023-08-12,18.003778079
2023-08-13,18.081560274
2023-08-14,25.986697421
2023-08-15,30.460246582
2023-08-16,35.785426655
2023-08-17,43.353587426
2023-08-18,29.143247106
2023-08-19,18.048510124
2023-08-20,19.061660587
2023-08-21,27.430425281
2023-08-22,36.04258315
2023-08-23,26.627646516
2023-08-24,23.912416712
2023-08-25,27.727821507
2023-08-26,16.163126041
2023-08-27,16.164619462
2023-08-28,32.091168744
2023-08-29,37.967538968
2023-08-30,26.987541192
2023-08-31,26.022197243
2023-09-01,21.945116195
2023-09-02,15.384540378
2023-09-03,15.194046509
2023-09-04,19.988471934
2023-09-05,21.911470941
2023-09-06,23.356596885
2023-09-07,22.790405453
2023-09-08,21.677420985
2023-09-09,14.213972669
2023-09-10,13.221297333
2023-09-11,26.627248506
2023-09-12,19.955221719
2023-09-13,23.82825211
2023-09-14,22.538728517
2023-09-15,20.741545085
2023-09-16,13.803085156
2023-09-17,12.180974956
2023-09-18,20.745638649
2023-09-19,16.487181115
2023-09-20,18.468061245
2023-09-21,38.87748592
2023-09-22,13.017038958
2023-09-23,10.829844791
2023-09-24,10.394171996
2023-09-25,16.689626817
2023-09-26,19.27212561
2023-09-27,15.250870993
2023-09-28,14.813632157
2023-09-29,13.039730062
2023-09-30,11.215628851
2023-10-01,10.825727079
2023-10-02,22.796713569
2023-10-03,15.047829339
2023-10-04,12.74044774
2023-10-05,12.190494886
2023-10-06,11.118749182
2023-10-07,9.225964157
2023-10-08,8.803796378
2023-10-09,11.285593525
2023-10-10,10.41848092
2023-10-11,10.809777559
2023-10-12,11.566035535
2023-10-13,11.614719089
2023-10-14,7.940853545
2023-10-15,8.599934583
2023-10-16,14.850235863
2023-10-17,12.340604841
2023-10-18,12.820216358
2023-10-19,13.178353285
2023-10-20,16.980753564
2023-10-21,11.306750982
2023-10-22,11.48021576
2023-10-23,25.898811752
2023-10-24,31.356942566
2023-10-25,29.650142245
2023-10-26,28.965039599
2023-10-27,22.917952679
2023-10-28,17.65810799
2023-10-29,18.114650623
2023-10-30,27.247936476
2023-10-31,29.033154312
2023-11-01,30.502115045
2023-11-02,30.074060484
2023-11-03,26.833119086
2023-11-04,20.081868287
2023-11-05,23.092755495
2023-11-06,34.963340751
2023-11-07,31.764118198
2023-11-08,36.835194279
2023-11-09,57.102480375
2023-11-10,44.566249163
2023-11-11,33.766431271
2023-11-12,32.887947141
2023-11-13,54.342492133
2023-11-14,42.76907431
2023-11-15,39.406915229
2023-11-16,39.56267347
2023-11-17,32.579592056
2023-11-18,27.278257634
2023-11-19,24.844635282
2023-11-20,45.131791881
2023-11-21,45.641080284
2023-11-22,45.161108097
2023-11-23,37.337252875
2023-11-24,33.26327675
2023-11-25,26.140756115
2023-11-26,28.528695135
2023-11-27,37.580579846
2023-11-28,46.073858389
2023-11-29,42.539356166
2023-11-30,51.292428374
2023-12-01,47.902562692
2023-12-02,39.046408864
2023-12-03,37.558175914
2023-12-04,52.28418084
2023-12-05,62.249090972
2023-12-06,61.927988727
2023-12-07,55.535210757
2023-12-08,47.393303836
2023-12-09,38.300260671
2023-12-10,38.08614398
2023-12-11,41.508837912
2023-12-12,50.122096805
2023-12-13,53.102099693
2023-12-14,50.490208853
2023-12-15,62.408897335
2023-12-16,56.142820542
2023-12-17,43.035438461
2023-12-18,65.135843878
2023-12-19,59.461865666
2023-12-20,59.904298984
2023-12-21,44.677681379
2023-12-22,37.78044226
2023-12-23,25.841520736
2023-12-24,25.76194357
2023-12-25,26.045896236
2023-12-26,22.207584805
2023-12-27,31.475090098
2023-12-28,34.067777487
2023-12-29,28.027641089
2023-12-30,22.897728249
2023-12-31,17.377901165
2024-01-01,14.906085174
2024-01-02,22.28459059
2024-01-03,39.988832546
2024-01-04,26.099893223
2024-01-05,22.821996688
2024-01-06,20.329524156
2024-01-07,32.535045832
2024-01-08,27.437921443
2024-01-09,24.802785501
2024-01-10,41.561765444
2024-01-11,35.400353754
2024-01-12,27.776006348
2024-01-13,19.986845329
2024-01-14,38.786781856
2024-01-15,26.164485426
2024-01-16,36.888126668
2024-01-17,40.102180616
2024-01-18,37.668315197
2024-01-19,33.271450114
2024-01-20,19.308792981
2024-01-21,16.362395893
2024-01-22,21.817992413
2024-01-23,18.590570686
2024-01-24,15.447411952
2024-01-25,28.88367005
2024-01-26,22.573714573
2024-01-27,15.310918127
2024-01-28,14.594281982
2024-01-29,16.805633146
2024-01-30,31.884774469
2024-01-31,29.203802451
2024-02-01,31.392970368
2024-02-02,24.500437327
2024-02-03,22.511514075
2024-02-04,18.512427976
2024-02-05,22.34163636
2024-02-06,37.660659816
2024-02-07,43.071499865
2024-02-08,60.785647336
2024-02-09,71.415240828
2024-02-10,38.670181399
2024-02-11,30.469736562
2024-02-12,43.865510119
2024-02-13,34.487521504
2024-02-14,30.055114476
2024-02-15,39.172512561
2024-02-16,30.843412373
2024-02-17,22.606061106
2024-02-18,25.482158308
2024-02-19,37.551815368
2024-02-20,41.425451234
2024-02-21,43.659442265
2024-02-22,51.383326353
2024-02-23,44.86952626
2024-02-24,30.785077921
2024-02-25,31.687193252
2024-02-26,44.049515982
2024-02-27,52.078273471
2024-02-28,65.493392699
2024-02-29,74.113151775
2024-03-01,58.406377546
2024-03-02,52.441171233
2024-03-03,54.765290988
2024-03-04,86.436145511
2024-03-05,98.680928276
2024-03-06,83.456739429
2024-03-07,74.415996706
2024-03-08,66.04749331
2024-03-09,59.055881981
2024-03-10,63.679788574
2024-03-11,72.310953858
2024-03-12,64.385923989
2024-03-13,64.569491149
2024-03-14,56.888536551
2024-03-15,45.740465011
2024-03-16,37.414230291
2024-03-17,32.275112489
2024-03-18,40.439650375
2024-03-19,44.977949993
2024-03-20,38.891587035
2024-03-21,33.968806911
2024-03-22,27.91071844
2024-03-23,21.387739965
2024-03-24,21.236141274
2024-03-25,29.623241049
2024-03-26,34.984052996
2024-03-27,39.817196793
2024-03-28,37.886051029
2024-03-29,29.083964023
2024-03-30,25.026990671
2024-03-31,23.756563956
2024-04-01,28.461218194
2024-04-02,41.928245505
2024-04-03,35.65671527
2024-04-04,32.890936091
2024-04-05,23.332158093
2024-04-06,16.084542564
2024-04-07,18.607930808
2024-04-08,27.299946961
2024-04-09,29.80683749
2024-04-10,22.350673267
2024-04-11,22.956079294
2024-04-12,32.16505669
2024-04-13,47.579524113
2024-04-14,14.997630017
2024-04-15,18.448168036
2024-04-16,13.971156075
2024-04-17,24.998212649
2024-04-18,14.827204743
2024-04-19,14.229829052
2024-04-20,9.562570897
2024-04-21,9.913422718
2024-04-22,13.709597369
2024-04-23,15.486230693
2024-04-24,19.320031364
2024-04-25,14.855679502
2024-04-26,10.299846723
2024-04-27,8.060109553
2024-04-28,9.377267385
2024-04-29,11.27049329
2024-04-30,17.410912238
2024-05-01,11.932315948
2024-05-02,10.427611075
2024-05-03,9.847850187
2024-05-04,7.92721392
2024-05-05,7.708524885
2024-05-06,8.31242434
2024-05-07,8.58754592
2024-05-08,7.388610391
2024-05-09,6.855968572
2024-05-10,8.520410039
2024-05-11,6.563965162
2024-05-12,5.824352172
2024-05-13,11.148457218
2024-05-14,9.604991843
2024-05-15,10.129042556
2024-05-16,7.40396994
2024-05-17,8.502476608
2024-05-18,5.370062057
2024-05-19,5.46789363
2024-05-20,18.809071595
2024-05-21,17.542154481
2024-05-22,15.761197655
2024-05-23,15.571613824
2024-05-24,11.463182504
2024-05-25,7.910674372
2024-05-26,8.180356285
2024-05-27,18.858871737
2024-05-28,20.145931047
2024-05-29,15.836536949
2024-05-30,16.802668106
2024-05-31,15.368563764
2024-06-01,10.295409535
2024-06-02,12.32404248
2024-06-03,16.197031216
2024-06-04,13.295168054
2024-06-05,22.311745438
2024-06-06,23.253144115
2024-06-07,20.070499691
2024-06-08,10.447513187
2024-06-09,9.954544276
2024-06-10,13.600129963
2024-06-11,17.520373607
2024-06-12,20.148460747
2024-06-13,17.060548399
2024-06-14,12.954823276
2024-06-15,6.920378392
2024-06-16,6.194832919
2024-06-17,10.338006601
2024-06-18,12.646141326
2024-06-19,10.509101413
2024-06-20,13.090741178
2024-06-21,7.320255552
2024-06-22,4.202489746
2024-06-23,4.8639668
2024-06-24,8.655594884
2024-06-25,8.193988506
2024-06-26,8.762019954
2024-06-27,10.351681411
2024-06-28,6.947772652
2024-06-29,3.960854809
2024-06-30,4.989553691
2024-07-01,8.367422567
2024-07-02,7.335160047
2024-07-03,11.58229908
2024-07-04,10.524328091
2024-07-05,12.256693969
2024-07-06,4.148682898
2024-07-07,3.835146729
2024-07-08,6.116703105
2024-07-09,6.499424579
2024-07-10,10.483314101
2024-07-11,8.128366671
2024-07-12,5.410629133
2024-07-13,4.67655526
2024-07-14,5.512991048
2024-07-15,11.785282101
2024-07-16,11.851543081
2024-07-17,13.639100702
2024-07-18,14.247390227
2024-07-19,9.837178121
2024-07-20,5.77854979
2024-07-21,8.265816063
2024-07-22,9.031808354
2024-07-23,7.637812599
2024-07-24,6.971815906
2024-07-25,7.344992288
2024-07-26,4.74624131
2024-07-27,7.253963365
2024-07-28,3.897418102
2024-07-29,5.010819848
2024-07-30,10.684515755
2024-07-31,10.838316
2024-08-01,12.067074474
2024-08-02,7.76580505
2024-08-03,4.159665478
2024-08-04,7.367613164
2024-08-05,51.675447365
2024-08-06,7.016654008
2024-08-07,7.853472698
2024-08-08,9.544017531
2024-08-09,7.171894625
2024-08-10,3.497215639
2024-08-11,5.838186086
2024-08-12,8.237201577
2024-08-13,5.185641942
2024-08-14,5.737955362
2024-08-15,7.049822521
2024-08-16,3.75119127
2024-08-17,2.969767647
2024-08-18,3.128636674
2024-08-19,4.014073126
2024-08-20,4.183134315
2024-08-21,5.286889834
2024-08-22,3.472863954
2024-08-23,3.785422799
2024-08-24,2.863759875
2024-08-25,2.64745118
2024-08-26,4.030959295
2024-08-27,4.008537586
2024-08-28,3.977486294
2024-08-29,3.814669064
2024-08-30,3.352931737
2024-08-31,2.217898553
2024-09-01,2.357411211
2024-09-02,6.337719825
2024-09-03,4.586226303
2024-09-04,7.372142345
2024-09-05,7.697793202
2024-09-06,10.716003869
2024-09-07,4.131274307
2024-09-08,2.861727001
2024-09-09,7.578194225
2024-09-10,8.632845891
2024-09-11,5.411321308
2024-09-12,6.614454081
2024-09-13,5.724035813
2024-09-14,3.898855225
2024-09-15,3.924347692
2024-09-16,11.760153151
2024-09-17,12.374310175
2024-09-18,12.498574776
2024-09-19,20.854605871
2024-09-20,20.278518564
2024-09-21,17.446122954
2024-09-22,14.996005909
2024-09-23,26.508000498
2024-09-24,27.533718846
2024-09-25,26.228093948
2024-09-26,24.870875017
2024-09-27,18.270065484
2024-09-28,9.530104313
2024-09-29,10.414202133
2024-09-30,14.737841011
2024-10-01,22.450165618
2024-10-02,14.912598609
2024-10-03,10.775795193
2024-10-04,9.240179421
2024-10-05,8.622349572
2024-10-06,11.85699635
2024-10-07,26.92153446
2024-10-08,37.055653325
2024-10-09,27.454198159
2024-10-10,17.313253382
2024-10-11,23.926852862
2024-10-12,18.014491508
2024-10-13,15.474154149
2024-10-14,24.807943963
2024-10-15,20.847953152
2024-10-16,17.124047413
2024-10-17,22.997540304
2024-10-18,27.003396509
2024-10-19,14.969141624
2024-10-20,11.186653617
2024-10-21,11.426175036
2024-10-22,13.313277417
2024-10-23,14.533212749
2024-10-24,12.64402108
2024-10-25,10.600484429
2024-10-26,7.821803264
2024-10-27,7.863706378
2024-10-28,13.019189706
2024-10-29,14.830679383
2024-10-30,16.87739464
2024-10-31,13.038349318
2024-11-01,11.135953998
2024-11-02,7.707818443
2024-11-03,7.416499173
2024-11-04,8.500719274
2024-11-05,9.684216303
2024-11-06,25.175772946
2024-11-07,20.750104459
2024-11-08,16.92868314
2024-11-09,12.208215584
2024-11-10,20.779683794
2024-11-11,29.962313387
2024-11-12,33.34061201
2024-11-13,51.653811463
2024-11-14,34.612821835
2024-11-15,22.577680444
2024-11-16,15.677183132
2024-11-17,13.121945711
2024-11-18,17.39508191
2024-11-19,18.168529385
2024-11-20,15.569818899
2024-11-21,19.788689829
2024-11-22,15.119706693
2024-11-23,16.147451017
2024-11-24,11.388793891
2024-11-25,15.590458925
2024-11-26,13.426702331
2024-11-27,17.284288408
2024-11-28,12.590901697
2024-11-29,12.489713592
2024-11-30,12.053616991
2024-12-01,16.031439336
2024-12-02,30.241773826
2024-12-03,29.529962557
2024-12-04,28.878213625
2024-12-05,25.555541675
2024-12-06,24.242699086
2024-12-07,15.168739621
2024-12-08,12.184030924
2024-12-09,31.744871529
2024-12-10,29.43714179
2024-12-11,21.735605737
2024-12-12,23.025355646
2024-12-13,17.093997447
2024-12-14,10.991588536
2024-12-15,10.197447224
2024-12-16,18.852343249
2024-12-17,19.687670212
2024-12-18,20.811104673
2024-12-19,24.265193363
2024-12-20,23.134964258
2024-12-21,10.125865201
2024-12-22,8.181341711
2024-12-23,12.01077517
2024-12-24,8.762799492
2024-12-25,6.934566458
2024-12-26,8.237484329
2024-12-27,7.709954526
2024-12-28,5.991375291
2024-12-29,5.790899606
2024-12-30,8.431892612
2024-12-31,11.362909495
2025-01-01,19.256054294
2025-01-02,21.08137992
2025-01-03,13.963472216
2025-01-04,11.573476281
2025-01-05,9.452543925
2025-01-06,16.142453864
2025-01-07,12.543379345
2025-01-08,11.154560019
2025-01-09,9.941396847
2025-01-10,8.285964545
2025-01-11,4.633523979
2025-01-12,3.934712853
2025-01-13,9.914078965
2025-01-14,8.1949425
2025-01-15,9.985282333
2025-01-16,8.645006405
2025-01-17,10.621789215
2025-01-18,17.613279624
2025-01-19,47.156948086
2025-01-20,39.77502198
2025-01-21,16.383612802
2025-01-22,11.53907435
2025-01-23,12.885022894
2025-01-24,12.696140459
2025-01-25,7.140981333
2025-01-26,6.590277276
2025-01-27,12.219044894
2025-01-28,7.196390152
2025-01-29,5.188315316
2025-01-30,4.992808431
2025-01-31,6.350259485
2025-02-01,4.149546323
2025-02-02,10.33698642
2025-02-03,33.223755613
2025-02-04,4.780827197
2025-02-05,3.614491601
2025-02-06,3.757970121
2025-02-07,3.144417289
2025-02-08,2.443721663
2025-02-09,2.620459896
2025-02-10,2.744020018
2025-02-11,3.576134863
2025-02-12,3.512973045
2025-02-13,3.469604871
2025-02-14,2.555511909
2025-02-15,1.895697655
2025-02-16,1.957794769
2025-02-17,12.652300822
2025-02-18,2.942103785
2025-02-19,2.270480116
2025-02-20,2.427071496
2025-02-21,4.218117505
2025-02-22,2.356566934
2025-02-23,2.164691505
2025-02-24,3.022174125
2025-02-25,5.086704913
2025-02-26,3.145682197
2025-02-27,2.266206886
2025-02-28,4.494694845
2025-03-01,2.260211286
2025-03-02,7.377621784
2025-03-03,3.434726501
2025-03-04,4.341521989
2025-03-05,2.457370965
2025-03-06,2.653903301
2025-03-07,3.007171295
2025-03-08,2.293764421
2025-03-09,2.547768823
2025-03-10,6.342953942
2025-03-11,4.582418632
2025-03-12,2.734663329
2025-03-13,2.547974809
2025-03-14,2.407553079
2025-03-15,1.977907259
2025-03-16,2.211954856
2025-03-17,2.391279729
2025-03-18,2.215525377
2025-03-19,2.69123588
2025-03-20,2.21547134
2025-03-21,1.882264217
2025-03-22,2.044824221
2025-03-23,1.641667849
2025-03-24,2.091352271
2025-03-25,1.880860738
2025-03-26,1.917314637
2025-03-27,2.291073785
2025-03-28,2.030846156
2025-03-29,1.813869685
2025-03-30,1.723956237
2025-03-31,2.18025876
2025-04-01,2.608961663
2025-04-02,2.528947037
2025-04-03,2.361243561
2025-04-04,2.472649625
2025-04-05,1.670227988
2025-04-06,5.376359346
2025-04-07,8.057457268
2025-04-08,2.641344106
2025-04-09,5.343708895
2025-04-10,4.827701344
2025-04-11,2.74605886
2025-04-12,2.369349966
2025-04-13,2.429622241
2025-04-14,3.403740278
2025-04-15,2.170712593
2025-04-16,2.025383403
2025-04-17,2.083365663
2025-04-18,1.830186992
2025-04-19,1.607383839
2025-04-20,1.820058844
2025-04-21,2.070022343
2025-04-22,4.083496424
2025-04-23,3.106497862
2025-04-24,4.815758057
2025-04-25,2.831795415
2025-04-26,1.962794859
2025-04-27,1.688935609
2025-04-28,2.018652213
2025-04-29,1.897746821
2025-04-30,2.056109377
2025-05-01,2.274469823
2025-05-02,1.922044683
2025-05-03,1.600286173
2025-05-04,1.610348493
2025-05-05,1.66034868
2025-05-06,2.234145543
2025-05-07,2.824303617
2025-05-08,10.605956427
2025-05-09,7.027330684
2025-05-10,5.743085522
2025-05-11,6.103260882
2025-05-12,7.625094181
2025-05-13,6.28524474
2025-05-14,3.960070895
2025-05-15,4.553621208
2025-05-16,3.571573661
2025-05-17,1.986172421
2025-05-18,2.159048881
2025-05-19,2.84171666
2025-05-20,2.998179001
2025-05-21,4.331457367
2025-05-22,5.764466628
2025-05-23,4.234400481
2025-05-24,1.928494791
2025-05-25,1.909267016
2025-05-26,2.608181511
2025-05-27,5.764073137
2025-05-28,4.971158345
2025-05-29,5.083541649
2025-05-30,5.322968676
2025-05-31,2.484890924
2025-06-01,2.517117383
2025-06-02,4.546947815
2025-06-03,5.374636123
2025-06-04,4.684502563
2025-06-05,6.289566024
2025-06-06,3.783508039
2025-06-07,2.125469784
2025-06-08,2.01174879
2025-06-09,4.988530049
2025-06-10,5.46732877
2025-06-11,4.742341213
2025-06-12,4.646216734
2025-06-13,3.692210778
2025-06-14,1.552075657
2025-06-15,1.616757514
2025-06-16,3.155390581
2025-06-17,3.098594477
2025-06-18,2.425866937
2025-06-19,2.997076874
2025-06-20,3.240566296
2025-06-21,1.985754819
2025-06-22,4.335889816
2025-06-23,6.392709006
2025-06-24,6.312670681
2025-06-25,5.511041512
2025-06-26,3.394075456
2025-06-27,2.558047308
2025-06-28,1.673463794
2025-06-29,1.617895979
2025-06-30,3.528588508
2025-07-01,3.042457148
2025-07-02,2.868223249
2025-07-03,2.457315515
2025-07-04,2.086467305
2025-07-05,1.801170781
2025-07-06,1.679306328
2025-07-07,3.275093813
2025-07-08,2.592951186
2025-07-09,4.131697085
2025-07-10,5.776776032
2025-07-11,5.995168306
2025-07-12,2.098015939
2025-07-13,2.343560013
2025-07-14,5.68754327
2025-07-15,4.222543231
2025-07-16,7.1087325
2025-07-17,9.082722058
2025-07-18,7.076887805
2025-07-19,2.093302253
2025-07-20,3.195929553
2025-07-21,3.402599353
2025-07-22,2.511724086
2025-07-23,2.344637701
2025-07-24,2.033593609
2025-07-25,1.630283523
2025-07-26,1.305694836
2025-07-27,1.274785007
2025-07-28,1.695643636
2025-07-29,2.857980562
2025-07-30,3.429526098
2025-07-31,3.504879836
2025-08-01,1.770513816
2025-08-02,1.279113514
2025-08-03,1.170346742
2025-08-04,1.417993104
2025-08-05,2.094561877
2025-08-06,1.402894573
2025-08-07,1.705310226
2025-08-08,1.841048619
2025-08-09,1.745125826
2025-08-10,1.454925919
2025-08-11,1.926307616
2025-08-12,2.691847902
2025-08-13,3.246976457
2025-08-14,3.249827196
2025-08-15,1.931407341
2025-08-16,1.175611914
2025-08-17,1.222951061
2025-08-18,1.556372883
2025-08-19,1.798887048
2025-08-20,1.791693671
2025-08-21,1.768708287
2025-08-22,3.463428986
2025-08-23,1.313757843
2025-08-24,1.540974333
2025-08-25,1.715434279
2025-08-26,1.647727176
2025-08-27,1.986208666
2025-08-28,1.581695687
2025-08-29,1.531678913
2025-08-30,1.054472426
2025-08-31,1.017430567
2025-09-01,9.743984551
2025-09-02,1.332998941
2025-09-03,1.436243628
2025-09-04,1.560986328
2025-09-05,1.403371962
2025-09-06,1.052286834
2025-09-07,0.935644938
2025-09-08,1.45392211
2025-09-09,1.362261394
2025-09-10,1.523909854
2025-09-11,1.162071257
2025-09-12,1.294561731
2025-09-13,0.973574809
2025-09-14,0.9247067
2025-09-15,2.366629123
2025-09-16,1.518788358
2025-09-17,1.47208571
2025-09-18,2.776860613
2025-09-19,1.248780244
2025-09-20,0.87559133
2025-09-21,0.859087172
2025-09-22,1.631990592
2025-09-23,1.132495355
2025-09-24,1.418519282
2025-09-25,2.660190348
2025-09-26,1.415968961
2025-09-27,1.078367136
2025-09-28,1.031438926
2025-09-29,4.902395936
2025-09-30,1.574486404
2025-10-01,1.538437791
2025-10-02,1.489293615
2025-10-03,1.343145281
2025-10-04,0.878927946
2025-10-05,1.008529664
2025-10-06,1.816202034
2025-10-07,1.734895836
2025-10-08,1.180911997
2025-10-09,1.436954358
2025-10-10,18.202669951
2025-10-11,4.097660824
2025-10-12,1.671545966
2025-10-13,1.494701115
2025-10-14,1.66217211
2025-10-15,1.455371762
2025-10-16,1.663317577
2025-10-17,2.959400371
2025-10-18,0.933441069
2025-10-19,0.995222903
2025-10-20,1.041918239
2025-10-21,1.267298477
2025-10-22,1.155038828
2025-10-23,1.030895649
2025-10-24,1.11836102
2025-10-25,0.896052946
2025-10-26,0.944457836
2025-10-27,1.712261568
2025-10-28,1.088378435
2025-10-29,1.258323622
2025-10-30,1.564502534
2025-10-31,1.177681183
2025-11-01,0.958047231
2025-11-02,0.867209502
2025-11-03,2.307634255
2025-11-04,4.328428491
2025-11-05,1.681487069
2025-11-06,4.135649295
2025-11-07,2.348328431
2025-11-08,0.877634698
2025-11-09,0.852910104
2025-11-10,1.293738628
2025-11-11,1.195108882
2025-11-12,1.170259414
2025-11-13,1.615506287
2025-11-14,1.69883673
2025-11-15,0.796090911
2025-11-16,1.068857319
2025-11-17,1.508807389
2025-11-18,1.288564232
2025-11-19,1.441316281
2025-11-20,1.842610167
2025-11-21,2.535672883
2025-11-22,0.924448523
2025-11-23,0.818839781
2025-11-24,1.100016795
2025-11-25,1.13945093
2025-11-26,0.863433411
2025-11-27,0.676345182
2025-11-28,0.778051564
2025-11-29,0.683837838
2025-11-30,0.678234759
2025-12-01,0.990768079
2025-12-02,0.796254999
2025-12-03,0.71310036
2025-12-04,0.794273663
2025-12-05,0.681843605
2025-12-06,0.609739389
2025-12-07,1.063355798
2025-12-08,1.084894586
2025-12-09,1.093946225
2025-12-10,0.877608405
2025-12-11,0.843593555
2025-12-12,0.832656314
2025-12-13,0.723334976
2025-12-14,0.718966664
2025-12-15,0.833571133
2025-12-16,0.711669851
2025-12-17,0.749307518
2025-12-18,0.834906415
2025-12-19,0.754399045
2025-12-20,0.528959531
2025-12-21,0.511759541
2025-12-22,0.58142192
2025-12-23,0.562773452
2025-12-24,0.571729727
2025-12-25,0.532071851
2025-12-26,0.591606457
2025-12-27,0.497419228
2025-12-28,0.528426416
2025-12-29,0.530622769
2025-12-30,0.584539037
2025-12-31,0.55005994
2026-01-01,0.469673373
2026-01-02,0.590434627
2026-01-03,0.461913162
2026-01-04,0.52653024
2026-01-05,0.695472309
2026-01-06,0.800636889
2026-01-07,0.600816411
2026-01-08,0.690532648
2026-01-09,0.522255515
2026-01-10,0.434018934
2026-01-11,0.487573188
2026-01-12,0.508236546
2026-01-13,0.556322915
2026-01-14,0.565846975
2026-01-15,0.534491166
2026-01-16,0.367194175
2026-01-17,0.359253076
2026-01-18,0.481683232
2026-01-19,0.459796387
2026-01-20,0.584847628
2026-01-21,0.649308741
2026-01-22,0.547133041
2026-01-23,0.471639692
2026-01-24,0.431749268
2026-01-25,0.502405266
2026-01-26,0.569844131
2026-01-27,0.478628042
2026-01-28,0.537868931
2026-01-29,0.873888632
2026-01-30,1.167456963
2026-01-31,2.409506803
2026-02-01,0.789811372
2026-02-02,1.108820368
2026-02-03,0.945494521
2026-02-04,0.983006501
2026-02-05,4.25563142
2026-02-06,1.974050444
2026-02-07,0.673999517
2026-02-08,0.488113989
2026-02-09,0.580948922
2026-02-10,0.482048824
2026-02-11,0.692036004
2026-02-12,0.88589205
2026-02-13,0.600434607
2026-02-14,0.507208796
2026-02-15,0.640267925
2026-02-16,0.54388525
2026-02-17,0.649677674
2026-02-18,0.612977253
2026-02-19,0.597830382
2026-02-20,0.673717255
2026-02-21,0.536955734
2026-02-22,0.530602112
2026-02-23,0.600241917
2026-02-24,0.639890025
2026-02-25,0.712530447
2026-02-26,0.703437486
2026-02-27,0.696287201
2026-02-28,0.639116581
2026-03-01,0.626246858
2026-03-02,0.735204955
2026-03-03,0.774315911
2026-03-04,0.953545622
2026-03-05,0.682885913
2026-03-06,0.671146363
2026-03-07,0.561813558
2026-03-08,0.520383319
2026-03-09,0.620470928
2026-03-10,0.600004414
2026-03-11,0.627501085
2026-03-12,0.726032314
2026-03-13,0.725557376
2026-03-14,0.445918354
2026-03-15,0.539914842
2026-03-16,0.792791329
2026-03-17,0.586639961
2026-03-18,0.575700318
2026-03-19,0.54589192
2026-03-20,0.491943704
2026-03-21,0.377855549
2026-03-22,0.924947515
2026-03-23,0.621560118
2026-03-24,0.4849406
2026-03-25,0.559923921
2026-03-26,0.537239768
2026-03-27,0.532512702
2026-03-28,0.36449043
2026-03-29,0.615185051
2026-03-30,0.589462539
2026-03-31,0.722401071
2026-04-01,0.716506119
2026-04-02,0.646129823
2026-04-03,0.609789239
2026-04-04,0.457443393
2026-04-05,0.469697943
2026-04-06,0.534592975
2026-04-07,0.590708868
2026-04-08,0.640793647
2026-04-09,0.528408879
2026-04-10,0.564415314
2026-04-11,0.380064317
2026-04-12,0.365207754
2026-04-13,0.573588998
2026-04-14,0.576802734
2026-04-15,0.557412886
2026-04-16,0.770524214
2026-04-17,1.894369818
2026-04-18,1.826432633
2026-04-19,2.761692377
2026-04-20,3.294495825
2026-04-21,1.779175998
2026-04-22,4.970132338
2026-04-23,2.956102212
2026-04-24,2.355971267
2026-04-25,1.384712537
2026-04-26,2.191666965
2026-04-27,2.563492083
2026-04-28,1.852173472
2026-04-29,1.723338126
2026-04-30,1.78992393
2026-05-01,0.982868851
2026-05-02,0.628615714
2026-05-03,0.68261693
2026-05-04,1.384958476
2026-05-05,0.944814803
2026-05-06,1.391636039
2026-05-07,1.875088723
2026-05-08,2.412424797
2026-05-09,0.890816096
2026-05-10,1.208501453
2026-05-11,2.03246825
2026-05-12,1.532135569
2026-05-13,0.98777454
2026-05-14,1.155626116
2026-05-15,1.894474447
2026-05-16,1.098725753
2026-05-17,0.677858437
2026-05-18,0.947933591
2026-05-19,0.768558262
2026-05-20,0.941484893
2026-05-21,0.641086785
2026-05-22,0.614374726
2026-05-23,0.459439385
2026-05-24,0.446138757
2026-05-25,0.580334997
2026-05-26,0.661780785
2026-05-27,0.716012365
2026-05-28,1.017520606
2026-05-29,0.81073656
2026-05-30,0.507884043
2026-05-31,0.616750729
2026-06-01,1.078191082
2026-06-02,1.36660675
2026-06-03,1.321748918
2026-06-04,1.524569891
2026-06-05,2.760012303
2026-06-06,0.945041541
2026-06-07,0.811352498
2026-06-08,1.363200385
2026-06-09,0.772222643
2026-06-10,0.887965874
2026-06-11,0.77375502
2026-06-12,0.695997199
2026-06-13,0.437850397
2026-06-14,0.515608908
2026-06-15,1.046753109
2026-06-16,0.853885177
2026-06-17,0.771892332
2026-06-18,0.921486518
2026-06-19,0.727639091
2026-06-20,0.613293856
2026-06-21,0.382704248
2026-06-22,0.569254418
2026-06-23,0.639911989
2026-06-24,0.85026465
2026-06-25,1.06221259
2026-06-26,0.98169291
2026-06-27,0.702395869
2026-06-28,0.690107796
2026-06-29,0.929071693
2026-06-30,0.908839461
2026-07-01,0.837667513
2026-07-02,1.11807102
2026-07-03,0.734515839
2026-07-04,0.537452431
2026-07-05,0.406613631
2026-07-06,0.561217057
2026-07-07,0.535548146
2026-07-08,0.831917788
2026-07-09,0.500633121
2026-07-10,0.507238886
2026-07-11,0.356480984
2026-07-12,0.451343811
2026-07-13,0.482042203
2026-07-14,0.515274857
2026-07-15,0.543017761
2026-07-16,0.531551995
2026-07-17,0.510446631
2026-07-18,0.351060552
2026-07-19,0.491154676
2026-07-20,0.568834509
